{
    "metrics": {
        "http_req_blocked": {
            "max": 3.9614,
            "p(50)": 0,
            "p(75)": 0,
            "p(90)": 0,
            "p(95)": 0,
            "p(99)": 0.516318,
            "avg": 0.012484472010971194,
            "min": 0
        },
        "vus_max": {
            "max": 100,
            "value": 100,
            "min": 100
        },
        "iteration_duration": {
            "p(99)": 1027.77984,
            "avg": 1013.9540446702384,
            "min": 1004.5133,
            "max": 1069.5726,
            "p(50)": 1013.3837,
            "p(75)": 1016.4733,
            "p(90)": 1019.5998,
            "p(95)": 1021.6153
        },
        "data_sent": {
            "rate": 9724.316160547003,
            "count": 1467843
        },
        "http_req_duration{expected_response:true}": {
            "p(90)": 10.23753,
            "p(95)": 11.295209999999994,
            "p(99)": 14.428188000000006,
            "avg": 6.488748086273532,
            "min": 1.1431,
            "max": 64.3878,
            "p(50)": 5.8175,
            "p(75)": 8.3574
        },
        "http_req_tls_handshaking": {
            "p(50)": 0,
            "p(75)": 0,
            "p(90)": 0,
            "p(95)": 0,
            "p(99)": 0,
            "avg": 0,
            "min": 0,
            "max": 0
        },
        "vus": {
            "value": 23,
            "min": 1,
            "max": 100
        },
        "http_req_duration": {
            "min": 1.1431,
            "max": 64.3878,
            "p(50)": 5.8175,
            "p(75)": 8.3574,
            "p(90)": 10.23753,
            "p(95)": 11.295209999999994,
            "p(99)": 14.428188000000006,
            "avg": 6.488748086273532
        },
        "http_req_connecting": {
            "p(50)": 0,
            "p(75)": 0,
            "p(90)": 0,
            "p(95)": 0,
            "p(99)": 0,
            "avg": 0.005276330881436231,
            "min": 0,
            "max": 2.1159
        },
        "http_req_sending": {
            "p(90)": 0,
            "p(95)": 0,
            "p(99)": 0.553459,
            "avg": 0.021057374392220413,
            "min": 0,
            "max": 3.9924,
            "p(50)": 0,
            "p(75)": 0
        },
        "http_req_failed": {
            "passes": 0,
            "fails": 16042,
            "thresholds": {
                "rate<0.05": false
            },
            "value": 0
        },
        "http_reqs": {
            "count": 16042,
            "rate": 106.27667935024047
        },
        "http_req_waiting": {
            "max": 64.3878,
            "p(50)": 5.74455,
            "p(75)": 8.249875,
            "p(90)": 10.13634,
            "p(95)": 11.180674999999999,
            "p(99)": 14.2287,
            "avg": 6.396505273656649,
            "min": 1.1431
        },
        "http_req_receiving": {
            "max": 3.9929,
            "p(50)": 0,
            "p(75)": 0,
            "p(90)": 0.5043,
            "p(95)": 0.5235949999999998,
            "p(99)": 0.6486080000000002,
            "avg": 0.0711854382246602,
            "min": 0
        },
        "iterations": {
            "count": 8021,
            "rate": 53.138339675120235
        },
        "checks": {
            "passes": 16042,
            "fails": 0,
            "value": 1
        },
        "data_received": {
            "count": 5053230,
            "rate": 33477.153995325745
        }
    },
    "root_group": {
        "checks": {
            "products list ok": {
                "name": "products list ok",
                "path": "::products list ok",
                "id": "9510a9eed98727c4f6d467383c223a18",
                "passes": 8021,
                "fails": 0
            },
            "product ok": {
                "name": "product ok",
                "path": "::product ok",
                "id": "716e252b0c1f95f7b69e330791590bce",
                "passes": 8021,
                "fails": 0
            }
        },
        "name": "",
        "path": "",
        "id": "d41d8cd98f00b204e9800998ecf8427e",
        "groups": {}
    }
}