{
    "root_group": {
        "name": "",
        "path": "",
        "id": "d41d8cd98f00b204e9800998ecf8427e",
        "groups": {},
        "checks": {
                "products list ok": {
                    "name": "products list ok",
                    "path": "::products list ok",
                    "id": "9510a9eed98727c4f6d467383c223a18",
                    "passes": 8017,
                    "fails": 0
                },
                "product ok": {
                    "fails": 0,
                    "name": "product ok",
                    "path": "::product ok",
                    "id": "716e252b0c1f95f7b69e330791590bce",
                    "passes": 8017
                }
            }
    },
    "metrics": {
        "checks": {
            "passes": 16034,
            "fails": 0,
            "value": 1
        },
        "data_received": {
            "count": 5050710,
            "rate": 33457.0224336009
        },
        "iterations": {
            "count": 8017,
            "rate": 53.106384815239515
        },
        "vus": {
            "value": 22,
            "min": 1,
            "max": 100
        },
        "http_req_connecting": {
            "avg": 0.006049906448796308,
            "min": 0,
            "max": 5.7493,
            "p(50)": 0,
            "p(75)": 0,
            "p(90)": 0,
            "p(95)": 0,
            "p(99)": 0
        },
        "http_req_sending": {
            "avg": 0.018915953598602955,
            "min": 0,
            "max": 3.6652,
            "p(50)": 0,
            "p(75)": 0,
            "p(90)": 0,
            "p(95)": 0,
            "p(99)": 0.5460020000000001
        },
        "http_reqs": {
            "count": 16034,
            "rate": 106.21276963047903
        },
        "http_req_duration{expected_response:true}": {
            "max": 79.4743,
            "p(50)": 6.7354,
            "p(75)": 9.00135,
            "p(90)": 10.92961,
            "p(95)": 11.957405,
            "p(99)": 14.2889,
            "avg": 7.085185169015895,
            "min": 1.1801
        },
        "http_req_blocked": {
            "min": 0,
            "max": 5.7493,
            "p(50)": 0,
            "p(75)": 0,
            "p(90)": 0,
            "p(95)": 0,
            "p(99)": 0.5183,
            "avg": 0.012522751652737925
        },
        "http_req_duration": {
            "p(95)": 11.957405,
            "p(99)": 14.2889,
            "avg": 7.085185169015895,
            "min": 1.1801,
            "max": 79.4743,
            "p(50)": 6.7354,
            "p(75)": 9.00135,
            "p(90)": 10.92961
        },
        "vus_max": {
            "value": 100,
            "min": 100,
            "max": 100
        },
        "http_req_waiting": {
            "p(90)": 10.776220000000002,
            "p(95)": 11.824439999999994,
            "p(99)": 14.1658,
            "avg": 6.98873575527008,
            "min": 1.1801,
            "max": 78.5393,
            "p(50)": 6.6338,
            "p(75)": 8.8971
        },
        "iteration_duration": {
            "max": 1111.4347,
            "p(50)": 1014.1692,
            "p(75)": 1018.4182,
            "p(90)": 1021.69822,
            "p(95)": 1023.5579,
            "p(99)": 1027.458308,
            "avg": 1015.0630354870908,
            "min": 1004.8902
        },
        "http_req_failed": {
            "passes": 0,
            "fails": 16034,
            "thresholds": {
                "rate<0.05": false
            },
            "value": 0
        },
        "data_sent": {
            "count": 1467111,
            "rate": 9718.468421188833
        },
        "http_req_receiving": {
            "p(90)": 0.5065,
            "p(95)": 0.5344,
            "p(99)": 0.6489370000000001,
            "avg": 0.07753346014718705,
            "min": 0,
            "max": 3.0619,
            "p(50)": 0,
            "p(75)": 0
        },
        "http_req_tls_handshaking": {
            "p(90)": 0,
            "p(95)": 0,
            "p(99)": 0,
            "avg": 0,
            "min": 0,
            "max": 0,
            "p(50)": 0,
            "p(75)": 0
        }
    }
}