{
    "root_group": {
        "id": "d41d8cd98f00b204e9800998ecf8427e",
        "groups": {},
        "checks": {
                "login ok": {
                    "id": "0ddcda49e3a8b9d6d2e015dafbaafe65",
                    "passes": 300,
                    "fails": 0,
                    "name": "login ok",
                    "path": "::login ok"
                },
                "cart add ok": {
                    "id": "3476b21dcb095c2f01deccc20115d127",
                    "passes": 300,
                    "fails": 0,
                    "name": "cart add ok",
                    "path": "::cart add ok"
                },
                "cart get ok": {
                    "fails": 0,
                    "name": "cart get ok",
                    "path": "::cart get ok",
                    "id": "9d960ca6baf25ee48d3f3c991473fca0",
                    "passes": 300
                },
                "cart update ok": {
                    "fails": 0,
                    "name": "cart update ok",
                    "path": "::cart update ok",
                    "id": "07ee78e8bcccf32bc9963f8d3c17eecf",
                    "passes": 300
                },
                "cart remove ok": {
                    "name": "cart remove ok",
                    "path": "::cart remove ok",
                    "id": "31001ad0f6cf28a008d3b28f557b05a9",
                    "passes": 300,
                    "fails": 0
                }
            },
        "name": "",
        "path": ""
    },
    "metrics": {
        "http_req_waiting": {
            "p(75)": 4.7133,
            "p(90)": 6.313900000000009,
            "p(95)": 7.7383,
            "p(99)": 24.8442,
            "avg": 4.488995800000002,
            "min": 0.6777,
            "max": 60.513,
            "p(50)": 3.5867
        },
        "http_req_receiving": {
            "avg": 0.0794406666666666,
            "min": 0,
            "max": 3.2707,
            "p(50)": 0,
            "p(75)": 0,
            "p(90)": 0.50542,
            "p(95)": 0.5306,
            "p(99)": 1.0605979999999993
        },
        "iteration_duration": {
            "p(75)": 1023.5304,
            "p(90)": 1025.63175,
            "p(95)": 1028.7888,
            "p(99)": 1146.969163,
            "avg": 1025.5490870000003,
            "min": 1016.5108,
            "max": 1147.8019,
            "p(50)": 1020.9467
        },
        "data_sent": {
            "count": 892200,
            "rate": 28997.976671215525
        },
        "vus_max": {
            "value": 10,
            "min": 10,
            "max": 10
        },
        "http_req_duration": {
            "p(99)": 24.8442,
            "avg": 4.594324733333327,
            "min": 1.1084,
            "max": 61.0405,
            "p(50)": 3.67125,
            "p(75)": 4.8712,
            "p(90)": 6.383290000000009,
            "p(95)": 7.7383
        },
        "http_req_tls_handshaking": {
            "min": 0,
            "max": 0,
            "p(50)": 0,
            "p(75)": 0,
            "p(90)": 0,
            "p(95)": 0,
            "p(99)": 0,
            "avg": 0
        },
        "http_req_sending": {
            "p(95)": 0,
            "p(99)": 0.6090929999999994,
            "avg": 0.02588826666666667,
            "min": 0,
            "max": 2.1841,
            "p(50)": 0,
            "p(75)": 0,
            "p(90)": 0
        },
        "http_req_failed": {
            "passes": 0,
            "fails": 1500,
            "thresholds": {
                "rate<0.02": false
            },
            "value": 0
        },
        "http_req_duration{expected_response:true}": {
            "avg": 4.594324733333327,
            "min": 1.1084,
            "max": 61.0405,
            "p(50)": 3.67125,
            "p(75)": 4.8712,
            "p(90)": 6.383290000000009,
            "p(95)": 7.7383,
            "p(99)": 24.8442
        },
        "iterations": {
            "count": 300,
            "rate": 9.750496526972267
        },
        "http_reqs": {
            "count": 1500,
            "rate": 48.75248263486134
        },
        "http_req_blocked": {
            "p(75)": 0,
            "p(90)": 0,
            "p(95)": 0,
            "p(99)": 0.5262889999999999,
            "avg": 0.07284566666666666,
            "min": 0,
            "max": 10.2638,
            "p(50)": 0
        },
        "http_req_connecting": {
            "min": 0,
            "max": 0.9437,
            "p(50)": 0,
            "p(75)": 0,
            "p(90)": 0,
            "p(95)": 0,
            "p(99)": 0,
            "avg": 0.004593333333333333
        },
        "checks": {
            "passes": 1500,
            "fails": 0,
            "value": 1
        },
        "vus": {
            "value": 10,
            "min": 10,
            "max": 10
        },
        "data_received": {
            "count": 600600,
            "rate": 19520.49404699848
        }
    }
}