{
    "root_group": {
        "name": "",
        "path": "",
        "id": "d41d8cd98f00b204e9800998ecf8427e",
        "groups": {},
        "checks": {
                "products list ok": {
                    "passes": 8019,
                    "fails": 0,
                    "name": "products list ok",
                    "path": "::products list ok",
                    "id": "9510a9eed98727c4f6d467383c223a18"
                },
                "product ok": {
                    "id": "716e252b0c1f95f7b69e330791590bce",
                    "passes": 8019,
                    "fails": 0,
                    "name": "product ok",
                    "path": "::product ok"
                }
            }
    },
    "metrics": {
        "http_req_sending": {
            "p(75)": 0,
            "p(90)": 0,
            "p(95)": 0,
            "p(99)": 0.5684,
            "avg": 0.023010637236563197,
            "min": 0,
            "max": 6.4845,
            "p(50)": 0
        },
        "checks": {
            "passes": 16038,
            "fails": 0,
            "value": 1
        },
        "iteration_duration": {
            "max": 1066.7805,
            "p(50)": 1014.0961,
            "p(75)": 1017.3466,
            "p(90)": 1020.7663,
            "p(95)": 1022.9612,
            "p(99)": 1028.026816,
            "avg": 1014.6865342187311,
            "min": 1004.9763
        },
        "http_req_failed": {
            "passes": 0,
            "fails": 16038,
            "thresholds": {
                "rate<0.05": false
            },
            "value": 0
        },
        "http_req_duration{expected_response:true}": {
            "min": 1.2211,
            "max": 56.003,
            "p(50)": 6.48975,
            "p(75)": 8.720125,
            "p(90)": 10.5024,
            "p(95)": 11.618099999999998,
            "p(99)": 14.2847,
            "avg": 6.8306736812569975
        },
        "http_reqs": {
            "count": 16038,
            "rate": 106.26542404481663
        },
        "http_req_waiting": {
            "avg": 6.730571617408626,
            "min": 1.2211,
            "max": 55.7743,
            "p(50)": 6.3758,
            "p(75)": 8.622825,
            "p(90)": 10.39466,
            "p(95)": 11.516419999999998,
            "p(99)": 14.172
        },
        "data_sent": {
            "count": 1467477,
            "rate": 9723.286300100723
        },
        "iterations": {
            "count": 8019,
            "rate": 53.13271202240831
        },
        "http_req_receiving": {
            "p(90)": 0.5056,
            "p(95)": 0.5287,
            "p(99)": 0.6325599999999983,
            "avg": 0.07709142661179695,
            "min": 0,
            "max": 15.7506,
            "p(50)": 0,
            "p(75)": 0
        },
        "vus": {
            "min": 1,
            "max": 100,
            "value": 22
        },
        "vus_max": {
            "value": 100,
            "min": 100,
            "max": 100
        },
        "http_req_blocked": {
            "avg": 0.013956029430103503,
            "min": 0,
            "max": 5.1426,
            "p(50)": 0,
            "p(75)": 0,
            "p(90)": 0,
            "p(95)": 0,
            "p(99)": 0.5256
        },
        "data_received": {
            "rate": 33473.60857411724,
            "count": 5051970
        },
        "http_req_tls_handshaking": {
            "p(75)": 0,
            "p(90)": 0,
            "p(95)": 0,
            "p(99)": 0,
            "avg": 0,
            "min": 0,
            "max": 0,
            "p(50)": 0
        },
        "http_req_duration": {
            "p(50)": 6.48975,
            "p(75)": 8.720125,
            "p(90)": 10.5024,
            "p(95)": 11.618099999999998,
            "p(99)": 14.2847,
            "avg": 6.8306736812569975,
            "min": 1.2211,
            "max": 56.003
        },
        "http_req_connecting": {
            "p(50)": 0,
            "p(75)": 0,
            "p(90)": 0,
            "p(95)": 0,
            "p(99)": 0,
            "avg": 0.00598065843621399,
            "min": 0,
            "max": 3.2119
        }
    }
}