{
    "metrics": {
        "checks": {
            "passes": 16032,
            "fails": 0,
            "value": 1
        },
        "http_req_duration{expected_response:true}": {
            "max": 52.0294,
            "p(50)": 6.4993,
            "p(75)": 8.952575,
            "p(90)": 10.8006,
            "p(95)": 11.908414999999996,
            "p(99)": 14.7173,
            "avg": 6.907646039171634,
            "min": 1.5246
        },
        "http_req_connecting": {
            "max": 4.3792,
            "p(50)": 0,
            "p(75)": 0,
            "p(90)": 0,
            "p(95)": 0,
            "p(99)": 0,
            "avg": 0.006327457584830338,
            "min": 0
        },
        "data_received": {
            "count": 5050080,
            "rate": 33443.98372690803
        },
        "iteration_duration": {
            "p(95)": 1023.27345,
            "p(99)": 1027.956645,
            "avg": 1014.7987799650775,
            "min": 1004.4644,
            "max": 1060.1982,
            "p(50)": 1014.1985999999999,
            "p(75)": 1017.605875,
            "p(90)": 1021.2398000000001
        },
        "vus": {
            "value": 1,
            "min": 1,
            "max": 100
        },
        "http_req_waiting": {
            "p(75)": 8.8404,
            "p(90)": 10.66757,
            "p(95)": 11.7823,
            "p(99)": 14.570925,
            "avg": 6.809964159181611,
            "min": 1.5246,
            "max": 52.0294,
            "p(50)": 6.41015
        },
        "http_req_tls_handshaking": {
            "avg": 0,
            "min": 0,
            "max": 0,
            "p(50)": 0,
            "p(75)": 0,
            "p(90)": 0,
            "p(95)": 0,
            "p(99)": 0
        },
        "vus_max": {
            "value": 100,
            "min": 100,
            "max": 100
        },
        "data_sent": {
            "rate": 9714.68098733995,
            "count": 1466928
        },
        "http_req_receiving": {
            "p(90)": 0.505,
            "p(95)": 0.5264349999999997,
            "p(99)": 0.646,
            "avg": 0.07603930888223527,
            "min": 0,
            "max": 7.4148,
            "p(50)": 0,
            "p(75)": 0
        },
        "http_reqs": {
            "count": 16032,
            "rate": 106.17137691081913
        },
        "http_req_sending": {
            "p(95)": 0,
            "p(99)": 0.5465830000000004,
            "avg": 0.021642571107784433,
            "min": 0,
            "max": 3.1257,
            "p(50)": 0,
            "p(75)": 0,
            "p(90)": 0
        },
        "http_req_duration": {
            "avg": 6.907646039171634,
            "min": 1.5246,
            "max": 52.0294,
            "p(50)": 6.4993,
            "p(75)": 8.952575,
            "p(90)": 10.8006,
            "p(95)": 11.908414999999996,
            "p(99)": 14.7173
        },
        "http_req_failed": {
            "fails": 16032,
            "passes": 0,
            "thresholds": {
                "rate<0.05": false
            },
            "value": 0
        },
        "iterations": {
            "count": 8016,
            "rate": 53.08568845540957
        },
        "http_req_blocked": {
            "p(75)": 0,
            "p(90)": 0,
            "p(95)": 0,
            "p(99)": 0.5172,
            "avg": 0.013110872005988029,
            "min": 0,
            "max": 4.9037,
            "p(50)": 0
        }
    },
    "root_group": {
        "name": "",
        "path": "",
        "id": "d41d8cd98f00b204e9800998ecf8427e",
        "groups": {},
        "checks": {
                "products list ok": {
                    "path": "::products list ok",
                    "id": "9510a9eed98727c4f6d467383c223a18",
                    "passes": 8016,
                    "fails": 0,
                    "name": "products list ok"
                },
                "product ok": {
                    "name": "product ok",
                    "path": "::product ok",
                    "id": "716e252b0c1f95f7b69e330791590bce",
                    "passes": 8016,
                    "fails": 0
                }
            }
    }
}