{
    "root_group": {
        "id": "d41d8cd98f00b204e9800998ecf8427e",
        "groups": {},
        "checks": {
                "products list ok": {
                    "name": "products list ok",
                    "path": "::products list ok",
                    "id": "9510a9eed98727c4f6d467383c223a18",
                    "passes": 8026,
                    "fails": 0
                },
                "product ok": {
                    "path": "::product ok",
                    "id": "716e252b0c1f95f7b69e330791590bce",
                    "passes": 8026,
                    "fails": 0,
                    "name": "product ok"
                }
            },
        "name": "",
        "path": ""
    },
    "metrics": {
        "http_reqs": {
            "count": 16052,
            "rate": 106.35181568083873
        },
        "vus": {
            "value": 22,
            "min": 1,
            "max": 100
        },
        "data_sent": {
            "rate": 9731.191134796743,
            "count": 1468758
        },
        "http_req_blocked": {
            "p(99)": 0.5159449999999999,
            "avg": 0.013682463244455515,
            "min": 0,
            "max": 4.3817,
            "p(50)": 0,
            "p(75)": 0,
            "p(90)": 0,
            "p(95)": 0
        },
        "http_req_sending": {
            "p(75)": 0,
            "p(90)": 0,
            "p(95)": 0,
            "p(99)": 0.5545879999999997,
            "avg": 0.021093558435085973,
            "min": 0,
            "max": 9.7206,
            "p(50)": 0
        },
        "http_req_duration{expected_response:true}": {
            "p(75)": 8.019,
            "p(90)": 9.961669999999998,
            "p(95)": 11.127644999999998,
            "p(99)": 14.1817,
            "avg": 6.327763418888633,
            "min": 1.4256,
            "max": 52.1344,
            "p(50)": 5.6968499999999995
        },
        "http_req_waiting": {
            "p(90)": 9.8492,
            "p(95)": 10.9996,
            "p(99)": 13.973268,
            "avg": 6.230171897582875,
            "min": 1.4256,
            "max": 51.6299,
            "p(50)": 5.57925,
            "p(75)": 7.9239
        },
        "http_req_receiving": {
            "p(99)": 0.7079129999999991,
            "avg": 0.07649796287067036,
            "min": 0,
            "max": 19.1104,
            "p(50)": 0,
            "p(75)": 0,
            "p(90)": 0.5051,
            "p(95)": 0.5282449999999999
        },
        "iterations": {
            "count": 8026,
            "rate": 53.17590784041936
        },
        "http_req_failed": {
            "passes": 0,
            "fails": 16052,
            "thresholds": {
                "rate<0.05": false
            },
            "value": 0
        },
        "vus_max": {
            "value": 100,
            "min": 100,
            "max": 100
        },
        "http_req_tls_handshaking": {
            "max": 0,
            "p(50)": 0,
            "p(75)": 0,
            "p(90)": 0,
            "p(95)": 0,
            "p(99)": 0,
            "avg": 0,
            "min": 0
        },
        "http_req_connecting": {
            "p(90)": 0,
            "p(95)": 0,
            "p(99)": 0,
            "avg": 0.005766097682531773,
            "min": 0,
            "max": 3.0816,
            "p(50)": 0,
            "p(75)": 0
        },
        "data_received": {
            "count": 5056380,
            "rate": 33500.8219394642
        },
        "iteration_duration": {
            "p(90)": 1019.45295,
            "p(95)": 1021.4792,
            "p(99)": 1025.8818,
            "avg": 1013.6025570396223,
            "min": 1005.0208,
            "max": 1070.4133,
            "p(50)": 1012.85005,
            "p(75)": 1015.95875
        },
        "http_req_duration": {
            "p(50)": 5.6968499999999995,
            "p(75)": 8.019,
            "p(90)": 9.961669999999998,
            "p(95)": 11.127644999999998,
            "p(99)": 14.1817,
            "avg": 6.327763418888633,
            "min": 1.4256,
            "max": 52.1344
        },
        "checks": {
            "fails": 0,
            "passes": 16052,
            "value": 1
        }
    }
}