{
    "root_group": {
        "groups": {},
        "checks": {
                "login ok": {
                    "name": "login ok",
                    "path": "::login ok",
                    "id": "0ddcda49e3a8b9d6d2e015dafbaafe65",
                    "passes": 300,
                    "fails": 0
                },
                "cart add ok": {
                    "name": "cart add ok",
                    "path": "::cart add ok",
                    "id": "3476b21dcb095c2f01deccc20115d127",
                    "passes": 300,
                    "fails": 0
                },
                "cart get ok": {
                    "passes": 300,
                    "fails": 0,
                    "name": "cart get ok",
                    "path": "::cart get ok",
                    "id": "9d960ca6baf25ee48d3f3c991473fca0"
                },
                "cart update ok": {
                    "fails": 0,
                    "name": "cart update ok",
                    "path": "::cart update ok",
                    "id": "07ee78e8bcccf32bc9963f8d3c17eecf",
                    "passes": 300
                },
                "cart remove ok": {
                    "passes": 300,
                    "fails": 0,
                    "name": "cart remove ok",
                    "path": "::cart remove ok",
                    "id": "31001ad0f6cf28a008d3b28f557b05a9"
                }
            },
        "name": "",
        "path": "",
        "id": "d41d8cd98f00b204e9800998ecf8427e"
    },
    "metrics": {
        "http_req_duration": {
            "max": 64.3371,
            "p(50)": 3.9463,
            "p(75)": 5.5381,
            "p(90)": 8.3574,
            "p(95)": 9.879,
            "p(99)": 31.3007,
            "avg": 5.279168066666671,
            "min": 1.2446
        },
        "vus_max": {
            "value": 10,
            "min": 10,
            "max": 10
        },
        "http_req_blocked": {
            "p(90)": 0,
            "p(95)": 0,
            "p(99)": 0.5147,
            "avg": 0.08146886666666668,
            "min": 0,
            "max": 12.4055,
            "p(50)": 0,
            "p(75)": 0
        },
        "http_req_sending": {
            "p(90)": 0,
            "p(95)": 0.05757999999999938,
            "p(99)": 0.7047389999999999,
            "avg": 0.02968233333333333,
            "min": 0,
            "max": 2.0119,
            "p(50)": 0,
            "p(75)": 0
        },
        "data_received": {
            "count": 600600,
            "rate": 19453.438636746552
        },
        "data_sent": {
            "count": 892200,
            "rate": 28898.36488795417
        },
        "iterations": {
            "count": 300,
            "rate": 9.717002316057219
        },
        "http_req_failed": {
            "passes": 0,
            "fails": 1500,
            "thresholds": {
                "rate<0.02": false
            },
            "value": 0
        },
        "http_req_duration{expected_response:true}": {
            "avg": 5.279168066666671,
            "min": 1.2446,
            "max": 64.3371,
            "p(50)": 3.9463,
            "p(75)": 5.5381,
            "p(90)": 8.3574,
            "p(95)": 9.879,
            "p(99)": 31.3007
        },
        "vus": {
            "value": 10,
            "min": 10,
            "max": 10
        },
        "http_req_connecting": {
            "p(95)": 0,
            "p(99)": 0,
            "avg": 0.0066071333333333334,
            "min": 0,
            "max": 1.8861,
            "p(50)": 0,
            "p(75)": 0,
            "p(90)": 0
        },
        "http_req_receiving": {
            "p(95)": 0.5262249999999999,
            "p(99)": 0.7021069999999998,
            "avg": 0.07874993333333336,
            "min": 0,
            "max": 2.5632,
            "p(50)": 0,
            "p(75)": 0,
            "p(90)": 0.50642
        },
        "checks": {
            "passes": 1500,
            "fails": 0,
            "value": 1
        },
        "http_req_waiting": {
            "p(75)": 5.36105,
            "p(90)": 8.2903,
            "p(95)": 9.7624,
            "p(99)": 31.3007,
            "avg": 5.170735799999994,
            "min": 1.0936,
            "max": 63.8314,
            "p(50)": 3.8653
        },
        "http_req_tls_handshaking": {
            "p(95)": 0,
            "p(99)": 0,
            "avg": 0,
            "min": 0,
            "max": 0,
            "p(50)": 0,
            "p(75)": 0,
            "p(90)": 0
        },
        "http_reqs": {
            "count": 1500,
            "rate": 48.5850115802861
        },
        "iteration_duration": {
            "min": 1013.9033,
            "max": 1156.7922,
            "p(50)": 1023.5612,
            "p(75)": 1027.3224,
            "p(90)": 1034.61062,
            "p(95)": 1048.9975,
            "p(99)": 1156.1562,
            "avg": 1029.0260570000005
        }
    }
}