{
    "root_group": {
        "path": "",
        "id": "d41d8cd98f00b204e9800998ecf8427e",
        "groups": {},
        "checks": {
                "products list ok": {
                    "name": "products list ok",
                    "path": "::products list ok",
                    "id": "9510a9eed98727c4f6d467383c223a18",
                    "passes": 600,
                    "fails": 0
                },
                "product ok": {
                    "name": "product ok",
                    "path": "::product ok",
                    "id": "716e252b0c1f95f7b69e330791590bce",
                    "passes": 600,
                    "fails": 0
                }
            },
        "name": ""
    },
    "metrics": {
        "http_req_waiting": {
            "p(95)": 13.5187,
            "p(99)": 40.269822,
            "avg": 7.925555166666679,
            "min": 2.8773,
            "max": 48.0094,
            "p(50)": 6.63555,
            "p(75)": 8.96765,
            "p(90)": 11.1793
        },
        "http_req_duration{expected_response:true}": {
            "p(99)": 40.5555,
            "avg": 8.05360308333335,
            "min": 2.8773,
            "max": 48.5419,
            "p(50)": 6.7387,
            "p(75)": 9.215375000000002,
            "p(90)": 11.2028,
            "p(95)": 13.528539999999992
        },
        "data_received": {
            "count": 378000,
            "rate": 12366.548785212157
        },
        "http_req_failed": {
            "passes": 0,
            "fails": 1200,
            "thresholds": {
                "rate<0.01": false
            },
            "value": 0
        },
        "data_sent": {
            "count": 109800,
            "rate": 3592.187980466388
        },
        "iteration_duration": {
            "avg": 1018.7070601666667,
            "min": 1008.6519,
            "max": 1083.3848,
            "p(50)": 1016.5372,
            "p(75)": 1018.59845,
            "p(90)": 1021.94553,
            "p(95)": 1024.359,
            "p(99)": 1077.6206
        },
        "http_req_blocked": {
            "min": 0,
            "max": 13.204,
            "p(50)": 0,
            "p(75)": 0,
            "p(90)": 0,
            "p(95)": 0,
            "p(99)": 11.6972,
            "avg": 0.20989025000000006
        },
        "checks": {
            "passes": 1200,
            "fails": 0,
            "value": 1
        },
        "vus_max": {
            "min": 20,
            "max": 20,
            "value": 20
        },
        "iterations": {
            "count": 600,
            "rate": 19.62944251620977
        },
        "http_req_receiving": {
            "min": 0,
            "max": 2.452,
            "p(50)": 0,
            "p(75)": 0,
            "p(90)": 0.5067,
            "p(95)": 0.5265,
            "p(99)": 1.1337089999999996,
            "avg": 0.09196675000000003
        },
        "http_reqs": {
            "count": 1200,
            "rate": 39.25888503241954
        },
        "http_req_duration": {
            "avg": 8.05360308333335,
            "min": 2.8773,
            "max": 48.5419,
            "p(50)": 6.7387,
            "p(75)": 9.215375000000002,
            "p(90)": 11.2028,
            "p(95)": 13.528539999999992,
            "p(99)": 40.5555
        },
        "http_req_connecting": {
            "min": 0,
            "max": 2.2759,
            "p(50)": 0,
            "p(75)": 0,
            "p(90)": 0,
            "p(95)": 0,
            "p(99)": 1.7662,
            "avg": 0.031146666666666666
        },
        "vus": {
            "max": 20,
            "value": 20,
            "min": 20
        },
        "http_req_tls_handshaking": {
            "avg": 0,
            "min": 0,
            "max": 0,
            "p(50)": 0,
            "p(75)": 0,
            "p(90)": 0,
            "p(95)": 0,
            "p(99)": 0
        },
        "http_req_sending": {
            "max": 2.9477,
            "p(50)": 0,
            "p(75)": 0,
            "p(90)": 0,
            "p(95)": 0,
            "p(99)": 0.9993779999999999,
            "avg": 0.036081166666666664,
            "min": 0
        }
    }
}