{
    "root_group": {
        "id": "d41d8cd98f00b204e9800998ecf8427e",
        "groups": {},
        "checks": {
                "login ok": {
                    "id": "0ddcda49e3a8b9d6d2e015dafbaafe65",
                    "passes": 300,
                    "fails": 0,
                    "name": "login ok",
                    "path": "::login ok"
                },
                "cart add ok": {
                    "id": "3476b21dcb095c2f01deccc20115d127",
                    "passes": 300,
                    "fails": 0,
                    "name": "cart add ok",
                    "path": "::cart add ok"
                },
                "cart get ok": {
                    "name": "cart get ok",
                    "path": "::cart get ok",
                    "id": "9d960ca6baf25ee48d3f3c991473fca0",
                    "passes": 300,
                    "fails": 0
                },
                "cart update ok": {
                    "name": "cart update ok",
                    "path": "::cart update ok",
                    "id": "07ee78e8bcccf32bc9963f8d3c17eecf",
                    "passes": 300,
                    "fails": 0
                },
                "cart remove ok": {
                    "name": "cart remove ok",
                    "path": "::cart remove ok",
                    "id": "31001ad0f6cf28a008d3b28f557b05a9",
                    "passes": 300,
                    "fails": 0
                }
            },
        "name": "",
        "path": ""
    },
    "metrics": {
        "http_req_waiting": {
            "min": 1.0794,
            "max": 60.6224,
            "p(50)": 4.0007,
            "p(75)": 6.21035,
            "p(90)": 8.431460000000012,
            "p(95)": 9.707229999999997,
            "p(99)": 25.8288,
            "avg": 5.244465533333335
        },
        "iterations": {
            "count": 300,
            "rate": 9.713078761568472
        },
        "http_req_sending": {
            "p(99)": 0.5497399999999999,
            "avg": 0.03204733333333333,
            "min": 0,
            "max": 2.5369,
            "p(50)": 0,
            "p(75)": 0,
            "p(90)": 0,
            "p(95)": 0.18559499999999546
        },
        "http_req_duration": {
            "p(90)": 8.5946,
            "p(95)": 9.87225,
            "p(99)": 25.84099099999999,
            "avg": 5.359595933333341,
            "min": 1.0794,
            "max": 62.0193,
            "p(50)": 4.1437,
            "p(75)": 6.2871
        },
        "vus": {
            "value": 10,
            "min": 10,
            "max": 10
        },
        "data_sent": {
            "rate": 28886.696236904634,
            "count": 892200
        },
        "http_req_connecting": {
            "p(50)": 0,
            "p(75)": 0,
            "p(90)": 0,
            "p(95)": 0,
            "p(99)": 0,
            "avg": 0.0072471333333333325,
            "min": 0,
            "max": 1.5151
        },
        "vus_max": {
            "max": 10,
            "value": 10,
            "min": 10
        },
        "iteration_duration": {
            "min": 1016.8054,
            "max": 1151.5812,
            "p(50)": 1024.5588,
            "p(75)": 1029.374825,
            "p(90)": 1035.5810000000001,
            "p(95)": 1038.0021350000002,
            "p(99)": 1150.5816,
            "avg": 1029.4825683333338
        },
        "data_received": {
            "rate": 19445.58368066008,
            "count": 600600
        },
        "http_reqs": {
            "count": 1500,
            "rate": 48.565393807842355
        },
        "http_req_duration{expected_response:true}": {
            "min": 1.0794,
            "max": 62.0193,
            "p(50)": 4.1437,
            "p(75)": 6.2871,
            "p(90)": 8.5946,
            "p(95)": 9.87225,
            "p(99)": 25.84099099999999,
            "avg": 5.359595933333341
        },
        "checks": {
            "fails": 0,
            "passes": 1500,
            "value": 1
        },
        "http_req_blocked": {
            "p(90)": 0,
            "p(95)": 0,
            "p(99)": 0.554156,
            "avg": 0.07804746666666665,
            "min": 0,
            "max": 10.6183,
            "p(50)": 0,
            "p(75)": 0
        },
        "http_req_tls_handshaking": {
            "max": 0,
            "p(50)": 0,
            "p(75)": 0,
            "p(90)": 0,
            "p(95)": 0,
            "p(99)": 0,
            "avg": 0,
            "min": 0
        },
        "http_req_receiving": {
            "p(95)": 0.5382,
            "p(99)": 1.0018,
            "avg": 0.08308306666666666,
            "min": 0,
            "max": 3.352,
            "p(50)": 0,
            "p(75)": 0,
            "p(90)": 0.50721
        },
        "http_req_failed": {
            "passes": 0,
            "fails": 1500,
            "thresholds": {
                "rate<0.02": false
            },
            "value": 0
        }
    }
}