{
    "root_group": {
        "groups": {},
        "checks": {
                "login ok": {
                    "path": "::login ok",
                    "id": "0ddcda49e3a8b9d6d2e015dafbaafe65",
                    "passes": 300,
                    "fails": 0,
                    "name": "login ok"
                },
                "cart add ok": {
                    "id": "3476b21dcb095c2f01deccc20115d127",
                    "passes": 300,
                    "fails": 0,
                    "name": "cart add ok",
                    "path": "::cart add ok"
                },
                "cart get ok": {
                    "id": "9d960ca6baf25ee48d3f3c991473fca0",
                    "passes": 300,
                    "fails": 0,
                    "name": "cart get ok",
                    "path": "::cart get ok"
                },
                "cart update ok": {
                    "id": "07ee78e8bcccf32bc9963f8d3c17eecf",
                    "passes": 300,
                    "fails": 0,
                    "name": "cart update ok",
                    "path": "::cart update ok"
                },
                "cart remove ok": {
                    "name": "cart remove ok",
                    "path": "::cart remove ok",
                    "id": "31001ad0f6cf28a008d3b28f557b05a9",
                    "passes": 300,
                    "fails": 0
                }
            },
        "name": "",
        "path": "",
        "id": "d41d8cd98f00b204e9800998ecf8427e"
    },
    "metrics": {
        "http_req_receiving": {
            "p(75)": 0,
            "p(90)": 0.5059100000000001,
            "p(95)": 0.5307,
            "p(99)": 1.0070089999999998,
            "avg": 0.08565206666666669,
            "min": 0,
            "max": 3.3214,
            "p(50)": 0
        },
        "checks": {
            "passes": 1500,
            "fails": 0,
            "value": 1
        },
        "http_req_sending": {
            "max": 3.3214,
            "p(50)": 0,
            "p(75)": 0,
            "p(90)": 0,
            "p(95)": 0.504005,
            "p(99)": 1.0110869999999996,
            "avg": 0.043378733333333336,
            "min": 0
        },
        "http_req_waiting": {
            "p(75)": 5.82095,
            "p(90)": 7.7992,
            "p(95)": 9.1507,
            "p(99)": 24.3529,
            "avg": 5.053815600000028,
            "min": 1.0271,
            "max": 57.2545,
            "p(50)": 4.087149999999999
        },
        "http_req_failed": {
            "passes": 0,
            "fails": 1500,
            "thresholds": {
                "rate<0.02": false
            },
            "value": 0
        },
        "vus_max": {
            "value": 10,
            "min": 10,
            "max": 10
        },
        "data_received": {
            "count": 600600,
            "rate": 19449.05421282997
        },
        "http_req_duration": {
            "max": 57.2545,
            "p(50)": 4.1638,
            "p(75)": 5.9797,
            "p(90)": 8.1386,
            "p(95)": 9.304095,
            "p(99)": 24.3529,
            "avg": 5.182846400000028,
            "min": 1.0271
        },
        "iteration_duration": {
            "p(75)": 1028.2260999999999,
            "p(90)": 1034.0345,
            "p(95)": 1036.786785,
            "p(99)": 1141.4175,
            "avg": 1029.202302,
            "min": 1016.7473,
            "max": 1142.2104,
            "p(50)": 1025.2487999999998
        },
        "http_req_blocked": {
            "p(50)": 0,
            "p(75)": 0,
            "p(90)": 0,
            "p(95)": 0,
            "p(99)": 0.5556039999999964,
            "avg": 0.07278733333333336,
            "min": 0,
            "max": 9.3439
        },
        "http_reqs": {
            "count": 1500,
            "rate": 48.57406147060432
        },
        "http_req_duration{expected_response:true}": {
            "avg": 5.182846400000028,
            "min": 1.0271,
            "max": 57.2545,
            "p(50)": 4.1638,
            "p(75)": 5.9797,
            "p(90)": 8.1386,
            "p(95)": 9.304095,
            "p(99)": 24.3529
        },
        "vus": {
            "value": 10,
            "min": 10,
            "max": 10
        },
        "iterations": {
            "count": 300,
            "rate": 9.714812294120865
        },
        "http_req_connecting": {
            "p(50)": 0,
            "p(75)": 0,
            "p(90)": 0,
            "p(95)": 0,
            "p(99)": 0,
            "avg": 0.0042233999999999996,
            "min": 0,
            "max": 1.0872
        },
        "http_req_tls_handshaking": {
            "p(90)": 0,
            "p(95)": 0,
            "p(99)": 0,
            "avg": 0,
            "min": 0,
            "max": 0,
            "p(50)": 0,
            "p(75)": 0
        },
        "data_sent": {
            "count": 892200,
            "rate": 28891.85176271545
        }
    }
}