{
    "metrics": {
        "vus_max": {
            "value": 20,
            "min": 20,
            "max": 20
        },
        "http_req_duration": {
            "p(50)": 6.41465,
            "p(75)": 8.7725,
            "p(90)": 10.344,
            "p(95)": 11.74786,
            "p(99)": 24.540367999999997,
            "avg": 7.3485639999999846,
            "min": 3.1651,
            "max": 32.0984
        },
        "http_req_tls_handshaking": {
            "p(50)": 0,
            "p(75)": 0,
            "p(90)": 0,
            "p(95)": 0,
            "p(99)": 0,
            "avg": 0,
            "min": 0,
            "max": 0
        },
        "http_req_waiting": {
            "avg": 7.211695166666647,
            "min": 2.9363,
            "max": 32.0984,
            "p(50)": 6.34535,
            "p(75)": 8.5171,
            "p(90)": 10.226360000000001,
            "p(95)": 11.328949999999999,
            "p(99)": 24.345824
        },
        "checks": {
            "fails": 0,
            "passes": 1200,
            "value": 1
        },
        "data_sent": {
            "count": 109800,
            "rate": 3598.6665465581664
        },
        "iterations": {
            "count": 600,
            "rate": 19.66484451671129
        },
        "http_req_duration{expected_response:true}": {
            "p(95)": 11.74786,
            "p(99)": 24.540367999999997,
            "avg": 7.3485639999999846,
            "min": 3.1651,
            "max": 32.0984,
            "p(50)": 6.41465,
            "p(75)": 8.7725,
            "p(90)": 10.344
        },
        "http_req_sending": {
            "p(99)": 1.009487,
            "avg": 0.05006216666666664,
            "min": 0,
            "max": 2.1943,
            "p(50)": 0,
            "p(75)": 0,
            "p(90)": 0,
            "p(95)": 0.5074549999999999
        },
        "iteration_duration": {
            "p(75)": 1017.3248,
            "p(90)": 1019.7358,
            "p(95)": 1022.258245,
            "p(99)": 1058.5319,
            "avg": 1016.899809333333,
            "min": 1009.4375,
            "max": 1060.7487,
            "p(50)": 1015.1058
        },
        "http_req_failed": {
            "passes": 0,
            "fails": 1200,
            "thresholds": {
                "rate<0.01": false
            },
            "value": 0
        },
        "data_received": {
            "rate": 12388.852045528114,
            "count": 378000
        },
        "http_req_blocked": {
            "min": 0,
            "max": 11.1989,
            "p(50)": 0,
            "p(75)": 0,
            "p(90)": 0,
            "p(95)": 0,
            "p(99)": 9.5626,
            "avg": 0.17348108333333334
        },
        "http_req_connecting": {
            "p(50)": 0,
            "p(75)": 0,
            "p(90)": 0,
            "p(95)": 0,
            "p(99)": 1.3051,
            "avg": 0.029387666666666666,
            "min": 0,
            "max": 4.0084
        },
        "http_req_receiving": {
            "avg": 0.08680666666666664,
            "min": 0,
            "max": 2.5287,
            "p(50)": 0,
            "p(75)": 0,
            "p(90)": 0.5070100000000001,
            "p(95)": 0.5336,
            "p(99)": 1.1173119999999999
        },
        "vus": {
            "value": 20,
            "min": 20,
            "max": 20
        },
        "http_reqs": {
            "count": 1200,
            "rate": 39.32968903342258
        }
    },
    "root_group": {
        "id": "d41d8cd98f00b204e9800998ecf8427e",
        "groups": {},
        "checks": {
                "products list ok": {
                    "name": "products list ok",
                    "path": "::products list ok",
                    "id": "9510a9eed98727c4f6d467383c223a18",
                    "passes": 600,
                    "fails": 0
                },
                "product ok": {
                    "name": "product ok",
                    "path": "::product ok",
                    "id": "716e252b0c1f95f7b69e330791590bce",
                    "passes": 600,
                    "fails": 0
                }
            },
        "name": "",
        "path": ""
    }
}