{
    "root_group": {
        "name": "",
        "path": "",
        "id": "d41d8cd98f00b204e9800998ecf8427e",
        "groups": {},
        "checks": {
                "products list ok": {
                    "name": "products list ok",
                    "path": "::products list ok",
                    "id": "9510a9eed98727c4f6d467383c223a18",
                    "passes": 8013,
                    "fails": 0
                },
                "product ok": {
                    "name": "product ok",
                    "path": "::product ok",
                    "id": "716e252b0c1f95f7b69e330791590bce",
                    "passes": 8013,
                    "fails": 0
                }
            }
    },
    "metrics": {
        "vus": {
            "max": 100,
            "value": 22,
            "min": 1
        },
        "http_req_connecting": {
            "p(75)": 0,
            "p(90)": 0,
            "p(95)": 0,
            "p(99)": 0,
            "avg": 0.007512616997379258,
            "min": 0,
            "max": 2.7883,
            "p(50)": 0
        },
        "data_received": {
            "count": 5048190,
            "rate": 33452.23174989744
        },
        "iteration_duration": {
            "p(50)": 1014.373,
            "p(75)": 1017.8185,
            "p(90)": 1021.1883399999999,
            "p(95)": 1023.25648,
            "p(99)": 1032.1418600000002,
            "avg": 1015.1307799950064,
            "min": 1004.7255,
            "max": 1087.1044
        },
        "iterations": {
            "count": 8013,
            "rate": 53.09878055539275
        },
        "http_reqs": {
            "count": 16026,
            "rate": 106.1975611107855
        },
        "data_sent": {
            "rate": 9717.076841636874,
            "count": 1466379
        },
        "http_req_duration{expected_response:true}": {
            "p(99)": 14.1816,
            "avg": 6.89119981904401,
            "min": 1.5098,
            "max": 56.3064,
            "p(50)": 6.3597,
            "p(75)": 8.777675,
            "p(90)": 10.573550000000001,
            "p(95)": 11.6386
        },
        "vus_max": {
            "value": 100,
            "min": 100,
            "max": 100
        },
        "http_req_blocked": {
            "avg": 0.015168501185573436,
            "min": 0,
            "max": 3.2646,
            "p(50)": 0,
            "p(75)": 0,
            "p(90)": 0,
            "p(95)": 0,
            "p(99)": 0.532
        },
        "http_req_tls_handshaking": {
            "p(50)": 0,
            "p(75)": 0,
            "p(90)": 0,
            "p(95)": 0,
            "p(99)": 0,
            "avg": 0,
            "min": 0,
            "max": 0
        },
        "http_req_waiting": {
            "p(75)": 8.662849999999999,
            "p(90)": 10.4837,
            "p(95)": 11.496525,
            "p(99)": 14.0327,
            "avg": 6.791754966928694,
            "min": 1.3285,
            "max": 56.3064,
            "p(50)": 6.2586
        },
        "checks": {
            "passes": 16026,
            "fails": 0,
            "value": 1
        },
        "http_req_sending": {
            "min": 0,
            "max": 11.867,
            "p(50)": 0,
            "p(75)": 0,
            "p(90)": 0,
            "p(95)": 0,
            "p(99)": 0.561925,
            "avg": 0.024078360164732283
        },
        "http_req_receiving": {
            "p(90)": 0.5061,
            "p(95)": 0.530575,
            "p(99)": 0.62695,
            "avg": 0.07536649195058039,
            "min": 0,
            "max": 3.8547,
            "p(50)": 0,
            "p(75)": 0
        },
        "http_req_failed": {
            "passes": 0,
            "fails": 16026,
            "thresholds": {
                "rate<0.05": false
            },
            "value": 0
        },
        "http_req_duration": {
            "p(95)": 11.6386,
            "p(99)": 14.1816,
            "avg": 6.89119981904401,
            "min": 1.5098,
            "max": 56.3064,
            "p(50)": 6.3597,
            "p(75)": 8.777675,
            "p(90)": 10.573550000000001
        }
    }
}