{
    "root_group": {
        "name": "",
        "path": "",
        "id": "d41d8cd98f00b204e9800998ecf8427e",
        "groups": {},
        "checks": {
                "products list ok": {
                    "path": "::products list ok",
                    "id": "9510a9eed98727c4f6d467383c223a18",
                    "passes": 600,
                    "fails": 0,
                    "name": "products list ok"
                },
                "product ok": {
                    "name": "product ok",
                    "path": "::product ok",
                    "id": "716e252b0c1f95f7b69e330791590bce",
                    "passes": 600,
                    "fails": 0
                }
            }
    },
    "metrics": {
        "vus_max": {
            "value": 20,
            "min": 20,
            "max": 20
        },
        "iterations": {
            "count": 600,
            "rate": 19.64738825745221
        },
        "http_req_sending": {
            "min": 0,
            "max": 4.0063,
            "p(50)": 0,
            "p(75)": 0,
            "p(90)": 0,
            "p(95)": 0.5044099999999999,
            "p(99)": 1.0063,
            "avg": 0.04393558333333332
        },
        "checks": {
            "passes": 1200,
            "fails": 0,
            "value": 1
        },
        "data_received": {
            "count": 378000,
            "rate": 12377.854602194893
        },
        "http_reqs": {
            "count": 1200,
            "rate": 39.29477651490442
        },
        "http_req_receiving": {
            "min": 0,
            "max": 5.8909,
            "p(50)": 0,
            "p(75)": 0,
            "p(90)": 0.5127200000000001,
            "p(95)": 0.6149099999999992,
            "p(99)": 1.3336,
            "avg": 0.12754433333333334
        },
        "http_req_connecting": {
            "p(99)": 1.025028999999999,
            "avg": 0.02089683333333333,
            "min": 0,
            "max": 2.0302,
            "p(50)": 0,
            "p(75)": 0,
            "p(90)": 0,
            "p(95)": 0
        },
        "http_req_duration{expected_response:true}": {
            "p(95)": 13.775024999999998,
            "p(99)": 32.11325099999997,
            "avg": 7.804499083333338,
            "min": 2.7786,
            "max": 39.9496,
            "p(50)": 6.468999999999999,
            "p(75)": 9.308174999999999,
            "p(90)": 11.356740000000002
        },
        "data_sent": {
            "count": 109800,
            "rate": 3595.472051113755
        },
        "http_req_duration": {
            "p(95)": 13.775024999999998,
            "p(99)": 32.11325099999997,
            "avg": 7.804499083333338,
            "min": 2.7786,
            "max": 39.9496,
            "p(50)": 6.468999999999999,
            "p(75)": 9.308174999999999,
            "p(90)": 11.356740000000002
        },
        "http_req_tls_handshaking": {
            "p(50)": 0,
            "p(75)": 0,
            "p(90)": 0,
            "p(95)": 0,
            "p(99)": 0,
            "avg": 0,
            "min": 0,
            "max": 0
        },
        "http_req_failed": {
            "passes": 0,
            "fails": 1200,
            "thresholds": {
                "rate<0.01": false
            },
            "value": 0
        },
        "http_req_blocked": {
            "min": 0,
            "max": 10.7868,
            "p(50)": 0,
            "p(75)": 0,
            "p(90)": 0,
            "p(95)": 0,
            "p(99)": 9.6472,
            "avg": 0.18170524999999998
        },
        "vus": {
            "max": 20,
            "value": 20,
            "min": 20
        },
        "iteration_duration": {
            "p(50)": 1015.9956999999999,
            "p(75)": 1018.2137,
            "p(90)": 1021.66904,
            "p(95)": 1027.9731749999999,
            "p(99)": 1061.168189,
            "avg": 1017.760335833334,
            "min": 1009.3378,
            "max": 1064.6333
        },
        "http_req_waiting": {
            "p(95)": 13.454884999999999,
            "p(99)": 32.11325099999997,
            "avg": 7.633019166666674,
            "min": 2.7786,
            "max": 39.9496,
            "p(50)": 6.325799999999999,
            "p(75)": 9.152999999999999,
            "p(90)": 11.169
        }
    }
}