{
    "metrics": {
        "http_req_tls_handshaking": {
            "p(99)": 0,
            "avg": 0,
            "min": 0,
            "max": 0,
            "p(50)": 0,
            "p(75)": 0,
            "p(90)": 0,
            "p(95)": 0
        },
        "http_req_receiving": {
            "p(75)": 0,
            "p(90)": 0.5064,
            "p(95)": 0.535975,
            "p(99)": 1.1585909999999995,
            "avg": 0.08525033333333332,
            "min": 0,
            "max": 3.8576,
            "p(50)": 0
        },
        "http_req_sending": {
            "p(50)": 0,
            "p(75)": 0,
            "p(90)": 0,
            "p(95)": 0.1702249999999978,
            "p(99)": 0.6824579999999997,
            "avg": 0.032338933333333326,
            "min": 0,
            "max": 2.2018
        },
        "data_sent": {
            "count": 892200,
            "rate": 28871.104291521708
        },
        "http_req_duration": {
            "p(90)": 8.83793000000001,
            "p(95)": 10.61986,
            "p(99)": 23.6505,
            "avg": 5.39419646666667,
            "min": 1.2474,
            "max": 55.3283,
            "p(50)": 4.0775,
            "p(75)": 6.108225
        },
        "http_req_failed": {
            "fails": 1500,
            "passes": 0,
            "thresholds": {
                "rate<0.02": false
            },
            "value": 0
        },
        "http_reqs": {
            "count": 1500,
            "rate": 48.53918004627052
        },
        "http_req_duration{expected_response:true}": {
            "max": 55.3283,
            "p(50)": 4.0775,
            "p(75)": 6.108225,
            "p(90)": 8.83793000000001,
            "p(95)": 10.61986,
            "p(99)": 23.6505,
            "avg": 5.39419646666667,
            "min": 1.2474
        },
        "vus": {
            "value": 10,
            "min": 10,
            "max": 10
        },
        "http_req_connecting": {
            "min": 0,
            "max": 1.093,
            "p(50)": 0,
            "p(75)": 0,
            "p(90)": 0,
            "p(95)": 0,
            "p(99)": 0,
            "avg": 0.0045621333333333335
        },
        "iteration_duration": {
            "min": 1015.5473,
            "max": 1141.347,
            "p(50)": 1025.8845000000001,
            "p(75)": 1029.528775,
            "p(90)": 1033.7701299999999,
            "p(95)": 1035.8646549999999,
            "p(99)": 1140.541811,
            "avg": 1030.000677000001
        },
        "iterations": {
            "count": 300,
            "rate": 9.707836009254105
        },
        "http_req_waiting": {
            "max": 55.3283,
            "p(50)": 3.9739500000000003,
            "p(75)": 5.9989,
            "p(90)": 8.5966,
            "p(95)": 10.203739999999994,
            "p(99)": 23.6505,
            "avg": 5.276607199999996,
            "min": 1.2474
        },
        "http_req_blocked": {
            "avg": 0.06833886666666665,
            "min": 0,
            "max": 10.0267,
            "p(50)": 0,
            "p(75)": 0,
            "p(90)": 0,
            "p(95)": 0,
            "p(99)": 0.5226489999999998
        },
        "checks": {
            "passes": 1500,
            "fails": 0,
            "value": 1
        },
        "vus_max": {
            "max": 10,
            "value": 10,
            "min": 10
        },
        "data_received": {
            "count": 600600,
            "rate": 19435.087690526718
        }
    },
    "root_group": {
        "name": "",
        "path": "",
        "id": "d41d8cd98f00b204e9800998ecf8427e",
        "groups": {},
        "checks": {
                "login ok": {
                    "name": "login ok",
                    "path": "::login ok",
                    "id": "0ddcda49e3a8b9d6d2e015dafbaafe65",
                    "passes": 300,
                    "fails": 0
                },
                "cart add ok": {
                    "name": "cart add ok",
                    "path": "::cart add ok",
                    "id": "3476b21dcb095c2f01deccc20115d127",
                    "passes": 300,
                    "fails": 0
                },
                "cart get ok": {
                    "fails": 0,
                    "name": "cart get ok",
                    "path": "::cart get ok",
                    "id": "9d960ca6baf25ee48d3f3c991473fca0",
                    "passes": 300
                },
                "cart update ok": {
                    "fails": 0,
                    "name": "cart update ok",
                    "path": "::cart update ok",
                    "id": "07ee78e8bcccf32bc9963f8d3c17eecf",
                    "passes": 300
                },
                "cart remove ok": {
                    "name": "cart remove ok",
                    "path": "::cart remove ok",
                    "id": "31001ad0f6cf28a008d3b28f557b05a9",
                    "passes": 300,
                    "fails": 0
                }
            }
    }
}