{
    "metrics": {
        "http_req_tls_handshaking": {
            "avg": 0,
            "min": 0,
            "max": 0,
            "p(50)": 0,
            "p(75)": 0,
            "p(90)": 0,
            "p(95)": 0,
            "p(99)": 0
        },
        "http_req_receiving": {
            "p(90)": 0.5101000000000001,
            "p(95)": 0.554665,
            "p(99)": 1.495168,
            "avg": 0.11648808333333335,
            "min": 0,
            "max": 3.2483,
            "p(50)": 0,
            "p(75)": 0
        },
        "iteration_duration": {
            "avg": 1017.5675103333339,
            "min": 1009.7818,
            "max": 1069.522,
            "p(50)": 1015.6933,
            "p(75)": 1017.730725,
            "p(90)": 1019.9116300000001,
            "p(95)": 1024.4554,
            "p(99)": 1065.873225
        },
        "data_sent": {
            "count": 109800,
            "rate": 3596.2861683339215
        },
        "checks": {
            "passes": 1200,
            "fails": 0,
            "value": 1
        },
        "http_reqs": {
            "count": 1200,
            "rate": 39.303673970862526
        },
        "http_req_sending": {
            "p(50)": 0,
            "p(75)": 0,
            "p(90)": 0,
            "p(95)": 0,
            "p(99)": 0.8721329999999998,
            "avg": 0.027844499999999998,
            "min": 0,
            "max": 2.0348
        },
        "http_req_duration": {
            "max": 42.4649,
            "p(50)": 6.59545,
            "p(75)": 9.16005,
            "p(90)": 11.295790000000002,
            "p(95)": 13.8762,
            "p(99)": 33.7827,
            "avg": 7.905364583333348,
            "min": 3.2989
        },
        "http_req_failed": {
            "passes": 0,
            "fails": 1200,
            "thresholds": {
                "rate<0.01": false
            },
            "value": 0
        },
        "http_req_duration{expected_response:true}": {
            "p(50)": 6.59545,
            "p(75)": 9.16005,
            "p(90)": 11.295790000000002,
            "p(95)": 13.8762,
            "p(99)": 33.7827,
            "avg": 7.905364583333348,
            "min": 3.2989,
            "max": 42.4649
        },
        "vus": {
            "value": 20,
            "min": 20,
            "max": 20
        },
        "http_req_blocked": {
            "max": 11.9743,
            "p(50)": 0,
            "p(75)": 0,
            "p(90)": 0,
            "p(95)": 0,
            "p(99)": 11.4688,
            "avg": 0.1959480833333333,
            "min": 0
        },
        "vus_max": {
            "value": 20,
            "min": 20,
            "max": 20
        },
        "iterations": {
            "rate": 19.651836985431263,
            "count": 600
        },
        "http_req_connecting": {
            "avg": 0.014140916666666661,
            "min": 0,
            "max": 1.2483,
            "p(50)": 0,
            "p(75)": 0,
            "p(90)": 0,
            "p(95)": 0,
            "p(99)": 0.7313
        },
        "http_req_waiting": {
            "p(90)": 11.2021,
            "p(95)": 13.57723499999999,
            "p(99)": 33.7827,
            "avg": 7.7610320000000135,
            "min": 2.6624,
            "max": 42.4649,
            "p(50)": 6.4865,
            "p(75)": 8.990275
        },
        "data_received": {
            "count": 378000,
            "rate": 12380.657300821696
        }
    },
    "root_group": {
        "checks": {
            "products list ok": {
                "passes": 600,
                "fails": 0,
                "name": "products list ok",
                "path": "::products list ok",
                "id": "9510a9eed98727c4f6d467383c223a18"
            },
            "product ok": {
                "passes": 600,
                "fails": 0,
                "name": "product ok",
                "path": "::product ok",
                "id": "716e252b0c1f95f7b69e330791590bce"
            }
        },
        "name": "",
        "path": "",
        "id": "d41d8cd98f00b204e9800998ecf8427e",
        "groups": {}
    }
}