{
    "root_group": {
        "name": "",
        "path": "",
        "id": "d41d8cd98f00b204e9800998ecf8427e",
        "groups": {},
        "checks": {
                "products list ok": {
                    "name": "products list ok",
                    "path": "::products list ok",
                    "id": "9510a9eed98727c4f6d467383c223a18",
                    "passes": 8011,
                    "fails": 0
                },
                "product ok": {
                    "id": "716e252b0c1f95f7b69e330791590bce",
                    "passes": 8011,
                    "fails": 0,
                    "name": "product ok",
                    "path": "::product ok"
                }
            }
    },
    "metrics": {
        "data_received": {
            "count": 5046930,
            "rate": 33421.88963387876
        },
        "http_req_failed": {
            "passes": 0,
            "fails": 16022,
            "thresholds": {
                "rate<0.05": false
            },
            "value": 0
        },
        "http_req_duration{expected_response:true}": {
            "p(50)": 6.09485,
            "p(75)": 8.49405,
            "p(90)": 10.23557,
            "p(95)": 11.334654999999998,
            "p(99)": 15.1091,
            "avg": 6.703058288603142,
            "min": 1.3591,
            "max": 73.0899
        },
        "http_req_blocked": {
            "p(50)": 0,
            "p(75)": 0,
            "p(90)": 0,
            "p(95)": 0,
            "p(99)": 0.5480699999999972,
            "avg": 0.017579628011484227,
            "min": 0,
            "max": 6.5576
        },
        "http_req_connecting": {
            "p(90)": 0,
            "p(95)": 0,
            "p(99)": 0,
            "avg": 0.008334839595556108,
            "min": 0,
            "max": 3.0962,
            "p(50)": 0,
            "p(75)": 0
        },
        "checks": {
            "passes": 16022,
            "fails": 0,
            "value": 1
        },
        "iterations": {
            "count": 8011,
            "rate": 53.05061846647422
        },
        "vus_max": {
            "max": 100,
            "value": 100,
            "min": 100
        },
        "iteration_duration": {
            "min": 1005.0315,
            "max": 1082.9108,
            "p(50)": 1014.4733,
            "p(75)": 1017.3307,
            "p(90)": 1020.5398,
            "p(95)": 1023.2333,
            "p(99)": 1033.05604,
            "avg": 1015.1721503307934
        },
        "http_reqs": {
            "count": 16022,
            "rate": 106.10123693294844
        },
        "http_req_waiting": {
            "p(75)": 8.37465,
            "p(90)": 10.1093,
            "p(95)": 11.211769999999998,
            "p(99)": 14.85390499999999,
            "avg": 6.603562570215938,
            "min": 1.3591,
            "max": 73.0899,
            "p(50)": 5.98335
        },
        "http_req_receiving": {
            "p(50)": 0,
            "p(75)": 0,
            "p(90)": 0.5044899999999999,
            "p(95)": 0.5215,
            "p(99)": 0.7085799999999981,
            "avg": 0.07395762077143928,
            "min": 0,
            "max": 10.2539
        },
        "http_req_tls_handshaking": {
            "max": 0,
            "p(50)": 0,
            "p(75)": 0,
            "p(90)": 0,
            "p(95)": 0,
            "p(99)": 0,
            "avg": 0,
            "min": 0
        },
        "http_req_sending": {
            "p(75)": 0,
            "p(90)": 0,
            "p(95)": 0,
            "p(99)": 0.5647789999999999,
            "avg": 0.025538097615778313,
            "min": 0,
            "max": 7.0891,
            "p(50)": 0
        },
        "vus": {
            "value": 5,
            "min": 1,
            "max": 100
        },
        "http_req_duration": {
            "p(95)": 11.334654999999998,
            "p(99)": 15.1091,
            "avg": 6.703058288603142,
            "min": 1.3591,
            "max": 73.0899,
            "p(50)": 6.09485,
            "p(75)": 8.49405,
            "p(90)": 10.23557
        },
        "data_sent": {
            "count": 1466013,
            "rate": 9708.263179364782
        }
    }
}