{
    "metrics": {
        "http_req_duration{expected_response:true}": {
            "p(90)": 8.2453,
            "p(95)": 10.521929999999992,
            "p(99)": 43.061963999999996,
            "avg": 5.422770933333334,
            "min": 1.569,
            "max": 59.806,
            "p(50)": 3.8863,
            "p(75)": 5.4826
        },
        "http_req_blocked": {
            "p(90)": 0,
            "p(95)": 0,
            "p(99)": 0.5779069999999976,
            "avg": 0.07112613333333333,
            "min": 0,
            "max": 9.7233,
            "p(50)": 0,
            "p(75)": 0
        },
        "http_req_connecting": {
            "min": 0,
            "max": 0.8916,
            "p(50)": 0,
            "p(75)": 0,
            "p(90)": 0,
            "p(95)": 0,
            "p(99)": 0,
            "avg": 0.0042136000000000005
        },
        "http_req_waiting": {
            "avg": 5.330029866666679,
            "min": 1.569,
            "max": 59.2769,
            "p(50)": 3.8224,
            "p(75)": 5.3606,
            "p(90)": 8.145850000000001,
            "p(95)": 10.459,
            "p(99)": 43.0567
        },
        "data_sent": {
            "rate": 28861.351835247653,
            "count": 892200
        },
        "http_req_sending": {
            "p(90)": 0,
            "p(95)": 0,
            "p(99)": 0.53225,
            "avg": 0.018339200000000007,
            "min": 0,
            "max": 1.4967,
            "p(50)": 0,
            "p(75)": 0
        },
        "vus_max": {
            "value": 10,
            "min": 10,
            "max": 10
        },
        "data_received": {
            "count": 600600,
            "rate": 19428.522654393342
        },
        "http_reqs": {
            "rate": 48.52278385213123,
            "count": 1500
        },
        "http_req_duration": {
            "max": 59.806,
            "p(50)": 3.8863,
            "p(75)": 5.4826,
            "p(90)": 8.2453,
            "p(95)": 10.521929999999992,
            "p(99)": 43.061963999999996,
            "avg": 5.422770933333334,
            "min": 1.569
        },
        "checks": {
            "passes": 1500,
            "fails": 0,
            "value": 1
        },
        "iteration_duration": {
            "p(95)": 1034.8355,
            "p(99)": 1195.4938,
            "avg": 1030.3097876666686,
            "min": 1017.1277,
            "max": 1195.4938,
            "p(50)": 1024.63975,
            "p(75)": 1027.9015749999999,
            "p(90)": 1031.2294
        },
        "vus": {
            "value": 10,
            "min": 10,
            "max": 10
        },
        "iterations": {
            "count": 300,
            "rate": 9.704556770426246
        },
        "http_req_tls_handshaking": {
            "p(50)": 0,
            "p(75)": 0,
            "p(90)": 0,
            "p(95)": 0,
            "p(99)": 0,
            "avg": 0,
            "min": 0,
            "max": 0
        },
        "http_req_receiving": {
            "min": 0,
            "max": 1.1137,
            "p(50)": 0,
            "p(75)": 0,
            "p(90)": 0.50521,
            "p(95)": 0.5165249999999999,
            "p(99)": 0.5596569999999998,
            "avg": 0.07440186666666668
        },
        "http_req_failed": {
            "passes": 0,
            "fails": 1500,
            "thresholds": {
                "rate<0.02": false
            },
            "value": 0
        }
    },
    "root_group": {
        "name": "",
        "path": "",
        "id": "d41d8cd98f00b204e9800998ecf8427e",
        "groups": {},
        "checks": {
                "login ok": {
                    "name": "login ok",
                    "path": "::login ok",
                    "id": "0ddcda49e3a8b9d6d2e015dafbaafe65",
                    "passes": 300,
                    "fails": 0
                },
                "cart add ok": {
                    "name": "cart add ok",
                    "path": "::cart add ok",
                    "id": "3476b21dcb095c2f01deccc20115d127",
                    "passes": 300,
                    "fails": 0
                },
                "cart get ok": {
                    "path": "::cart get ok",
                    "id": "9d960ca6baf25ee48d3f3c991473fca0",
                    "passes": 300,
                    "fails": 0,
                    "name": "cart get ok"
                },
                "cart update ok": {
                    "id": "07ee78e8bcccf32bc9963f8d3c17eecf",
                    "passes": 300,
                    "fails": 0,
                    "name": "cart update ok",
                    "path": "::cart update ok"
                },
                "cart remove ok": {
                    "path": "::cart remove ok",
                    "id": "31001ad0f6cf28a008d3b28f557b05a9",
                    "passes": 300,
                    "fails": 0,
                    "name": "cart remove ok"
                }
            }
    }
}