{
    "metrics": {
        "http_req_tls_handshaking": {
            "min": 0,
            "max": 0,
            "p(50)": 0,
            "p(75)": 0,
            "p(90)": 0,
            "p(95)": 0,
            "p(99)": 0,
            "avg": 0
        },
        "http_req_blocked": {
            "p(95)": 0,
            "p(99)": 0.5454779999999999,
            "avg": 0.064893,
            "min": 0,
            "max": 9.1232,
            "p(50)": 0,
            "p(75)": 0,
            "p(90)": 0
        },
        "data_sent": {
            "count": 892200,
            "rate": 28941.422418296992
        },
        "iterations": {
            "count": 300,
            "rate": 9.731480302050098
        },
        "checks": {
            "passes": 1500,
            "fails": 0,
            "value": 1
        },
        "http_req_receiving": {
            "max": 1.9382,
            "p(50)": 0,
            "p(75)": 0,
            "p(90)": 0.5043,
            "p(95)": 0.5245,
            "p(99)": 0.600708,
            "avg": 0.06604900000000004,
            "min": 0
        },
        "data_received": {
            "count": 600600,
            "rate": 19482.423564704295
        },
        "http_reqs": {
            "count": 1500,
            "rate": 48.65740151025049
        },
        "http_req_waiting": {
            "max": 55.9618,
            "p(50)": 3.6608,
            "p(75)": 5.5046,
            "p(90)": 8.007010000000005,
            "p(95)": 9.33598,
            "p(99)": 23.326942999999996,
            "avg": 4.861173866666648,
            "min": 1.0493
        },
        "iteration_duration": {
            "p(90)": 1030.16693,
            "p(95)": 1031.8723,
            "p(99)": 1137.616289,
            "avg": 1027.5733313333337,
            "min": 1015.1021,
            "max": 1138.1201,
            "p(50)": 1023.9871,
            "p(75)": 1026.9212
        },
        "http_req_sending": {
            "p(75)": 0,
            "p(90)": 0,
            "p(95)": 0.07276999999999993,
            "p(99)": 0.5555489999999984,
            "avg": 0.029821666666666666,
            "min": 0,
            "max": 5.0723,
            "p(50)": 0
        },
        "http_req_duration{expected_response:true}": {
            "p(95)": 9.4428,
            "p(99)": 23.8262,
            "avg": 4.957044533333323,
            "min": 1.0493,
            "max": 56.2608,
            "p(50)": 3.726,
            "p(75)": 5.6058,
            "p(90)": 8.1491
        },
        "http_req_duration": {
            "p(50)": 3.726,
            "p(75)": 5.6058,
            "p(90)": 8.1491,
            "p(95)": 9.4428,
            "p(99)": 23.8262,
            "avg": 4.957044533333323,
            "min": 1.0493,
            "max": 56.2608
        },
        "vus": {
            "value": 10,
            "min": 10,
            "max": 10
        },
        "vus_max": {
            "value": 10,
            "min": 10,
            "max": 10
        },
        "http_req_failed": {
            "passes": 0,
            "fails": 1500,
            "thresholds": {
                "rate<0.02": false
            },
            "value": 0
        },
        "http_req_connecting": {
            "p(75)": 0,
            "p(90)": 0,
            "p(95)": 0,
            "p(99)": 0,
            "avg": 0.004737333333333333,
            "min": 0,
            "max": 0.89,
            "p(50)": 0
        }
    },
    "root_group": {
        "path": "",
        "id": "d41d8cd98f00b204e9800998ecf8427e",
        "groups": {},
        "checks": {
                "login ok": {
                    "name": "login ok",
                    "path": "::login ok",
                    "id": "0ddcda49e3a8b9d6d2e015dafbaafe65",
                    "passes": 300,
                    "fails": 0
                },
                "cart add ok": {
                    "name": "cart add ok",
                    "path": "::cart add ok",
                    "id": "3476b21dcb095c2f01deccc20115d127",
                    "passes": 300,
                    "fails": 0
                },
                "cart get ok": {
                    "passes": 300,
                    "fails": 0,
                    "name": "cart get ok",
                    "path": "::cart get ok",
                    "id": "9d960ca6baf25ee48d3f3c991473fca0"
                },
                "cart update ok": {
                    "passes": 300,
                    "fails": 0,
                    "name": "cart update ok",
                    "path": "::cart update ok",
                    "id": "07ee78e8bcccf32bc9963f8d3c17eecf"
                },
                "cart remove ok": {
                    "name": "cart remove ok",
                    "path": "::cart remove ok",
                    "id": "31001ad0f6cf28a008d3b28f557b05a9",
                    "passes": 300,
                    "fails": 0
                }
            },
        "name": ""
    }
}