{
    "metrics": {
        "iteration_duration": {
            "p(50)": 1020.2408,
            "p(75)": 1022.43865,
            "p(90)": 1024.798,
            "p(95)": 1025.5636,
            "p(99)": 1138.9593,
            "avg": 1024.1655556666674,
            "min": 1015.1222,
            "max": 1138.9593
        },
        "http_reqs": {
            "count": 1500,
            "rate": 48.81465870095615
        },
        "http_req_duration{expected_response:true}": {
            "max": 59.9081,
            "p(50)": 3.3369,
            "p(75)": 4.588175,
            "p(90)": 6.5292,
            "p(95)": 7.8655,
            "p(99)": 23.510457,
            "avg": 4.344713933333318,
            "min": 1.0445
        },
        "data_received": {
            "count": 600600,
            "rate": 19545.389343862844
        },
        "http_req_blocked": {
            "p(99)": 0.5477,
            "avg": 0.06750333333333336,
            "min": 0,
            "max": 9.4033,
            "p(50)": 0,
            "p(75)": 0,
            "p(90)": 0,
            "p(95)": 0
        },
        "vus_max": {
            "min": 10,
            "max": 10,
            "value": 10
        },
        "http_req_connecting": {
            "p(75)": 0,
            "p(90)": 0,
            "p(95)": 0,
            "p(99)": 0,
            "avg": 0.005208666666666666,
            "min": 0,
            "max": 1.3104,
            "p(50)": 0
        },
        "http_req_sending": {
            "p(95)": 0,
            "p(99)": 0.6026,
            "avg": 0.023333066666666666,
            "min": 0,
            "max": 1.4618,
            "p(50)": 0,
            "p(75)": 0,
            "p(90)": 0
        },
        "checks": {
            "passes": 1500,
            "fails": 0,
            "value": 1
        },
        "data_sent": {
            "count": 892200,
            "rate": 29034.958995328718
        },
        "http_req_tls_handshaking": {
            "avg": 0,
            "min": 0,
            "max": 0,
            "p(50)": 0,
            "p(75)": 0,
            "p(90)": 0,
            "p(95)": 0,
            "p(99)": 0
        },
        "http_req_duration": {
            "p(95)": 7.8655,
            "p(99)": 23.510457,
            "avg": 4.344713933333318,
            "min": 1.0445,
            "max": 59.9081,
            "p(50)": 3.3369,
            "p(75)": 4.588175,
            "p(90)": 6.5292
        },
        "iterations": {
            "count": 300,
            "rate": 9.762931740191231
        },
        "http_req_failed": {
            "fails": 1500,
            "passes": 0,
            "thresholds": {
                "rate<0.02": false
            },
            "value": 0
        },
        "http_req_waiting": {
            "min": 1.0445,
            "max": 59.3711,
            "p(50)": 3.1938000000000004,
            "p(75)": 4.495875,
            "p(90)": 6.383760000000001,
            "p(95)": 7.8395,
            "p(99)": 23.109343,
            "avg": 4.245171066666651
        },
        "http_req_receiving": {
            "p(99)": 0.6503,
            "avg": 0.07620980000000004,
            "min": 0,
            "max": 1.5158,
            "p(50)": 0,
            "p(75)": 0,
            "p(90)": 0.5077100000000001,
            "p(95)": 0.537
        },
        "vus": {
            "value": 10,
            "min": 10,
            "max": 10
        }
    },
    "root_group": {
        "groups": {},
        "checks": {
                "login ok": {
                    "id": "0ddcda49e3a8b9d6d2e015dafbaafe65",
                    "passes": 300,
                    "fails": 0,
                    "name": "login ok",
                    "path": "::login ok"
                },
                "cart add ok": {
                    "name": "cart add ok",
                    "path": "::cart add ok",
                    "id": "3476b21dcb095c2f01deccc20115d127",
                    "passes": 300,
                    "fails": 0
                },
                "cart get ok": {
                    "path": "::cart get ok",
                    "id": "9d960ca6baf25ee48d3f3c991473fca0",
                    "passes": 300,
                    "fails": 0,
                    "name": "cart get ok"
                },
                "cart update ok": {
                    "name": "cart update ok",
                    "path": "::cart update ok",
                    "id": "07ee78e8bcccf32bc9963f8d3c17eecf",
                    "passes": 300,
                    "fails": 0
                },
                "cart remove ok": {
                    "fails": 0,
                    "name": "cart remove ok",
                    "path": "::cart remove ok",
                    "id": "31001ad0f6cf28a008d3b28f557b05a9",
                    "passes": 300
                }
            },
        "name": "",
        "path": "",
        "id": "d41d8cd98f00b204e9800998ecf8427e"
    }
}