{
    "metrics": {
        "http_req_failed": {
            "passes": 0,
            "fails": 1200,
            "thresholds": {
                "rate<0.01": false
            },
            "value": 0
        },
        "http_req_receiving": {
            "p(95)": 0.52821,
            "p(99)": 1.0137,
            "avg": 0.07883750000000003,
            "min": 0,
            "max": 2.0084,
            "p(50)": 0,
            "p(75)": 0,
            "p(90)": 0.5076100000000001
        },
        "data_received": {
            "count": 378000,
            "rate": 12401.848311103502
        },
        "iteration_duration": {
            "min": 1009.3553,
            "max": 1059.2857,
            "p(50)": 1014.577,
            "p(75)": 1016.2419,
            "p(90)": 1018.33182,
            "p(95)": 1019.92459,
            "p(99)": 1054.8655689999998,
            "avg": 1015.8103678333326
        },
        "http_req_duration{expected_response:true}": {
            "p(95)": 11.490999999999994,
            "p(99)": 27.574199999999994,
            "avg": 7.0790790833333554,
            "min": 2.7766,
            "max": 46.6689,
            "p(50)": 6.0089,
            "p(75)": 8.14385,
            "p(90)": 10.287590000000002
        },
        "http_req_connecting": {
            "min": 0,
            "max": 22.8893,
            "p(50)": 0,
            "p(75)": 0,
            "p(90)": 0,
            "p(95)": 0,
            "p(99)": 1.288454,
            "avg": 0.10966574999999999
        },
        "vus_max": {
            "value": 20,
            "min": 20,
            "max": 20
        },
        "http_reqs": {
            "count": 1200,
            "rate": 39.370947019376196
        },
        "vus": {
            "value": 20,
            "min": 20,
            "max": 20
        },
        "data_sent": {
            "count": 109800,
            "rate": 3602.441652272922
        },
        "iterations": {
            "count": 600,
            "rate": 19.685473509688098
        },
        "http_req_tls_handshaking": {
            "p(95)": 0,
            "p(99)": 0,
            "avg": 0,
            "min": 0,
            "max": 0,
            "p(50)": 0,
            "p(75)": 0,
            "p(90)": 0
        },
        "http_req_duration": {
            "p(90)": 10.287590000000002,
            "p(95)": 11.490999999999994,
            "p(99)": 27.574199999999994,
            "avg": 7.0790790833333554,
            "min": 2.7766,
            "max": 46.6689,
            "p(50)": 6.0089,
            "p(75)": 8.14385
        },
        "http_req_blocked": {
            "max": 28.4426,
            "p(50)": 0,
            "p(75)": 0,
            "p(90)": 0,
            "p(95)": 0,
            "p(99)": 5.7144,
            "avg": 0.21300241666666675,
            "min": 0
        },
        "http_req_sending": {
            "avg": 0.045521416666666675,
            "min": 0,
            "max": 4.2163,
            "p(50)": 0,
            "p(75)": 0,
            "p(90)": 0,
            "p(95)": 0.50003,
            "p(99)": 1.0148799999999998
        },
        "http_req_waiting": {
            "p(95)": 11.28683,
            "p(99)": 27.574199999999994,
            "avg": 6.954720166666681,
            "min": 2.6699,
            "max": 46.6689,
            "p(50)": 5.9197,
            "p(75)": 7.944125,
            "p(90)": 10.111140000000004
        },
        "checks": {
            "passes": 1200,
            "fails": 0,
            "value": 1
        }
    },
    "root_group": {
        "name": "",
        "path": "",
        "id": "d41d8cd98f00b204e9800998ecf8427e",
        "groups": {},
        "checks": {
                "products list ok": {
                    "path": "::products list ok",
                    "id": "9510a9eed98727c4f6d467383c223a18",
                    "passes": 600,
                    "fails": 0,
                    "name": "products list ok"
                },
                "product ok": {
                    "name": "product ok",
                    "path": "::product ok",
                    "id": "716e252b0c1f95f7b69e330791590bce",
                    "passes": 600,
                    "fails": 0
                }
            }
    }
}