{
    "root_group": {
        "name": "",
        "path": "",
        "id": "d41d8cd98f00b204e9800998ecf8427e",
        "groups": {},
        "checks": {
                "login ok": {
                    "name": "login ok",
                    "path": "::login ok",
                    "id": "0ddcda49e3a8b9d6d2e015dafbaafe65",
                    "passes": 300,
                    "fails": 0
                },
                "cart add ok": {
                    "name": "cart add ok",
                    "path": "::cart add ok",
                    "id": "3476b21dcb095c2f01deccc20115d127",
                    "passes": 300,
                    "fails": 0
                },
                "cart get ok": {
                    "name": "cart get ok",
                    "path": "::cart get ok",
                    "id": "9d960ca6baf25ee48d3f3c991473fca0",
                    "passes": 300,
                    "fails": 0
                },
                "cart update ok": {
                    "id": "07ee78e8bcccf32bc9963f8d3c17eecf",
                    "passes": 300,
                    "fails": 0,
                    "name": "cart update ok",
                    "path": "::cart update ok"
                },
                "cart remove ok": {
                    "path": "::cart remove ok",
                    "id": "31001ad0f6cf28a008d3b28f557b05a9",
                    "passes": 300,
                    "fails": 0,
                    "name": "cart remove ok"
                }
            }
    },
    "metrics": {
        "http_req_receiving": {
            "max": 2.7997,
            "p(50)": 0,
            "p(75)": 0,
            "p(90)": 0.50351,
            "p(95)": 0.5269,
            "p(99)": 0.6750749999999969,
            "avg": 0.07003053333333334,
            "min": 0
        },
        "checks": {
            "passes": 1500,
            "fails": 0,
            "value": 1
        },
        "vus_max": {
            "value": 10,
            "min": 10,
            "max": 10
        },
        "http_req_duration": {
            "p(50)": 3.4179,
            "p(75)": 4.784725,
            "p(90)": 6.534200000000002,
            "p(95)": 8.106185,
            "p(99)": 22.5912,
            "avg": 4.45641533333334,
            "min": 0.9584,
            "max": 60.2556
        },
        "http_req_duration{expected_response:true}": {
            "avg": 4.45641533333334,
            "min": 0.9584,
            "max": 60.2556,
            "p(50)": 3.4179,
            "p(75)": 4.784725,
            "p(90)": 6.534200000000002,
            "p(95)": 8.106185,
            "p(99)": 22.5912
        },
        "http_req_tls_handshaking": {
            "min": 0,
            "max": 0,
            "p(50)": 0,
            "p(75)": 0,
            "p(90)": 0,
            "p(95)": 0,
            "p(99)": 0,
            "avg": 0
        },
        "iterations": {
            "count": 300,
            "rate": 9.74693164155191
        },
        "http_req_failed": {
            "passes": 0,
            "fails": 1500,
            "thresholds": {
                "rate<0.02": false
            },
            "value": 0
        },
        "http_reqs": {
            "count": 1500,
            "rate": 48.73465820775955
        },
        "http_req_connecting": {
            "p(90)": 0,
            "p(95)": 0,
            "p(99)": 0,
            "avg": 0.0047908000000000004,
            "min": 0,
            "max": 0.9167,
            "p(50)": 0,
            "p(75)": 0
        },
        "http_req_sending": {
            "p(90)": 0,
            "p(95)": 0,
            "p(99)": 0.5658439999999999,
            "avg": 0.027851666666666677,
            "min": 0,
            "max": 2.9893,
            "p(50)": 0,
            "p(75)": 0
        },
        "vus": {
            "value": 10,
            "min": 10,
            "max": 10
        },
        "data_sent": {
            "count": 892200,
            "rate": 28987.374701975383
        },
        "http_req_blocked": {
            "max": 10.4484,
            "p(50)": 0,
            "p(75)": 0,
            "p(90)": 0,
            "p(95)": 0,
            "p(99)": 0.5331009999999999,
            "avg": 0.07262933333333332,
            "min": 0
        },
        "http_req_waiting": {
            "avg": 4.358533133333343,
            "min": 0.9584,
            "max": 59.705,
            "p(50)": 3.3171,
            "p(75)": 4.6146,
            "p(90)": 6.377380000000002,
            "p(95)": 8.0674,
            "p(99)": 22.5912
        },
        "data_received": {
            "count": 600600,
            "rate": 19513.357146386923
        },
        "iteration_duration": {
            "p(50)": 1020.616,
            "p(75)": 1023.446775,
            "p(90)": 1031.17652,
            "p(95)": 1033.9484049999999,
            "p(99)": 1145.9608,
            "avg": 1025.8452346666672,
            "min": 1014.973,
            "max": 1145.9608
        }
    }
}