{
    "metrics": {
        "checks": {
            "passes": 1200,
            "fails": 0,
            "value": 1
        },
        "http_req_receiving": {
            "p(50)": 0,
            "p(75)": 0,
            "p(90)": 0.5055,
            "p(95)": 0.522515,
            "p(99)": 1.016768,
            "avg": 0.09489591666666658,
            "min": 0,
            "max": 8.0931
        },
        "http_req_duration": {
            "p(99)": 33.4467,
            "avg": 8.071866916666682,
            "min": 3.0879,
            "max": 46.5901,
            "p(50)": 6.947699999999999,
            "p(75)": 9.120249999999999,
            "p(90)": 11.432590000000017,
            "p(95)": 13.422794999999999
        },
        "http_req_waiting": {
            "max": 46.0561,
            "p(50)": 6.8508,
            "p(75)": 8.99395,
            "p(90)": 11.322410000000003,
            "p(95)": 13.2036,
            "p(99)": 32.9389,
            "avg": 7.9428505833333505,
            "min": 2.9484
        },
        "vus": {
            "value": 20,
            "min": 20,
            "max": 20
        },
        "http_req_duration{expected_response:true}": {
            "avg": 8.071866916666682,
            "min": 3.0879,
            "max": 46.5901,
            "p(50)": 6.947699999999999,
            "p(75)": 9.120249999999999,
            "p(90)": 11.432590000000017,
            "p(95)": 13.422794999999999,
            "p(99)": 33.4467
        },
        "iteration_duration": {
            "p(50)": 1016.5885499999999,
            "p(75)": 1018.5763,
            "p(90)": 1020.8764,
            "p(95)": 1022.5571150000001,
            "p(99)": 1067.8543,
            "avg": 1018.2562751666668,
            "min": 1010.0934,
            "max": 1075.8713
        },
        "http_req_connecting": {
            "avg": 0.014635166666666668,
            "min": 0,
            "max": 1.0763,
            "p(50)": 0,
            "p(75)": 0,
            "p(90)": 0,
            "p(95)": 0,
            "p(99)": 1.0465
        },
        "http_reqs": {
            "count": 1200,
            "rate": 39.278282507344876
        },
        "iterations": {
            "rate": 19.639141253672438,
            "count": 600
        },
        "http_req_tls_handshaking": {
            "min": 0,
            "max": 0,
            "p(50)": 0,
            "p(75)": 0,
            "p(90)": 0,
            "p(95)": 0,
            "p(99)": 0,
            "avg": 0
        },
        "data_sent": {
            "rate": 3593.962849422056,
            "count": 109800
        },
        "http_req_blocked": {
            "p(50)": 0,
            "p(75)": 0,
            "p(90)": 0,
            "p(95)": 0,
            "p(99)": 9.4231,
            "avg": 0.17229683333333332,
            "min": 0,
            "max": 9.941
        },
        "http_req_sending": {
            "p(75)": 0,
            "p(90)": 0,
            "p(95)": 0.0615,
            "p(99)": 1.0111320000000001,
            "avg": 0.03412041666666665,
            "min": 0,
            "max": 3.464,
            "p(50)": 0
        },
        "vus_max": {
            "value": 20,
            "min": 20,
            "max": 20
        },
        "data_received": {
            "rate": 12372.658989813635,
            "count": 378000
        },
        "http_req_failed": {
            "passes": 0,
            "fails": 1200,
            "thresholds": {
                "rate<0.01": false
            },
            "value": 0
        }
    },
    "root_group": {
        "name": "",
        "path": "",
        "id": "d41d8cd98f00b204e9800998ecf8427e",
        "groups": {},
        "checks": {
                "products list ok": {
                    "name": "products list ok",
                    "path": "::products list ok",
                    "id": "9510a9eed98727c4f6d467383c223a18",
                    "passes": 600,
                    "fails": 0
                },
                "product ok": {
                    "name": "product ok",
                    "path": "::product ok",
                    "id": "716e252b0c1f95f7b69e330791590bce",
                    "passes": 600,
                    "fails": 0
                }
            }
    }
}