{
    "metrics": {
        "http_req_blocked": {
            "p(99)": 0.5459969999999994,
            "avg": 0.019938509045539607,
            "min": 0,
            "max": 21.9928,
            "p(50)": 0,
            "p(75)": 0,
            "p(90)": 0,
            "p(95)": 0
        },
        "http_req_tls_handshaking": {
            "p(50)": 0,
            "p(75)": 0,
            "p(90)": 0,
            "p(95)": 0,
            "p(99)": 0,
            "avg": 0,
            "min": 0,
            "max": 0
        },
        "vus_max": {
            "min": 100,
            "max": 100,
            "value": 100
        },
        "http_req_failed": {
            "fails": 16030,
            "passes": 0,
            "thresholds": {
                "rate<0.05": false
            },
            "value": 0
        },
        "http_req_duration": {
            "max": 51.0568,
            "p(50)": 6.34685,
            "p(75)": 8.767425,
            "p(90)": 10.7474,
            "p(95)": 11.919579999999998,
            "p(99)": 14.998961999999946,
            "avg": 6.898137885215215,
            "min": 1.6226
        },
        "data_sent": {
            "count": 1466745,
            "rate": 9715.152210125145
        },
        "data_received": {
            "count": 5049450,
            "rate": 33445.605969283286
        },
        "iterations": {
            "count": 8015,
            "rate": 53.0882634433068
        },
        "vus": {
            "max": 100,
            "value": 22,
            "min": 1
        },
        "http_req_receiving": {
            "p(90)": 0.5044,
            "p(95)": 0.5228099999999999,
            "p(99)": 0.6429839999999997,
            "avg": 0.07136371802869632,
            "min": 0,
            "max": 9.2101,
            "p(50)": 0,
            "p(75)": 0
        },
        "iteration_duration": {
            "p(75)": 1017.8444,
            "p(90)": 1021.5106,
            "p(95)": 1024.14392,
            "p(99)": 1032.2653,
            "avg": 1015.215791266371,
            "min": 1005.4758,
            "max": 1063.3936,
            "p(50)": 1014.396
        },
        "http_req_sending": {
            "p(99)": 0.6117,
            "avg": 0.028595764192139758,
            "min": 0,
            "max": 16.3573,
            "p(50)": 0,
            "p(75)": 0,
            "p(90)": 0,
            "p(95)": 0
        },
        "checks": {
            "fails": 0,
            "passes": 16030,
            "value": 1
        },
        "http_req_waiting": {
            "avg": 6.798178402994403,
            "min": 1.6226,
            "max": 50.5394,
            "p(50)": 6.2485,
            "p(75)": 8.643525,
            "p(90)": 10.6278,
            "p(95)": 11.7364,
            "p(99)": 14.723044999999983
        },
        "http_reqs": {
            "count": 16030,
            "rate": 106.1765268866136
        },
        "http_req_connecting": {
            "avg": 0.010270630068621337,
            "min": 0,
            "max": 21.9928,
            "p(50)": 0,
            "p(75)": 0,
            "p(90)": 0,
            "p(95)": 0,
            "p(99)": 0
        },
        "http_req_duration{expected_response:true}": {
            "p(90)": 10.7474,
            "p(95)": 11.919579999999998,
            "p(99)": 14.998961999999946,
            "avg": 6.898137885215215,
            "min": 1.6226,
            "max": 51.0568,
            "p(50)": 6.34685,
            "p(75)": 8.767425
        }
    },
    "root_group": {
        "name": "",
        "path": "",
        "id": "d41d8cd98f00b204e9800998ecf8427e",
        "groups": {},
        "checks": {
                "products list ok": {
                    "name": "products list ok",
                    "path": "::products list ok",
                    "id": "9510a9eed98727c4f6d467383c223a18",
                    "passes": 8015,
                    "fails": 0
                },
                "product ok": {
                    "id": "716e252b0c1f95f7b69e330791590bce",
                    "passes": 8015,
                    "fails": 0,
                    "name": "product ok",
                    "path": "::product ok"
                }
            }
    }
}