{
    "root_group": {
        "name": "",
        "path": "",
        "id": "d41d8cd98f00b204e9800998ecf8427e",
        "groups": {},
        "checks": {
                "products list ok": {
                    "path": "::products list ok",
                    "id": "9510a9eed98727c4f6d467383c223a18",
                    "passes": 8032,
                    "fails": 0,
                    "name": "products list ok"
                },
                "product ok": {
                    "path": "::product ok",
                    "id": "716e252b0c1f95f7b69e330791590bce",
                    "passes": 8032,
                    "fails": 0,
                    "name": "product ok"
                }
            }
    },
    "metrics": {
        "http_req_duration": {
            "p(90)": 9.4155,
            "p(95)": 10.608964999999996,
            "p(99)": 13.380443999999947,
            "avg": 6.07619068725098,
            "min": 0.513,
            "max": 47.843,
            "p(50)": 5.44955,
            "p(75)": 7.529175
        },
        "http_req_tls_handshaking": {
            "p(50)": 0,
            "p(75)": 0,
            "p(90)": 0,
            "p(95)": 0,
            "p(99)": 0,
            "avg": 0,
            "min": 0,
            "max": 0
        },
        "http_req_waiting": {
            "max": 47.843,
            "p(50)": 5.3660499999999995,
            "p(75)": 7.4251499999999995,
            "p(90)": 9.259540000000001,
            "p(95)": 10.4523,
            "p(99)": 13.312505999999996,
            "avg": 5.9781659985059665,
            "min": 0.513
        },
        "iteration_duration": {
            "avg": 1013.3110140438266,
            "min": 1004.4846,
            "max": 1077.2967,
            "p(50)": 1012.72,
            "p(75)": 1015.2551,
            "p(90)": 1018.32838,
            "p(95)": 1020.92643,
            "p(99)": 1026.639682
        },
        "iterations": {
            "count": 8032,
            "rate": 53.18944000486122
        },
        "vus": {
            "value": 1,
            "min": 1,
            "max": 100
        },
        "http_req_blocked": {
            "p(95)": 0,
            "p(99)": 0.5207959999999991,
            "avg": 0.015940494272908372,
            "min": 0,
            "max": 17.1462,
            "p(50)": 0,
            "p(75)": 0,
            "p(90)": 0
        },
        "http_req_connecting": {
            "avg": 0.007243289342629483,
            "min": 0,
            "max": 3.6498,
            "p(50)": 0,
            "p(75)": 0,
            "p(90)": 0,
            "p(95)": 0,
            "p(99)": 0
        },
        "http_req_failed": {
            "passes": 0,
            "fails": 16064,
            "thresholds": {
                "rate<0.05": false
            },
            "value": 0
        },
        "data_received": {
            "count": 5060160,
            "rate": 33509.34720306257
        },
        "http_req_receiving": {
            "max": 16.4114,
            "p(50)": 0,
            "p(75)": 0,
            "p(90)": 0.5053,
            "p(95)": 0.5260849999999999,
            "p(99)": 0.6866369999999998,
            "avg": 0.07620239666334677,
            "min": 0
        },
        "http_reqs": {
            "rate": 106.37888000972244,
            "count": 16064
        },
        "http_req_duration{expected_response:true}": {
            "min": 0.513,
            "max": 47.843,
            "p(50)": 5.44955,
            "p(75)": 7.529175,
            "p(90)": 9.4155,
            "p(95)": 10.608964999999996,
            "p(99)": 13.380443999999947,
            "avg": 6.07619068725098
        },
        "checks": {
            "passes": 16064,
            "fails": 0,
            "value": 1
        },
        "data_sent": {
            "count": 1469856,
            "rate": 9733.667520889603
        },
        "http_req_sending": {
            "p(99)": 0.5570739999999998,
            "avg": 0.021822292081673304,
            "min": 0,
            "max": 12.3855,
            "p(50)": 0,
            "p(75)": 0,
            "p(90)": 0,
            "p(95)": 0
        },
        "vus_max": {
            "value": 100,
            "min": 100,
            "max": 100
        }
    }
}