{
    "metrics": {
        "http_reqs": {
            "count": 1200,
            "rate": 39.306528414425706
        },
        "http_req_duration": {
            "avg": 7.747067833333341,
            "min": 2.8798,
            "max": 60.6285,
            "p(50)": 6.47145,
            "p(75)": 8.9304,
            "p(90)": 10.728250000000003,
            "p(95)": 12.423219999999995,
            "p(99)": 38.3488
        },
        "http_req_duration{expected_response:true}": {
            "p(75)": 8.9304,
            "p(90)": 10.728250000000003,
            "p(95)": 12.423219999999995,
            "p(99)": 38.3488,
            "avg": 7.747067833333341,
            "min": 2.8798,
            "max": 60.6285,
            "p(50)": 6.47145
        },
        "http_req_receiving": {
            "p(99)": 1.0079,
            "avg": 0.09664400000000004,
            "min": 0,
            "max": 1.7185,
            "p(50)": 0,
            "p(75)": 0,
            "p(90)": 0.50882,
            "p(95)": 0.5438
        },
        "data_sent": {
            "count": 109800,
            "rate": 3596.5473499199525
        },
        "checks": {
            "passes": 1200,
            "fails": 0,
            "value": 1
        },
        "http_req_tls_handshaking": {
            "min": 0,
            "max": 0,
            "p(50)": 0,
            "p(75)": 0,
            "p(90)": 0,
            "p(95)": 0,
            "p(99)": 0,
            "avg": 0
        },
        "http_req_connecting": {
            "min": 0,
            "max": 1.3876,
            "p(50)": 0,
            "p(75)": 0,
            "p(90)": 0,
            "p(95)": 0,
            "p(99)": 0.879,
            "avg": 0.01507383333333333
        },
        "http_req_sending": {
            "p(99)": 0.612052999999999,
            "avg": 0.03452741666666668,
            "min": 0,
            "max": 5.5548,
            "p(50)": 0,
            "p(75)": 0,
            "p(90)": 0,
            "p(95)": 0.051624999999999976
        },
        "http_req_failed": {
            "passes": 0,
            "fails": 1200,
            "thresholds": {
                "rate<0.01": false
            },
            "value": 0
        },
        "vus": {
            "value": 20,
            "min": 20,
            "max": 20
        },
        "http_req_blocked": {
            "min": 0,
            "max": 8.2739,
            "p(50)": 0,
            "p(75)": 0,
            "p(90)": 0,
            "p(95)": 0,
            "p(99)": 7.7653,
            "avg": 0.13861291666666667
        },
        "data_received": {
            "count": 378000,
            "rate": 12381.556450544098
        },
        "iteration_duration": {
            "p(99)": 1070.645642,
            "avg": 1017.3681670000001,
            "min": 1008.0316,
            "max": 1074.267,
            "p(50)": 1015.56565,
            "p(75)": 1017.602525,
            "p(90)": 1019.48594,
            "p(95)": 1021.8022
        },
        "vus_max": {
            "value": 20,
            "min": 20,
            "max": 20
        },
        "http_req_waiting": {
            "p(50)": 6.291,
            "p(75)": 8.899275,
            "p(90)": 10.4987,
            "p(95)": 12.278284999999997,
            "p(99)": 38.3488,
            "avg": 7.615896416666659,
            "min": 2.8798,
            "max": 60.6285
        },
        "iterations": {
            "count": 600,
            "rate": 19.653264207212853
        }
    },
    "root_group": {
        "path": "",
        "id": "d41d8cd98f00b204e9800998ecf8427e",
        "groups": {},
        "checks": {
                "products list ok": {
                    "name": "products list ok",
                    "path": "::products list ok",
                    "id": "9510a9eed98727c4f6d467383c223a18",
                    "passes": 600,
                    "fails": 0
                },
                "product ok": {
                    "passes": 600,
                    "fails": 0,
                    "name": "product ok",
                    "path": "::product ok",
                    "id": "716e252b0c1f95f7b69e330791590bce"
                }
            },
        "name": ""
    }
}