{
    "root_group": {
        "checks": {
            "products list ok": {
                "path": "::products list ok",
                "id": "9510a9eed98727c4f6d467383c223a18",
                "passes": 600,
                "fails": 0,
                "name": "products list ok"
            },
            "product ok": {
                "id": "716e252b0c1f95f7b69e330791590bce",
                "passes": 600,
                "fails": 0,
                "name": "product ok",
                "path": "::product ok"
            }
        },
        "name": "",
        "path": "",
        "id": "d41d8cd98f00b204e9800998ecf8427e",
        "groups": {}
    },
    "metrics": {
        "http_req_receiving": {
            "p(50)": 0,
            "p(75)": 0,
            "p(90)": 0.5082,
            "p(95)": 0.52725,
            "p(99)": 1.008605,
            "avg": 0.09580808333333336,
            "min": 0,
            "max": 5.6305
        },
        "data_sent": {
            "count": 109800,
            "rate": 3596.948478636735
        },
        "data_received": {
            "count": 378000,
            "rate": 12382.937385470728
        },
        "http_req_blocked": {
            "p(75)": 0,
            "p(90)": 0,
            "p(95)": 0,
            "p(99)": 10.3029,
            "avg": 0.18780075000000002,
            "min": 0,
            "max": 10.3029,
            "p(50)": 0
        },
        "iteration_duration": {
            "p(99)": 1069.7873,
            "avg": 1017.3601605000019,
            "min": 1009.5541,
            "max": 1075.2257,
            "p(50)": 1015.14215,
            "p(75)": 1017.4983,
            "p(90)": 1020.92528,
            "p(95)": 1025.3648099999998
        },
        "vus": {
            "value": 20,
            "min": 20,
            "max": 20
        },
        "http_req_waiting": {
            "max": 57.3151,
            "p(50)": 6.3181,
            "p(75)": 8.3335,
            "p(90)": 10.093360000000011,
            "p(95)": 12.078509999999987,
            "p(99)": 46.2606,
            "avg": 7.593401083333312,
            "min": 2.6308
        },
        "iterations": {
            "count": 600,
            "rate": 19.655456167413853
        },
        "http_req_tls_handshaking": {
            "p(50)": 0,
            "p(75)": 0,
            "p(90)": 0,
            "p(95)": 0,
            "p(99)": 0,
            "avg": 0,
            "min": 0,
            "max": 0
        },
        "http_req_sending": {
            "avg": 0.03639516666666667,
            "min": 0,
            "max": 3.3283,
            "p(50)": 0,
            "p(75)": 0,
            "p(90)": 0,
            "p(95)": 0.14755999999999875,
            "p(99)": 1.010103
        },
        "vus_max": {
            "value": 20,
            "min": 20,
            "max": 20
        },
        "http_reqs": {
            "count": 1200,
            "rate": 39.310912334827705
        },
        "http_req_duration": {
            "max": 57.3151,
            "p(50)": 6.4827,
            "p(75)": 8.5566,
            "p(90)": 10.5583,
            "p(95)": 12.441139999999987,
            "p(99)": 46.2606,
            "avg": 7.725604333333308,
            "min": 2.6308
        },
        "http_req_connecting": {
            "min": 0,
            "max": 1.4029,
            "p(50)": 0,
            "p(75)": 0,
            "p(90)": 0,
            "p(95)": 0,
            "p(99)": 1.4029,
            "avg": 0.02252133333333333
        },
        "http_req_failed": {
            "passes": 0,
            "fails": 1200,
            "thresholds": {
                "rate<0.01": false
            },
            "value": 0
        },
        "http_req_duration{expected_response:true}": {
            "min": 2.6308,
            "max": 57.3151,
            "p(50)": 6.4827,
            "p(75)": 8.5566,
            "p(90)": 10.5583,
            "p(95)": 12.441139999999987,
            "p(99)": 46.2606,
            "avg": 7.725604333333308
        },
        "checks": {
            "passes": 1200,
            "fails": 0,
            "value": 1
        }
    }
}