{
    "root_group": {
        "groups": {},
        "checks": {
                "login ok": {
                    "name": "login ok",
                    "path": "::login ok",
                    "id": "0ddcda49e3a8b9d6d2e015dafbaafe65",
                    "passes": 300,
                    "fails": 0
                },
                "cart add ok": {
                    "id": "3476b21dcb095c2f01deccc20115d127",
                    "passes": 300,
                    "fails": 0,
                    "name": "cart add ok",
                    "path": "::cart add ok"
                },
                "cart get ok": {
                    "id": "9d960ca6baf25ee48d3f3c991473fca0",
                    "passes": 300,
                    "fails": 0,
                    "name": "cart get ok",
                    "path": "::cart get ok"
                },
                "cart update ok": {
                    "fails": 0,
                    "name": "cart update ok",
                    "path": "::cart update ok",
                    "id": "07ee78e8bcccf32bc9963f8d3c17eecf",
                    "passes": 300
                },
                "cart remove ok": {
                    "name": "cart remove ok",
                    "path": "::cart remove ok",
                    "id": "31001ad0f6cf28a008d3b28f557b05a9",
                    "passes": 300,
                    "fails": 0
                }
            },
        "name": "",
        "path": "",
        "id": "d41d8cd98f00b204e9800998ecf8427e"
    },
    "metrics": {
        "checks": {
            "fails": 0,
            "passes": 1500,
            "value": 1
        },
        "http_reqs": {
            "count": 1500,
            "rate": 48.60114105953384
        },
        "http_req_waiting": {
            "p(95)": 8.879574999999997,
            "p(99)": 25.1593,
            "avg": 5.086158733333342,
            "min": 1.131,
            "max": 59.1163,
            "p(50)": 4.0141,
            "p(75)": 5.5714,
            "p(90)": 7.7918
        },
        "http_req_duration": {
            "p(90)": 7.909570000000002,
            "p(95)": 9.04236,
            "p(99)": 25.1593,
            "avg": 5.186740333333343,
            "min": 1.3683,
            "max": 60.1186,
            "p(50)": 4.1219,
            "p(75)": 5.743025
        },
        "http_req_receiving": {
            "max": 2.0655,
            "p(50)": 0,
            "p(75)": 0,
            "p(90)": 0.5038300000000001,
            "p(95)": 0.5175649999999999,
            "p(99)": 1.0112,
            "avg": 0.07379973333333333,
            "min": 0
        },
        "vus_max": {
            "value": 10,
            "min": 10,
            "max": 10
        },
        "iteration_duration": {
            "p(75)": 1027.41675,
            "p(90)": 1031.95983,
            "p(95)": 1034.4522650000001,
            "p(99)": 1150.1444,
            "avg": 1028.6485366666675,
            "min": 1015.4396,
            "max": 1150.5161,
            "p(50)": 1024.2738
        },
        "data_received": {
            "count": 600600,
            "rate": 19459.89688023735
        },
        "http_req_sending": {
            "min": 0,
            "max": 1.5505,
            "p(50)": 0,
            "p(75)": 0,
            "p(90)": 0,
            "p(95)": 0.054274999999999844,
            "p(99)": 0.7282259999999997,
            "avg": 0.026781866666666675
        },
        "iterations": {
            "count": 300,
            "rate": 9.720228211906768
        },
        "vus": {
            "value": 10,
            "min": 10,
            "max": 10
        },
        "http_req_duration{expected_response:true}": {
            "avg": 5.186740333333343,
            "min": 1.3683,
            "max": 60.1186,
            "p(50)": 4.1219,
            "p(75)": 5.743025,
            "p(90)": 7.909570000000002,
            "p(95)": 9.04236,
            "p(99)": 25.1593
        },
        "http_req_blocked": {
            "min": 0,
            "max": 9.7553,
            "p(50)": 0,
            "p(75)": 0,
            "p(90)": 0,
            "p(95)": 0,
            "p(99)": 0.5253059999999999,
            "avg": 0.06624540000000002
        },
        "http_req_connecting": {
            "avg": 0.003341,
            "min": 0,
            "max": 1.0023,
            "p(50)": 0,
            "p(75)": 0,
            "p(90)": 0,
            "p(95)": 0,
            "p(99)": 0
        },
        "http_req_tls_handshaking": {
            "min": 0,
            "max": 0,
            "p(50)": 0,
            "p(75)": 0,
            "p(90)": 0,
            "p(95)": 0,
            "p(99)": 0,
            "avg": 0
        },
        "data_sent": {
            "count": 892200,
            "rate": 28907.958702210726
        },
        "http_req_failed": {
            "passes": 0,
            "fails": 1500,
            "thresholds": {
                "rate<0.02": false
            },
            "value": 0
        }
    }
}