{
    "root_group": {
        "name": "",
        "path": "",
        "id": "d41d8cd98f00b204e9800998ecf8427e",
        "groups": {},
        "checks": {
                "products list ok": {
                    "fails": 0,
                    "name": "products list ok",
                    "path": "::products list ok",
                    "id": "9510a9eed98727c4f6d467383c223a18",
                    "passes": 8022
                },
                "product ok": {
                    "name": "product ok",
                    "path": "::product ok",
                    "id": "716e252b0c1f95f7b69e330791590bce",
                    "passes": 8022,
                    "fails": 0
                }
            }
    },
    "metrics": {
        "http_req_blocked": {
            "avg": 0.012713138868112702,
            "min": 0,
            "max": 4.1459,
            "p(50)": 0,
            "p(75)": 0,
            "p(90)": 0,
            "p(95)": 0,
            "p(99)": 0.516114
        },
        "vus_max": {
            "min": 100,
            "max": 100,
            "value": 100
        },
        "data_sent": {
            "count": 1468026,
            "rate": 9732.806875685676
        },
        "http_req_tls_handshaking": {
            "p(90)": 0,
            "p(95)": 0,
            "p(99)": 0,
            "avg": 0,
            "min": 0,
            "max": 0,
            "p(50)": 0,
            "p(75)": 0
        },
        "checks": {
            "passes": 16044,
            "fails": 0,
            "value": 1
        },
        "vus": {
            "value": 23,
            "min": 1,
            "max": 100
        },
        "http_req_failed": {
            "fails": 16044,
            "passes": 0,
            "thresholds": {
                "rate<0.05": false
            },
            "value": 0
        },
        "http_req_duration": {
            "p(99)": 14.5173,
            "avg": 6.695232117925692,
            "min": 1.4282,
            "max": 58.7008,
            "p(50)": 6.2254000000000005,
            "p(75)": 8.605,
            "p(90)": 10.309330000000001,
            "p(95)": 11.4682
        },
        "http_req_duration{expected_response:true}": {
            "max": 58.7008,
            "p(50)": 6.2254000000000005,
            "p(75)": 8.605,
            "p(90)": 10.309330000000001,
            "p(95)": 11.4682,
            "p(99)": 14.5173,
            "avg": 6.695232117925692,
            "min": 1.4282
        },
        "http_req_receiving": {
            "p(95)": 0.5268,
            "p(99)": 0.6335,
            "avg": 0.07244109324357999,
            "min": 0,
            "max": 3.6085,
            "p(50)": 0,
            "p(75)": 0,
            "p(90)": 0.5048
        },
        "data_received": {
            "rate": 33506.38432613102,
            "count": 5053860
        },
        "iterations": {
            "count": 8022,
            "rate": 53.18473702560478
        },
        "http_req_connecting": {
            "max": 3.4284,
            "p(50)": 0,
            "p(75)": 0,
            "p(90)": 0,
            "p(95)": 0,
            "p(99)": 0,
            "avg": 0.005877948142607828,
            "min": 0
        },
        "http_reqs": {
            "rate": 106.36947405120956,
            "count": 16044
        },
        "http_req_sending": {
            "p(50)": 0,
            "p(75)": 0,
            "p(90)": 0,
            "p(95)": 0,
            "p(99)": 0.5446269999999998,
            "avg": 0.01924265769134879,
            "min": 0,
            "max": 4.2527
        },
        "http_req_waiting": {
            "max": 58.7008,
            "p(50)": 6.1229,
            "p(75)": 8.5068,
            "p(90)": 10.188780000000003,
            "p(95)": 11.3184,
            "p(99)": 14.3704,
            "avg": 6.6035483669907595,
            "min": 1.4282
        },
        "iteration_duration": {
            "p(50)": 1013.6583,
            "p(75)": 1016.8311,
            "p(90)": 1020.5703199999999,
            "p(95)": 1022.323335,
            "p(99)": 1027.795261,
            "avg": 1014.2918638369442,
            "min": 1004.9316,
            "max": 1065.2666
        }
    }
}