{
    "root_group": {
        "id": "d41d8cd98f00b204e9800998ecf8427e",
        "groups": {},
        "checks": {
                "products list ok": {
                    "name": "products list ok",
                    "path": "::products list ok",
                    "id": "9510a9eed98727c4f6d467383c223a18",
                    "passes": 600,
                    "fails": 0
                },
                "product ok": {
                    "name": "product ok",
                    "path": "::product ok",
                    "id": "716e252b0c1f95f7b69e330791590bce",
                    "passes": 600,
                    "fails": 0
                }
            },
        "name": "",
        "path": ""
    },
    "metrics": {
        "checks": {
            "fails": 0,
            "passes": 1200,
            "value": 1
        },
        "iterations": {
            "rate": 19.627826702280355,
            "count": 600
        },
        "http_reqs": {
            "count": 1200,
            "rate": 39.25565340456071
        },
        "http_req_duration": {
            "p(90)": 10.34219,
            "p(95)": 14.648604999999742,
            "p(99)": 43.5773,
            "avg": 8.006753916666653,
            "min": 2.2086,
            "max": 57.5725,
            "p(50)": 6.3139,
            "p(75)": 8.332674999999998
        },
        "http_req_duration{expected_response:true}": {
            "p(95)": 14.648604999999742,
            "p(99)": 43.5773,
            "avg": 8.006753916666653,
            "min": 2.2086,
            "max": 57.5725,
            "p(50)": 6.3139,
            "p(75)": 8.332674999999998,
            "p(90)": 10.34219
        },
        "data_sent": {
            "count": 109800,
            "rate": 3591.892286517305
        },
        "data_received": {
            "count": 378000,
            "rate": 12365.530822436624
        },
        "http_req_receiving": {
            "max": 5.0833,
            "p(50)": 0,
            "p(75)": 0,
            "p(90)": 0.5095,
            "p(95)": 0.5401299999999996,
            "p(99)": 1.1284119999999997,
            "avg": 0.10409950000000011,
            "min": 0
        },
        "iteration_duration": {
            "p(75)": 1017.264675,
            "p(90)": 1022.77688,
            "p(95)": 1051.9264699999999,
            "p(99)": 1068.4325,
            "avg": 1018.8020591666656,
            "min": 1009.8624,
            "max": 1073.6685,
            "p(50)": 1015.0544
        },
        "http_req_tls_handshaking": {
            "p(95)": 0,
            "p(99)": 0,
            "avg": 0,
            "min": 0,
            "max": 0,
            "p(50)": 0,
            "p(75)": 0,
            "p(90)": 0
        },
        "http_req_sending": {
            "p(90)": 0,
            "p(95)": 0,
            "p(99)": 0.9444949999999994,
            "avg": 0.034581833333333326,
            "min": 0,
            "max": 3.8702,
            "p(50)": 0,
            "p(75)": 0
        },
        "http_req_waiting": {
            "avg": 7.868072583333326,
            "min": 2.2086,
            "max": 57.5725,
            "p(50)": 6.1968,
            "p(75)": 8.11905,
            "p(90)": 10.070880000000013,
            "p(95)": 14.60811499999978,
            "p(99)": 43.018246999999995
        },
        "http_req_failed": {
            "fails": 1200,
            "passes": 0,
            "thresholds": {
                "rate<0.01": false
            },
            "value": 0
        },
        "http_req_blocked": {
            "p(95)": 0,
            "p(99)": 9.7375,
            "avg": 0.17140083333333336,
            "min": 0,
            "max": 10.3279,
            "p(50)": 0,
            "p(75)": 0,
            "p(90)": 0
        },
        "http_req_connecting": {
            "min": 0,
            "max": 2.1503,
            "p(50)": 0,
            "p(75)": 0,
            "p(90)": 0,
            "p(95)": 0,
            "p(99)": 1.709756999999998,
            "avg": 0.028299750000000005
        },
        "vus": {
            "min": 20,
            "max": 20,
            "value": 20
        },
        "vus_max": {
            "value": 20,
            "min": 20,
            "max": 20
        }
    }
}