{
    "metrics": {
        "http_req_duration": {
            "min": 2.8357,
            "max": 41.463,
            "p(50)": 6.8781,
            "p(75)": 9.606525000000001,
            "p(90)": 11.2813,
            "p(95)": 12.748629999999999,
            "p(99)": 33.8385,
            "avg": 8.072829000000002
        },
        "http_req_blocked": {
            "p(50)": 0,
            "p(75)": 0,
            "p(90)": 0,
            "p(95)": 0,
            "p(99)": 12.2217,
            "avg": 0.21042383333333337,
            "min": 0,
            "max": 12.3939
        },
        "http_req_waiting": {
            "p(90)": 11.196790000000002,
            "p(95)": 12.582159999999996,
            "p(99)": 33.668022,
            "avg": 7.957367916666676,
            "min": 2.3517,
            "max": 41.463,
            "p(50)": 6.822649999999999,
            "p(75)": 9.422025
        },
        "http_req_duration{expected_response:true}": {
            "p(99)": 33.8385,
            "avg": 8.072829000000002,
            "min": 2.8357,
            "max": 41.463,
            "p(50)": 6.8781,
            "p(75)": 9.606525000000001,
            "p(90)": 11.2813,
            "p(95)": 12.748629999999999
        },
        "iteration_duration": {
            "p(75)": 1018.4069,
            "p(90)": 1021.0904,
            "p(95)": 1025.1361049999998,
            "p(99)": 1070.5801,
            "avg": 1018.3189396666681,
            "min": 1008.8401,
            "max": 1075.7723,
            "p(50)": 1016.4018
        },
        "iterations": {
            "count": 600,
            "rate": 19.635782545725405
        },
        "data_received": {
            "count": 378000,
            "rate": 12370.543003807006
        },
        "checks": {
            "passes": 1200,
            "fails": 0,
            "value": 1
        },
        "vus": {
            "max": 20,
            "value": 20,
            "min": 20
        },
        "http_req_tls_handshaking": {
            "max": 0,
            "p(50)": 0,
            "p(75)": 0,
            "p(90)": 0,
            "p(95)": 0,
            "p(99)": 0,
            "avg": 0,
            "min": 0
        },
        "http_req_sending": {
            "avg": 0.032627833333333335,
            "min": 0,
            "max": 4.1614,
            "p(50)": 0,
            "p(75)": 0,
            "p(90)": 0,
            "p(95)": 0,
            "p(99)": 1.011815
        },
        "http_req_connecting": {
            "p(95)": 0,
            "p(99)": 1.0492,
            "avg": 0.01720341666666666,
            "min": 0,
            "max": 1.2214,
            "p(50)": 0,
            "p(75)": 0,
            "p(90)": 0
        },
        "data_sent": {
            "count": 109800,
            "rate": 3593.348205867749
        },
        "vus_max": {
            "value": 20,
            "min": 20,
            "max": 20
        },
        "http_req_receiving": {
            "p(90)": 0.5067100000000001,
            "p(95)": 0.5233249999999999,
            "p(99)": 1.0087,
            "avg": 0.08283324999999998,
            "min": 0,
            "max": 2.1066,
            "p(50)": 0,
            "p(75)": 0
        },
        "http_req_failed": {
            "passes": 0,
            "fails": 1200,
            "thresholds": {
                "rate<0.01": false
            },
            "value": 0
        },
        "http_reqs": {
            "count": 1200,
            "rate": 39.27156509145081
        }
    },
    "root_group": {
        "checks": {
            "products list ok": {
                "name": "products list ok",
                "path": "::products list ok",
                "id": "9510a9eed98727c4f6d467383c223a18",
                "passes": 600,
                "fails": 0
            },
            "product ok": {
                "id": "716e252b0c1f95f7b69e330791590bce",
                "passes": 600,
                "fails": 0,
                "name": "product ok",
                "path": "::product ok"
            }
        },
        "name": "",
        "path": "",
        "id": "d41d8cd98f00b204e9800998ecf8427e",
        "groups": {}
    }
}