{
    "root_group": {
        "name": "",
        "path": "",
        "id": "d41d8cd98f00b204e9800998ecf8427e",
        "groups": {},
        "checks": {
                "products list ok": {
                    "fails": 0,
                    "name": "products list ok",
                    "path": "::products list ok",
                    "id": "9510a9eed98727c4f6d467383c223a18",
                    "passes": 600
                },
                "product ok": {
                    "name": "product ok",
                    "path": "::product ok",
                    "id": "716e252b0c1f95f7b69e330791590bce",
                    "passes": 600,
                    "fails": 0
                }
            }
    },
    "metrics": {
        "http_reqs": {
            "count": 1200,
            "rate": 39.31697489651453
        },
        "iteration_duration": {
            "p(75)": 1017.35065,
            "p(90)": 1019.95172,
            "p(95)": 1022.38182,
            "p(99)": 1065.8041,
            "avg": 1017.2127201666675,
            "min": 1009.7026,
            "max": 1072.7868,
            "p(50)": 1015.4058
        },
        "http_req_receiving": {
            "min": 0,
            "max": 2.6897,
            "p(50)": 0,
            "p(75)": 0,
            "p(90)": 0.51212,
            "p(95)": 0.5489,
            "p(99)": 1.0108879999999998,
            "avg": 0.10899683333333336
        },
        "http_req_duration{expected_response:true}": {
            "min": 2.8347,
            "max": 39.8704,
            "p(50)": 6.49155,
            "p(75)": 9.525575,
            "p(90)": 11.134790000000004,
            "p(95)": 12.946879999999997,
            "p(99)": 31.4732,
            "avg": 7.807670750000001
        },
        "http_req_connecting": {
            "p(75)": 0,
            "p(90)": 0,
            "p(95)": 0,
            "p(99)": 3.1722,
            "avg": 0.04713425,
            "min": 0,
            "max": 4.502,
            "p(50)": 0
        },
        "http_req_failed": {
            "passes": 0,
            "fails": 1200,
            "thresholds": {
                "rate<0.01": false
            },
            "value": 0
        },
        "data_received": {
            "count": 378000,
            "rate": 12384.847092402077
        },
        "iterations": {
            "count": 600,
            "rate": 19.658487448257265
        },
        "http_req_duration": {
            "avg": 7.807670750000001,
            "min": 2.8347,
            "max": 39.8704,
            "p(50)": 6.49155,
            "p(75)": 9.525575,
            "p(90)": 11.134790000000004,
            "p(95)": 12.946879999999997,
            "p(99)": 31.4732
        },
        "vus": {
            "value": 20,
            "min": 20,
            "max": 20
        },
        "checks": {
            "passes": 1200,
            "fails": 0,
            "value": 1
        },
        "vus_max": {
            "value": 20,
            "min": 20,
            "max": 20
        },
        "http_req_blocked": {
            "p(99)": 11.0982,
            "avg": 0.19639591666666667,
            "min": 0,
            "max": 12.9347,
            "p(50)": 0,
            "p(75)": 0,
            "p(90)": 0,
            "p(95)": 0
        },
        "http_req_tls_handshaking": {
            "avg": 0,
            "min": 0,
            "max": 0,
            "p(50)": 0,
            "p(75)": 0,
            "p(90)": 0,
            "p(95)": 0,
            "p(99)": 0
        },
        "http_req_sending": {
            "p(95)": 0.1552299999999996,
            "p(99)": 1.010246,
            "avg": 0.03774550000000001,
            "min": 0,
            "max": 3.4493,
            "p(50)": 0,
            "p(75)": 0,
            "p(90)": 0
        },
        "http_req_waiting": {
            "p(90)": 11.066820000000002,
            "p(95)": 12.599984999999997,
            "p(99)": 29.896818999999994,
            "avg": 7.660928416666658,
            "min": 2.8347,
            "max": 39.8704,
            "p(50)": 6.3392,
            "p(75)": 9.3953
        },
        "data_sent": {
            "count": 109800,
            "rate": 3597.503203031079
        }
    }
}