{
    "metrics": {
        "http_req_connecting": {
            "p(95)": 0,
            "p(99)": 0,
            "avg": 0.004821133333333334,
            "min": 0,
            "max": 0.7442,
            "p(50)": 0,
            "p(75)": 0,
            "p(90)": 0
        },
        "http_reqs": {
            "count": 1500,
            "rate": 48.56947358073198
        },
        "http_req_receiving": {
            "min": 0,
            "max": 4.8553,
            "p(50)": 0,
            "p(75)": 0,
            "p(90)": 0.5045,
            "p(95)": 0.517825,
            "p(99)": 0.7997539999999984,
            "avg": 0.07833900000000003
        },
        "http_req_duration": {
            "min": 1.4756,
            "max": 60.0424,
            "p(50)": 4.0302,
            "p(75)": 5.8551,
            "p(90)": 8.7033,
            "p(95)": 10.002225,
            "p(99)": 26.2389,
            "avg": 5.263385800000001
        },
        "http_req_tls_handshaking": {
            "min": 0,
            "max": 0,
            "p(50)": 0,
            "p(75)": 0,
            "p(90)": 0,
            "p(95)": 0,
            "p(99)": 0,
            "avg": 0
        },
        "checks": {
            "passes": 1500,
            "fails": 0,
            "value": 1
        },
        "http_req_sending": {
            "p(90)": 0,
            "p(95)": 0.16763999999999932,
            "p(99)": 0.7986659999999993,
            "avg": 0.03643293333333333,
            "min": 0,
            "max": 3.3344,
            "p(50)": 0,
            "p(75)": 0
        },
        "data_sent": {
            "count": 892200,
            "rate": 28889.122885819383
        },
        "iteration_duration": {
            "max": 1154.8942,
            "p(50)": 1024.7116,
            "p(75)": 1028.9698250000001,
            "p(90)": 1033.61307,
            "p(95)": 1036.3343,
            "p(99)": 1154.8942,
            "avg": 1029.261211666668,
            "min": 1015.2686
        },
        "iterations": {
            "count": 300,
            "rate": 9.713894716146397
        },
        "http_req_waiting": {
            "p(75)": 5.6378,
            "p(90)": 8.3439,
            "p(95)": 9.849459999999993,
            "p(99)": 25.733,
            "avg": 5.148613866666673,
            "min": 1.4756,
            "max": 59.4899,
            "p(50)": 3.94405
        },
        "http_req_blocked": {
            "p(90)": 0,
            "p(95)": 0,
            "p(99)": 0.505911,
            "avg": 0.0707907333333333,
            "min": 0,
            "max": 10.601,
            "p(50)": 0,
            "p(75)": 0
        },
        "vus_max": {
            "min": 10,
            "max": 10,
            "value": 10
        },
        "data_received": {
            "rate": 19447.217221725085,
            "count": 600600
        },
        "vus": {
            "max": 10,
            "value": 10,
            "min": 10
        },
        "http_req_failed": {
            "passes": 0,
            "fails": 1500,
            "thresholds": {
                "rate<0.02": false
            },
            "value": 0
        },
        "http_req_duration{expected_response:true}": {
            "max": 60.0424,
            "p(50)": 4.0302,
            "p(75)": 5.8551,
            "p(90)": 8.7033,
            "p(95)": 10.002225,
            "p(99)": 26.2389,
            "avg": 5.263385800000001,
            "min": 1.4756
        }
    },
    "root_group": {
        "name": "",
        "path": "",
        "id": "d41d8cd98f00b204e9800998ecf8427e",
        "groups": {},
        "checks": {
                "login ok": {
                    "passes": 300,
                    "fails": 0,
                    "name": "login ok",
                    "path": "::login ok",
                    "id": "0ddcda49e3a8b9d6d2e015dafbaafe65"
                },
                "cart add ok": {
                    "name": "cart add ok",
                    "path": "::cart add ok",
                    "id": "3476b21dcb095c2f01deccc20115d127",
                    "passes": 300,
                    "fails": 0
                },
                "cart get ok": {
                    "passes": 300,
                    "fails": 0,
                    "name": "cart get ok",
                    "path": "::cart get ok",
                    "id": "9d960ca6baf25ee48d3f3c991473fca0"
                },
                "cart update ok": {
                    "name": "cart update ok",
                    "path": "::cart update ok",
                    "id": "07ee78e8bcccf32bc9963f8d3c17eecf",
                    "passes": 300,
                    "fails": 0
                },
                "cart remove ok": {
                    "name": "cart remove ok",
                    "path": "::cart remove ok",
                    "id": "31001ad0f6cf28a008d3b28f557b05a9",
                    "passes": 300,
                    "fails": 0
                }
            }
    }
}