{
    "metrics": {
        "http_req_failed": {
            "passes": 0,
            "fails": 16030,
            "thresholds": {
                "rate<0.05": false
            },
            "value": 0
        },
        "http_req_duration{expected_response:true}": {
            "p(95)": 11.645069999999999,
            "p(99)": 14.264791999999995,
            "avg": 6.777814354335614,
            "min": 1.5193,
            "max": 47.6581,
            "p(50)": 6.2783,
            "p(75)": 8.6303,
            "p(90)": 10.5124
        },
        "http_req_connecting": {
            "p(50)": 0,
            "p(75)": 0,
            "p(90)": 0,
            "p(95)": 0,
            "p(99)": 0,
            "avg": 0.01006893948845914,
            "min": 0,
            "max": 24.0247
        },
        "data_sent": {
            "count": 1466745,
            "rate": 9719.057317656563
        },
        "iteration_duration": {
            "p(95)": 1023.6545,
            "p(99)": 1030.055586,
            "avg": 1015.1376609232635,
            "min": 1004.989,
            "max": 1066.9947,
            "p(50)": 1014.6036,
            "p(75)": 1017.57555,
            "p(90)": 1021.1116
        },
        "http_req_receiving": {
            "p(99)": 0.6797359999999986,
            "avg": 0.07348111665626932,
            "min": 0,
            "max": 10.3111,
            "p(50)": 0,
            "p(75)": 0,
            "p(90)": 0.505,
            "p(95)": 0.5217
        },
        "http_req_duration": {
            "p(50)": 6.2783,
            "p(75)": 8.6303,
            "p(90)": 10.5124,
            "p(95)": 11.645069999999999,
            "p(99)": 14.264791999999995,
            "avg": 6.777814354335614,
            "min": 1.5193,
            "max": 47.6581
        },
        "iterations": {
            "count": 8015,
            "rate": 53.10960282872439
        },
        "http_req_blocked": {
            "p(50)": 0,
            "p(75)": 0,
            "p(90)": 0,
            "p(95)": 0,
            "p(99)": 0.5504,
            "avg": 0.020080879600748603,
            "min": 0,
            "max": 24.0247
        },
        "http_req_waiting": {
            "p(95)": 11.461629999999998,
            "p(99)": 14.013672999999987,
            "avg": 6.675747442295689,
            "min": 1.2054,
            "max": 47.6581,
            "p(50)": 6.1829,
            "p(75)": 8.533775,
            "p(90)": 10.40856
        },
        "vus_max": {
            "value": 100,
            "min": 100,
            "max": 100
        },
        "data_received": {
            "count": 5049450,
            "rate": 33459.049782096365
        },
        "http_reqs": {
            "count": 16030,
            "rate": 106.21920565744878
        },
        "http_req_sending": {
            "p(99)": 0.6334369999999959,
            "avg": 0.028585795383655667,
            "min": 0,
            "max": 16.8159,
            "p(50)": 0,
            "p(75)": 0,
            "p(90)": 0,
            "p(95)": 0
        },
        "http_req_tls_handshaking": {
            "p(75)": 0,
            "p(90)": 0,
            "p(95)": 0,
            "p(99)": 0,
            "avg": 0,
            "min": 0,
            "max": 0,
            "p(50)": 0
        },
        "checks": {
            "passes": 16030,
            "fails": 0,
            "value": 1
        },
        "vus": {
            "value": 22,
            "min": 1,
            "max": 100
        }
    },
    "root_group": {
        "name": "",
        "path": "",
        "id": "d41d8cd98f00b204e9800998ecf8427e",
        "groups": {},
        "checks": {
                "products list ok": {
                    "name": "products list ok",
                    "path": "::products list ok",
                    "id": "9510a9eed98727c4f6d467383c223a18",
                    "passes": 8015,
                    "fails": 0
                },
                "product ok": {
                    "passes": 8015,
                    "fails": 0,
                    "name": "product ok",
                    "path": "::product ok",
                    "id": "716e252b0c1f95f7b69e330791590bce"
                }
            }
    }
}