{
    "root_group": {
        "name": "",
        "path": "",
        "id": "d41d8cd98f00b204e9800998ecf8427e",
        "groups": {},
        "checks": {
                "products list ok": {
                    "name": "products list ok",
                    "path": "::products list ok",
                    "id": "9510a9eed98727c4f6d467383c223a18",
                    "passes": 8024,
                    "fails": 0
                },
                "product ok": {
                    "name": "product ok",
                    "path": "::product ok",
                    "id": "716e252b0c1f95f7b69e330791590bce",
                    "passes": 8024,
                    "fails": 0
                }
            }
    },
    "metrics": {
        "data_received": {
            "count": 5055120,
            "rate": 33478.2247986529
        },
        "http_reqs": {
            "count": 16048,
            "rate": 106.2800787258822
        },
        "http_req_blocked": {
            "p(95)": 0,
            "p(99)": 0.5148530000000001,
            "avg": 0.01267532402791625,
            "min": 0,
            "max": 4.4776,
            "p(50)": 0,
            "p(75)": 0,
            "p(90)": 0
        },
        "checks": {
            "fails": 0,
            "passes": 16048,
            "value": 1
        },
        "iteration_duration": {
            "p(90)": 1019.514,
            "p(95)": 1021.864045,
            "p(99)": 1029.5831,
            "avg": 1013.9298420239274,
            "min": 1004.4891,
            "max": 1073.355,
            "p(50)": 1013.4391,
            "p(75)": 1016.1408
        },
        "http_req_tls_handshaking": {
            "min": 0,
            "max": 0,
            "p(50)": 0,
            "p(75)": 0,
            "p(90)": 0,
            "p(95)": 0,
            "p(99)": 0,
            "avg": 0
        },
        "data_sent": {
            "count": 1468392,
            "rate": 9724.627203418222
        },
        "http_req_connecting": {
            "p(90)": 0,
            "p(95)": 0,
            "p(99)": 0,
            "avg": 0.005908991774675971,
            "min": 0,
            "max": 4.4776,
            "p(50)": 0,
            "p(75)": 0
        },
        "http_req_sending": {
            "p(99)": 0.5564180000000004,
            "avg": 0.021126663758723834,
            "min": 0,
            "max": 4.369,
            "p(50)": 0,
            "p(75)": 0,
            "p(90)": 0,
            "p(95)": 0
        },
        "http_req_duration{expected_response:true}": {
            "max": 57.9808,
            "p(50)": 5.8106,
            "p(75)": 8.149325000000001,
            "p(90)": 10.0964,
            "p(95)": 11.290179999999998,
            "p(99)": 15.2266,
            "avg": 6.46465338359925,
            "min": 1.5459
        },
        "http_req_waiting": {
            "p(99)": 14.981,
            "avg": 6.371787799102743,
            "min": 1.5291,
            "max": 57.9808,
            "p(50)": 5.70595,
            "p(75)": 8.0432,
            "p(90)": 9.9715,
            "p(95)": 11.1929
        },
        "vus": {
            "value": 5,
            "min": 1,
            "max": 100
        },
        "iterations": {
            "count": 8024,
            "rate": 53.1400393629411
        },
        "vus_max": {
            "value": 100,
            "min": 100,
            "max": 100
        },
        "http_req_duration": {
            "p(50)": 5.8106,
            "p(75)": 8.149325000000001,
            "p(90)": 10.0964,
            "p(95)": 11.290179999999998,
            "p(99)": 15.2266,
            "avg": 6.46465338359925,
            "min": 1.5459,
            "max": 57.9808
        },
        "http_req_receiving": {
            "max": 4.639,
            "p(50)": 0,
            "p(75)": 0,
            "p(90)": 0.5049,
            "p(95)": 0.5248,
            "p(99)": 0.6611060000000002,
            "avg": 0.07173892073778641,
            "min": 0
        },
        "http_req_failed": {
            "passes": 0,
            "fails": 16048,
            "thresholds": {
                "rate<0.05": false
            },
            "value": 0
        }
    }
}