{
    "root_group": {
        "name": "",
        "path": "",
        "id": "d41d8cd98f00b204e9800998ecf8427e",
        "groups": {},
        "checks": {
                "products list ok": {
                    "path": "::products list ok",
                    "id": "9510a9eed98727c4f6d467383c223a18",
                    "passes": 8020,
                    "fails": 0,
                    "name": "products list ok"
                },
                "product ok": {
                    "path": "::product ok",
                    "id": "716e252b0c1f95f7b69e330791590bce",
                    "passes": 8020,
                    "fails": 0,
                    "name": "product ok"
                }
            }
    },
    "metrics": {
        "http_req_blocked": {
            "p(95)": 0,
            "p(99)": 0.5194540000000009,
            "avg": 0.012516558603491271,
            "min": 0,
            "max": 3.983,
            "p(50)": 0,
            "p(75)": 0,
            "p(90)": 0
        },
        "http_req_tls_handshaking": {
            "min": 0,
            "max": 0,
            "p(50)": 0,
            "p(75)": 0,
            "p(90)": 0,
            "p(95)": 0,
            "p(99)": 0,
            "avg": 0
        },
        "http_req_duration": {
            "p(99)": 15.310076000000018,
            "avg": 6.675097655860369,
            "min": 1.0267,
            "max": 56.2389,
            "p(50)": 6.00825,
            "p(75)": 8.51915,
            "p(90)": 10.36012,
            "p(95)": 11.681605
        },
        "http_req_connecting": {
            "p(95)": 0,
            "p(99)": 0,
            "avg": 0.005883852867830424,
            "min": 0,
            "max": 2.306,
            "p(50)": 0,
            "p(75)": 0,
            "p(90)": 0
        },
        "iteration_duration": {
            "p(75)": 1016.578225,
            "p(90)": 1020.08695,
            "p(95)": 1022.74751,
            "p(99)": 1029.5436,
            "avg": 1014.345086284292,
            "min": 1005.0584,
            "max": 1089.457,
            "p(50)": 1013.5182
        },
        "vus": {
            "min": 1,
            "max": 100,
            "value": 23
        },
        "http_req_failed": {
            "passes": 0,
            "fails": 16040,
            "thresholds": {
                "rate<0.05": false
            },
            "value": 0
        },
        "http_req_receiving": {
            "avg": 0.0732936658354116,
            "min": 0,
            "max": 5.0667,
            "p(50)": 0,
            "p(75)": 0,
            "p(90)": 0.5047,
            "p(95)": 0.5218,
            "p(99)": 0.6393440000000002
        },
        "iterations": {
            "count": 8020,
            "rate": 53.13709840877593
        },
        "checks": {
            "passes": 16040,
            "fails": 0,
            "value": 1
        },
        "http_req_sending": {
            "p(90)": 0,
            "p(95)": 0,
            "p(99)": 0.5475610000000001,
            "avg": 0.020817094763092254,
            "min": 0,
            "max": 5.0988,
            "p(50)": 0,
            "p(75)": 0
        },
        "http_req_waiting": {
            "p(99)": 15.178863000000028,
            "avg": 6.580986895261886,
            "min": 1.0267,
            "max": 56.2389,
            "p(50)": 5.90455,
            "p(75)": 8.4093,
            "p(90)": 10.26015,
            "p(95)": 11.512989999999999
        },
        "data_sent": {
            "count": 1467660,
            "rate": 9724.089008805995
        },
        "data_received": {
            "count": 5052600,
            "rate": 33476.37199752883
        },
        "vus_max": {
            "value": 100,
            "min": 100,
            "max": 100
        },
        "http_reqs": {
            "count": 16040,
            "rate": 106.27419681755185
        },
        "http_req_duration{expected_response:true}": {
            "min": 1.0267,
            "max": 56.2389,
            "p(50)": 6.00825,
            "p(75)": 8.51915,
            "p(90)": 10.36012,
            "p(95)": 11.681605,
            "p(99)": 15.310076000000018,
            "avg": 6.675097655860369
        }
    }
}