{
    "metrics": {
        "http_req_duration{expected_response:true}": {
            "p(50)": 6.0011,
            "p(75)": 8.402675,
            "p(90)": 10.079229999999999,
            "p(95)": 11.172,
            "p(99)": 14.461515000000004,
            "avg": 6.598645979304343,
            "min": 1.553,
            "max": 67.1098
        },
        "http_req_tls_handshaking": {
            "p(99)": 0,
            "avg": 0,
            "min": 0,
            "max": 0,
            "p(50)": 0,
            "p(75)": 0,
            "p(90)": 0,
            "p(95)": 0
        },
        "http_req_duration": {
            "p(95)": 11.172,
            "p(99)": 14.461515000000004,
            "avg": 6.598645979304343,
            "min": 1.553,
            "max": 67.1098,
            "p(50)": 6.0011,
            "p(75)": 8.402675,
            "p(90)": 10.079229999999999
        },
        "data_received": {
            "count": 5053230,
            "rate": 33500.1575188182
        },
        "http_req_waiting": {
            "min": 1.5201,
            "max": 67.1098,
            "p(50)": 5.8994,
            "p(75)": 8.2833,
            "p(90)": 9.9674,
            "p(95)": 11.046479999999995,
            "p(99)": 14.353075000000002,
            "avg": 6.509047307068943
        },
        "checks": {
            "passes": 16042,
            "fails": 0,
            "value": 1
        },
        "http_reqs": {
            "count": 16042,
            "rate": 106.34970640894669
        },
        "http_req_receiving": {
            "min": 0,
            "max": 3.2724,
            "p(50)": 0,
            "p(75)": 0,
            "p(90)": 0.5046,
            "p(95)": 0.5255899999999998,
            "p(99)": 0.6198180000000001,
            "avg": 0.070510603416033
        },
        "vus": {
            "value": 22,
            "min": 1,
            "max": 100
        },
        "http_req_blocked": {
            "avg": 0.013434197730956245,
            "min": 0,
            "max": 4.6567,
            "p(50)": 0,
            "p(75)": 0,
            "p(90)": 0,
            "p(95)": 0,
            "p(99)": 0.5179
        },
        "http_req_connecting": {
            "p(50)": 0,
            "p(75)": 0,
            "p(90)": 0,
            "p(95)": 0,
            "p(99)": 0,
            "avg": 0.006100224410921332,
            "min": 0,
            "max": 3.0524
        },
        "vus_max": {
            "value": 100,
            "min": 100,
            "max": 100
        },
        "data_sent": {
            "count": 1467843,
            "rate": 9730.998136418622
        },
        "http_req_sending": {
            "avg": 0.019088068819349213,
            "min": 0,
            "max": 4.0043,
            "p(50)": 0,
            "p(75)": 0,
            "p(90)": 0,
            "p(95)": 0,
            "p(99)": 0.5454
        },
        "iteration_duration": {
            "max": 1079.0324,
            "p(50)": 1013.6825,
            "p(75)": 1016.2039,
            "p(90)": 1019.414,
            "p(95)": 1022.0078,
            "p(99)": 1030.17604,
            "avg": 1014.2609866475553,
            "min": 1004.9305
        },
        "iterations": {
            "count": 8021,
            "rate": 53.174853204473344
        },
        "http_req_failed": {
            "passes": 0,
            "fails": 16042,
            "thresholds": {
                "rate<0.05": false
            },
            "value": 0
        }
    },
    "root_group": {
        "checks": {
            "products list ok": {
                "id": "9510a9eed98727c4f6d467383c223a18",
                "passes": 8021,
                "fails": 0,
                "name": "products list ok",
                "path": "::products list ok"
            },
            "product ok": {
                "name": "product ok",
                "path": "::product ok",
                "id": "716e252b0c1f95f7b69e330791590bce",
                "passes": 8021,
                "fails": 0
            }
        },
        "name": "",
        "path": "",
        "id": "d41d8cd98f00b204e9800998ecf8427e",
        "groups": {}
    }
}