{
    "root_group": {
        "name": "",
        "path": "",
        "id": "d41d8cd98f00b204e9800998ecf8427e",
        "groups": {},
        "checks": {
                "products list ok": {
                    "id": "9510a9eed98727c4f6d467383c223a18",
                    "passes": 8020,
                    "fails": 0,
                    "name": "products list ok",
                    "path": "::products list ok"
                },
                "product ok": {
                    "name": "product ok",
                    "path": "::product ok",
                    "id": "716e252b0c1f95f7b69e330791590bce",
                    "passes": 8020,
                    "fails": 0
                }
            }
    },
    "metrics": {
        "iterations": {
            "count": 8020,
            "rate": 53.13883688600691
        },
        "http_req_sending": {
            "max": 5.944,
            "p(50)": 0,
            "p(75)": 0,
            "p(90)": 0,
            "p(95)": 0,
            "p(99)": 0.5494830000000002,
            "avg": 0.019753871571072314,
            "min": 0
        },
        "checks": {
            "passes": 16040,
            "fails": 0,
            "value": 1
        },
        "http_req_duration{expected_response:true}": {
            "p(95)": 11.843394999999997,
            "p(99)": 14.703177000000002,
            "avg": 6.748590093516167,
            "min": 1.5893,
            "max": 52.0233,
            "p(50)": 6.2142,
            "p(75)": 8.625125,
            "p(90)": 10.6579
        },
        "data_sent": {
            "count": 1467660,
            "rate": 9724.407150139265
        },
        "http_reqs": {
            "count": 16040,
            "rate": 106.27767377201381
        },
        "http_req_tls_handshaking": {
            "avg": 0,
            "min": 0,
            "max": 0,
            "p(50)": 0,
            "p(75)": 0,
            "p(90)": 0,
            "p(95)": 0,
            "p(99)": 0
        },
        "vus_max": {
            "value": 100,
            "min": 100,
            "max": 100
        },
        "http_req_failed": {
            "passes": 0,
            "fails": 16040,
            "thresholds": {
                "rate<0.05": false
            },
            "value": 0
        },
        "http_req_receiving": {
            "avg": 0.07636341022443889,
            "min": 0,
            "max": 3.3892,
            "p(50)": 0,
            "p(75)": 0,
            "p(90)": 0.506,
            "p(95)": 0.5276,
            "p(99)": 0.6365220000000001
        },
        "data_received": {
            "count": 5052600,
            "rate": 33477.467238184356
        },
        "iteration_duration": {
            "p(99)": 1028.422245,
            "avg": 1014.3868780174497,
            "min": 1004.9256,
            "max": 1069.4466,
            "p(50)": 1013.5460499999999,
            "p(75)": 1017.3484,
            "p(90)": 1021.01168,
            "p(95)": 1022.89983
        },
        "http_req_duration": {
            "max": 52.0233,
            "p(50)": 6.2142,
            "p(75)": 8.625125,
            "p(90)": 10.6579,
            "p(95)": 11.843394999999997,
            "p(99)": 14.703177000000002,
            "avg": 6.748590093516167,
            "min": 1.5893
        },
        "http_req_connecting": {
            "p(75)": 0,
            "p(90)": 0,
            "p(95)": 0,
            "p(99)": 0,
            "avg": 0.006117163341645887,
            "min": 0,
            "max": 3.3984,
            "p(50)": 0
        },
        "http_req_waiting": {
            "min": 1.5893,
            "max": 51.2439,
            "p(50)": 6.1401,
            "p(75)": 8.512175000000001,
            "p(90)": 10.5248,
            "p(95)": 11.70435,
            "p(99)": 14.621162000000002,
            "avg": 6.652472811720642
        },
        "vus": {
            "value": 22,
            "min": 1,
            "max": 100
        },
        "http_req_blocked": {
            "p(99)": 0.5188440000000002,
            "avg": 0.012552394014962593,
            "min": 0,
            "max": 4.2529,
            "p(50)": 0,
            "p(75)": 0,
            "p(90)": 0,
            "p(95)": 0
        }
    }
}