{
    "root_group": {
        "path": "",
        "id": "d41d8cd98f00b204e9800998ecf8427e",
        "groups": {},
        "checks": {
                "products list ok": {
                    "id": "9510a9eed98727c4f6d467383c223a18",
                    "passes": 600,
                    "fails": 0,
                    "name": "products list ok",
                    "path": "::products list ok"
                },
                "product ok": {
                    "name": "product ok",
                    "path": "::product ok",
                    "id": "716e252b0c1f95f7b69e330791590bce",
                    "passes": 600,
                    "fails": 0
                }
            },
        "name": ""
    },
    "metrics": {
        "http_reqs": {
            "count": 1200,
            "rate": 39.32740089759614
        },
        "http_req_blocked": {
            "p(50)": 0,
            "p(75)": 0,
            "p(90)": 0,
            "p(95)": 0,
            "p(99)": 10.3001,
            "avg": 0.1804094999999999,
            "min": 0,
            "max": 10.3001
        },
        "http_req_sending": {
            "max": 3.4116,
            "p(50)": 0,
            "p(75)": 0,
            "p(90)": 0,
            "p(95)": 0,
            "p(99)": 1.008048,
            "avg": 0.03140933333333334,
            "min": 0
        },
        "vus": {
            "max": 20,
            "value": 20,
            "min": 20
        },
        "http_req_duration": {
            "avg": 7.638279999999994,
            "min": 2.9573,
            "max": 60.7849,
            "p(50)": 6.5609,
            "p(75)": 8.3496,
            "p(90)": 10.485580000000004,
            "p(95)": 12.1786,
            "p(99)": 35.853280999999996
        },
        "iterations": {
            "count": 600,
            "rate": 19.66370044879807
        },
        "data_sent": {
            "count": 109800,
            "rate": 3598.4571821300474
        },
        "http_req_waiting": {
            "p(75)": 8.221599999999999,
            "p(90)": 10.255430000000002,
            "p(95)": 11.985194999999997,
            "p(99)": 35.33857999999999,
            "avg": 7.515854166666659,
            "min": 2.9573,
            "max": 60.7849,
            "p(50)": 6.41295
        },
        "vus_max": {
            "value": 20,
            "min": 20,
            "max": 20
        },
        "http_req_tls_handshaking": {
            "max": 0,
            "p(50)": 0,
            "p(75)": 0,
            "p(90)": 0,
            "p(95)": 0,
            "p(99)": 0,
            "avg": 0,
            "min": 0
        },
        "http_req_receiving": {
            "p(95)": 0.54093,
            "p(99)": 1.1293709999999997,
            "avg": 0.0910165,
            "min": 0,
            "max": 2.8612,
            "p(50)": 0,
            "p(75)": 0,
            "p(90)": 0.50921
        },
        "http_req_failed": {
            "passes": 0,
            "fails": 1200,
            "thresholds": {
                "rate<0.01": false
            },
            "value": 0
        },
        "http_req_duration{expected_response:true}": {
            "p(90)": 10.485580000000004,
            "p(95)": 12.1786,
            "p(99)": 35.853280999999996,
            "avg": 7.638279999999994,
            "min": 2.9573,
            "max": 60.7849,
            "p(50)": 6.5609,
            "p(75)": 8.3496
        },
        "iteration_duration": {
            "p(75)": 1016.884575,
            "p(90)": 1018.7107,
            "p(95)": 1021.376405,
            "p(99)": 1072.879142,
            "avg": 1016.9082455,
            "min": 1009.36,
            "max": 1079.3651,
            "p(50)": 1014.7533
        },
        "http_req_connecting": {
            "avg": 0.015122249999999993,
            "min": 0,
            "max": 1.1924,
            "p(50)": 0,
            "p(75)": 0,
            "p(90)": 0,
            "p(95)": 0,
            "p(99)": 0.6741
        },
        "data_received": {
            "count": 378000,
            "rate": 12388.131282742786
        },
        "checks": {
            "passes": 1200,
            "fails": 0,
            "value": 1
        }
    }
}