{
    "root_group": {
        "id": "d41d8cd98f00b204e9800998ecf8427e",
        "groups": {},
        "checks": {
                "products list ok": {
                    "name": "products list ok",
                    "path": "::products list ok",
                    "id": "9510a9eed98727c4f6d467383c223a18",
                    "passes": 580,
                    "fails": 0
                },
                "product ok": {
                    "passes": 580,
                    "fails": 0,
                    "name": "product ok",
                    "path": "::product ok",
                    "id": "716e252b0c1f95f7b69e330791590bce"
                }
            },
        "name": "",
        "path": ""
    },
    "metrics": {
        "checks": {
            "passes": 1160,
            "fails": 0,
            "value": 1
        },
        "http_req_waiting": {
            "p(75)": 29.621925,
            "p(90)": 43.1755,
            "p(95)": 48.719684999999984,
            "p(99)": 99.10063100000009,
            "avg": 24.36772387931036,
            "min": 4.5202,
            "max": 122.9616,
            "p(50)": 19.8913
        },
        "iteration_duration": {
            "min": 1011.684,
            "max": 1160.4656,
            "p(50)": 1046.96145,
            "p(75)": 1063.555625,
            "p(90)": 1078.89857,
            "p(95)": 1123.8752499999998,
            "p(99)": 1149.811417,
            "avg": 1054.7018734482742
        },
        "http_req_duration": {
            "p(95)": 48.969285,
            "p(99)": 99.10063100000009,
            "avg": 24.577998879310357,
            "min": 4.5202,
            "max": 122.9616,
            "p(50)": 20.08425,
            "p(75)": 29.8543,
            "p(90)": 43.31209000000001
        },
        "vus_max": {
            "value": 20,
            "min": 20,
            "max": 20
        },
        "iterations": {
            "count": 580,
            "rate": 18.953561144572227
        },
        "http_req_duration{expected_response:true}": {
            "min": 4.5202,
            "max": 122.9616,
            "p(50)": 20.08425,
            "p(75)": 29.8543,
            "p(90)": 43.31209000000001,
            "p(95)": 48.969285,
            "p(99)": 99.10063100000009,
            "avg": 24.577998879310357
        },
        "http_req_connecting": {
            "p(50)": 0,
            "p(75)": 0,
            "p(90)": 0,
            "p(95)": 0,
            "p(99)": 9.324574000000148,
            "avg": 0.3830933620689655,
            "min": 0,
            "max": 56.4601
        },
        "data_sent": {
            "count": 106140,
            "rate": 3468.5016894567175
        },
        "http_req_sending": {
            "p(75)": 0,
            "p(90)": 0,
            "p(95)": 0.10044499999999815,
            "p(99)": 1.2172000000000016,
            "avg": 0.045525775862068955,
            "min": 0,
            "max": 3.0366,
            "p(50)": 0
        },
        "http_reqs": {
            "count": 1160,
            "rate": 37.90712228914445
        },
        "data_received": {
            "count": 365400,
            "rate": 11940.743521080502
        },
        "http_req_blocked": {
            "avg": 0.5970782758620692,
            "min": 0,
            "max": 67.9885,
            "p(50)": 0,
            "p(75)": 0,
            "p(90)": 0,
            "p(95)": 0,
            "p(99)": 20.795274000000237
        },
        "http_req_receiving": {
            "avg": 0.16474922413793108,
            "min": 0,
            "max": 17.2621,
            "p(50)": 0,
            "p(75)": 0,
            "p(90)": 0.5151100000000001,
            "p(95)": 0.9138,
            "p(99)": 2.022650000000002
        },
        "http_req_failed": {
            "fails": 1160,
            "passes": 0,
            "thresholds": {
                "rate<0.01": false
            },
            "value": 0
        },
        "http_req_tls_handshaking": {
            "p(99)": 0,
            "avg": 0,
            "min": 0,
            "max": 0,
            "p(50)": 0,
            "p(75)": 0,
            "p(90)": 0,
            "p(95)": 0
        },
        "vus": {
            "max": 20,
            "value": 20,
            "min": 20
        }
    }
}