{
    "metrics": {
        "http_req_tls_handshaking": {
            "p(90)": 0,
            "p(95)": 0,
            "p(99)": 0,
            "avg": 0,
            "min": 0,
            "max": 0,
            "p(50)": 0,
            "p(75)": 0
        },
        "data_sent": {
            "count": 1468758,
            "rate": 9728.797175255168
        },
        "iteration_duration": {
            "p(99)": 1025.12625,
            "avg": 1013.7148199476701,
            "min": 1004.7008,
            "max": 1043.1999,
            "p(50)": 1013.28,
            "p(75)": 1016.371775,
            "p(90)": 1019.7215,
            "p(95)": 1021.307425
        },
        "http_req_blocked": {
            "p(99)": 0.5185489999999999,
            "avg": 0.012439471716920001,
            "min": 0,
            "max": 3.1669,
            "p(50)": 0,
            "p(75)": 0,
            "p(90)": 0,
            "p(95)": 0
        },
        "vus": {
            "min": 1,
            "max": 100,
            "value": 23
        },
        "http_req_failed": {
            "passes": 0,
            "fails": 16052,
            "thresholds": {
                "rate<0.05": false
            },
            "value": 0
        },
        "data_received": {
            "count": 5056380,
            "rate": 33492.58043940304
        },
        "vus_max": {
            "value": 100,
            "min": 100,
            "max": 100
        },
        "http_req_sending": {
            "p(95)": 0,
            "p(99)": 0.5431839999999997,
            "avg": 0.017819592574134076,
            "min": 0,
            "max": 8.7563,
            "p(50)": 0,
            "p(75)": 0,
            "p(90)": 0
        },
        "iterations": {
            "count": 8026,
            "rate": 53.16282609429054
        },
        "http_req_duration{expected_response:true}": {
            "min": 1.5568,
            "max": 38.2637,
            "p(50)": 5.8857,
            "p(75)": 8.3347,
            "p(90)": 10.153459999999997,
            "p(95)": 11.2593,
            "p(99)": 13.347979999999994,
            "avg": 6.4011007164215785
        },
        "http_req_receiving": {
            "p(50)": 0,
            "p(75)": 0,
            "p(90)": 0.5046,
            "p(95)": 0.5221899999999998,
            "p(99)": 0.629549,
            "avg": 0.07114806877647642,
            "min": 0,
            "max": 5.1156
        },
        "checks": {
            "passes": 16052,
            "fails": 0,
            "value": 1
        },
        "http_reqs": {
            "count": 16052,
            "rate": 106.32565218858107
        },
        "http_req_duration": {
            "max": 38.2637,
            "p(50)": 5.8857,
            "p(75)": 8.3347,
            "p(90)": 10.153459999999997,
            "p(95)": 11.2593,
            "p(99)": 13.347979999999994,
            "avg": 6.4011007164215785,
            "min": 1.5568
        },
        "http_req_connecting": {
            "max": 2.6795,
            "p(50)": 0,
            "p(75)": 0,
            "p(90)": 0,
            "p(95)": 0,
            "p(99)": 0,
            "avg": 0.005790125841016696,
            "min": 0
        },
        "http_req_waiting": {
            "avg": 6.3121330550709445,
            "min": 1.1011,
            "max": 38.2637,
            "p(50)": 5.8019,
            "p(75)": 8.2464,
            "p(90)": 10.0215,
            "p(95)": 11.1291,
            "p(99)": 13.1945
        }
    },
    "root_group": {
        "name": "",
        "path": "",
        "id": "d41d8cd98f00b204e9800998ecf8427e",
        "groups": {},
        "checks": {
                "products list ok": {
                    "id": "9510a9eed98727c4f6d467383c223a18",
                    "passes": 8026,
                    "fails": 0,
                    "name": "products list ok",
                    "path": "::products list ok"
                },
                "product ok": {
                    "path": "::product ok",
                    "id": "716e252b0c1f95f7b69e330791590bce",
                    "passes": 8026,
                    "fails": 0,
                    "name": "product ok"
                }
            }
    }
}