{
    "root_group": {
        "checks": {
            "login ok": {
                "path": "::login ok",
                "id": "0ddcda49e3a8b9d6d2e015dafbaafe65",
                "passes": 300,
                "fails": 0,
                "name": "login ok"
            },
            "cart add ok": {
                "fails": 0,
                "name": "cart add ok",
                "path": "::cart add ok",
                "id": "3476b21dcb095c2f01deccc20115d127",
                "passes": 300
            },
            "cart get ok": {
                "name": "cart get ok",
                "path": "::cart get ok",
                "id": "9d960ca6baf25ee48d3f3c991473fca0",
                "passes": 300,
                "fails": 0
            },
            "cart update ok": {
                "name": "cart update ok",
                "path": "::cart update ok",
                "id": "07ee78e8bcccf32bc9963f8d3c17eecf",
                "passes": 300,
                "fails": 0
            },
            "cart remove ok": {
                "passes": 300,
                "fails": 0,
                "name": "cart remove ok",
                "path": "::cart remove ok",
                "id": "31001ad0f6cf28a008d3b28f557b05a9"
            }
        },
        "name": "",
        "path": "",
        "id": "d41d8cd98f00b204e9800998ecf8427e",
        "groups": {}
    },
    "metrics": {
        "iterations": {
            "count": 300,
            "rate": 9.74967580621751
        },
        "vus_max": {
            "value": 10,
            "min": 10,
            "max": 10
        },
        "data_sent": {
            "count": 892200,
            "rate": 28995.535847690877
        },
        "vus": {
            "max": 10,
            "value": 10,
            "min": 10
        },
        "http_req_sending": {
            "p(90)": 0,
            "p(95)": 0.1184,
            "p(99)": 0.544103,
            "avg": 0.025944266666666663,
            "min": 0,
            "max": 1.6538,
            "p(50)": 0,
            "p(75)": 0
        },
        "http_req_duration{expected_response:true}": {
            "p(99)": 22.7862,
            "avg": 4.607258533333341,
            "min": 1.1349,
            "max": 57.7837,
            "p(50)": 3.6636,
            "p(75)": 4.88715,
            "p(90)": 7.0045,
            "p(95)": 8.335534999999998
        },
        "data_received": {
            "count": 600600,
            "rate": 19518.850964047455
        },
        "http_req_blocked": {
            "p(50)": 0,
            "p(75)": 0,
            "p(90)": 0,
            "p(95)": 0,
            "p(99)": 0.552709,
            "avg": 0.07144733333333333,
            "min": 0,
            "max": 9.5587
        },
        "http_req_connecting": {
            "p(90)": 0,
            "p(95)": 0,
            "p(99)": 0,
            "avg": 0.004169333333333333,
            "min": 0,
            "max": 0.6254,
            "p(50)": 0,
            "p(75)": 0
        },
        "http_req_failed": {
            "passes": 0,
            "fails": 1500,
            "thresholds": {
                "rate<0.02": false
            },
            "value": 0
        },
        "iteration_duration": {
            "p(99)": 1138.639004,
            "avg": 1025.5030906666664,
            "min": 1014.9553,
            "max": 1139.6406,
            "p(50)": 1021.7298000000001,
            "p(75)": 1023.9290000000001,
            "p(90)": 1027.22671,
            "p(95)": 1030.515025
        },
        "http_req_waiting": {
            "p(95)": 8.3332,
            "p(99)": 22.7862,
            "avg": 4.509547000000006,
            "min": 1.1349,
            "max": 57.2562,
            "p(50)": 3.55035,
            "p(75)": 4.733925,
            "p(90)": 6.91605
        },
        "http_reqs": {
            "count": 1500,
            "rate": 48.74837903108755
        },
        "http_req_duration": {
            "max": 57.7837,
            "p(50)": 3.6636,
            "p(75)": 4.88715,
            "p(90)": 7.0045,
            "p(95)": 8.335534999999998,
            "p(99)": 22.7862,
            "avg": 4.607258533333341,
            "min": 1.1349
        },
        "http_req_receiving": {
            "p(90)": 0.5038100000000001,
            "p(95)": 0.5281,
            "p(99)": 0.9255949999999995,
            "avg": 0.07176726666666662,
            "min": 0,
            "max": 1.574,
            "p(50)": 0,
            "p(75)": 0
        },
        "checks": {
            "fails": 0,
            "passes": 1500,
            "value": 1
        },
        "http_req_tls_handshaking": {
            "avg": 0,
            "min": 0,
            "max": 0,
            "p(50)": 0,
            "p(75)": 0,
            "p(90)": 0,
            "p(95)": 0,
            "p(99)": 0
        }
    }
}