{
    "metrics": {
        "http_req_duration{expected_response:true}": {
            "p(50)": 5.56135,
            "p(75)": 7.491675,
            "p(90)": 9.11867,
            "p(95)": 10.157929999999997,
            "p(99)": 13.06457999999999,
            "avg": 6.1155939578921075,
            "min": 1.6432,
            "max": 49.2711
        },
        "http_req_blocked": {
            "p(50)": 0,
            "p(75)": 0,
            "p(90)": 0,
            "p(95)": 0,
            "p(99)": 0.5231749999999984,
            "avg": 0.016652155226111867,
            "min": 0,
            "max": 6.7402
        },
        "iteration_duration": {
            "p(50)": 1012.8071,
            "p(75)": 1015.22495,
            "p(90)": 1017.8115,
            "p(95)": 1019.8897599999999,
            "p(99)": 1029.6153399999998,
            "avg": 1013.4828670985411,
            "min": 1005.5648,
            "max": 1081.2486
        },
        "http_reqs": {
            "count": 16054,
            "rate": 106.46130370044285
        },
        "http_req_waiting": {
            "p(75)": 7.384175,
            "p(90)": 9.018940000000002,
            "p(95)": 10.042054999999998,
            "p(99)": 12.963505999999974,
            "avg": 6.023293166811998,
            "min": 1.6432,
            "max": 48.4199,
            "p(50)": 5.47715
        },
        "iterations": {
            "count": 8027,
            "rate": 53.23065185022143
        },
        "http_req_connecting": {
            "max": 6.7402,
            "p(50)": 0,
            "p(75)": 0,
            "p(90)": 0,
            "p(95)": 0,
            "p(99)": 0,
            "avg": 0.009283873178024172,
            "min": 0
        },
        "http_req_duration": {
            "p(50)": 5.56135,
            "p(75)": 7.491675,
            "p(90)": 9.11867,
            "p(95)": 10.157929999999997,
            "p(99)": 13.06457999999999,
            "avg": 6.1155939578921075,
            "min": 1.6432,
            "max": 49.2711
        },
        "vus": {
            "min": 1,
            "max": 100,
            "value": 23
        },
        "vus_max": {
            "value": 100,
            "min": 100,
            "max": 100
        },
        "http_req_failed": {
            "passes": 0,
            "fails": 16054,
            "thresholds": {
                "rate<0.05": false
            },
            "value": 0
        },
        "http_req_receiving": {
            "min": 0,
            "max": 7.8582,
            "p(50)": 0,
            "p(75)": 0,
            "p(90)": 0.5054,
            "p(95)": 0.527,
            "p(99)": 0.6425819999999997,
            "avg": 0.07199896598978457
        },
        "checks": {
            "passes": 16054,
            "fails": 0,
            "value": 1
        },
        "data_sent": {
            "count": 1468941,
            "rate": 9741.209288590522
        },
        "data_received": {
            "count": 5057010,
            "rate": 33535.3106656395
        },
        "http_req_tls_handshaking": {
            "p(99)": 0,
            "avg": 0,
            "min": 0,
            "max": 0,
            "p(50)": 0,
            "p(75)": 0,
            "p(90)": 0,
            "p(95)": 0
        },
        "http_req_sending": {
            "min": 0,
            "max": 9.7942,
            "p(50)": 0,
            "p(75)": 0,
            "p(90)": 0,
            "p(95)": 0,
            "p(99)": 0.5517469999999999,
            "avg": 0.020301825090320188
        }
    },
    "root_group": {
        "checks": {
            "products list ok": {
                "name": "products list ok",
                "path": "::products list ok",
                "id": "9510a9eed98727c4f6d467383c223a18",
                "passes": 8027,
                "fails": 0
            },
            "product ok": {
                "passes": 8027,
                "fails": 0,
                "name": "product ok",
                "path": "::product ok",
                "id": "716e252b0c1f95f7b69e330791590bce"
            }
        },
        "name": "",
        "path": "",
        "id": "d41d8cd98f00b204e9800998ecf8427e",
        "groups": {}
    }
}