{
    "root_group": {
        "id": "d41d8cd98f00b204e9800998ecf8427e",
        "groups": {},
        "checks": {
                "products list ok": {
                    "fails": 0,
                    "name": "products list ok",
                    "path": "::products list ok",
                    "id": "9510a9eed98727c4f6d467383c223a18",
                    "passes": 8018
                },
                "product ok": {
                    "passes": 8018,
                    "fails": 0,
                    "name": "product ok",
                    "path": "::product ok",
                    "id": "716e252b0c1f95f7b69e330791590bce"
                }
            },
        "name": "",
        "path": ""
    },
    "metrics": {
        "vus": {
            "min": 1,
            "max": 100,
            "value": 22
        },
        "data_received": {
            "rate": 33480.4652242057,
            "count": 5051340
        },
        "http_req_waiting": {
            "p(99)": 14.095924999999996,
            "avg": 6.769596295834335,
            "min": 1.5674,
            "max": 59.4901,
            "p(50)": 6.40775,
            "p(75)": 8.755675,
            "p(90)": 10.48105,
            "p(95)": 11.6879
        },
        "http_req_duration{expected_response:true}": {
            "avg": 6.863804084559735,
            "min": 1.5674,
            "max": 59.6757,
            "p(50)": 6.5215,
            "p(75)": 8.8407,
            "p(90)": 10.6266,
            "p(95)": 11.8232,
            "p(99)": 14.260969999999991
        },
        "http_req_blocked": {
            "min": 0,
            "max": 4.7588,
            "p(50)": 0,
            "p(75)": 0,
            "p(90)": 0,
            "p(95)": 0,
            "p(99)": 0.5286899999999998,
            "avg": 0.015042155150910438
        },
        "http_req_sending": {
            "p(50)": 0,
            "p(75)": 0,
            "p(90)": 0,
            "p(95)": 0,
            "p(99)": 0.5513599999999999,
            "avg": 0.020530618608131716,
            "min": 0,
            "max": 3.5826
        },
        "http_req_receiving": {
            "avg": 0.07367717011723617,
            "min": 0,
            "max": 1.8184,
            "p(50)": 0,
            "p(75)": 0,
            "p(90)": 0.5052,
            "p(95)": 0.5286249999999999,
            "p(99)": 0.6428199999999997
        },
        "iteration_duration": {
            "max": 1065.3604,
            "p(50)": 1014.0814,
            "p(75)": 1017.2411,
            "p(90)": 1021.1245700000001,
            "p(95)": 1023.24041,
            "p(99)": 1026.7181,
            "avg": 1014.675312746321,
            "min": 1005.0143
        },
        "http_req_connecting": {
            "p(99)": 0,
            "avg": 0.006237484410077326,
            "min": 0,
            "max": 4.7588,
            "p(50)": 0,
            "p(75)": 0,
            "p(90)": 0,
            "p(95)": 0
        },
        "checks": {
            "passes": 16036,
            "fails": 0,
            "value": 1
        },
        "vus_max": {
            "min": 100,
            "max": 100,
            "value": 100
        },
        "http_req_duration": {
            "p(50)": 6.5215,
            "p(75)": 8.8407,
            "p(90)": 10.6266,
            "p(95)": 11.8232,
            "p(99)": 14.260969999999991,
            "avg": 6.863804084559735,
            "min": 1.5674,
            "max": 59.6757
        },
        "http_req_tls_handshaking": {
            "p(90)": 0,
            "p(95)": 0,
            "p(99)": 0,
            "avg": 0,
            "min": 0,
            "max": 0,
            "p(50)": 0,
            "p(75)": 0
        },
        "iterations": {
            "count": 8018,
            "rate": 53.1435955939773
        },
        "data_sent": {
            "count": 1467294,
            "rate": 9725.277993697846
        },
        "http_reqs": {
            "count": 16036,
            "rate": 106.2871911879546
        },
        "http_req_failed": {
            "passes": 0,
            "fails": 16036,
            "thresholds": {
                "rate<0.05": false
            },
            "value": 0
        }
    }
}