{
    "metrics": {
        "http_req_waiting": {
            "min": 2.6129,
            "max": 40.9695,
            "p(50)": 5.9326,
            "p(75)": 7.668375,
            "p(90)": 9.40001,
            "p(95)": 11.024814999999988,
            "p(99)": 35.8693,
            "avg": 7.013339499999988
        },
        "vus_max": {
            "value": 20,
            "min": 20,
            "max": 20
        },
        "vus": {
            "value": 20,
            "min": 20,
            "max": 20
        },
        "http_req_tls_handshaking": {
            "max": 0,
            "p(50)": 0,
            "p(75)": 0,
            "p(90)": 0,
            "p(95)": 0,
            "p(99)": 0,
            "avg": 0,
            "min": 0
        },
        "checks": {
            "passes": 1200,
            "fails": 0,
            "value": 1
        },
        "http_req_duration": {
            "p(50)": 6.0685,
            "p(75)": 7.7554,
            "p(90)": 9.800780000000001,
            "p(95)": 11.336864999999992,
            "p(99)": 35.8693,
            "avg": 7.12480183333333,
            "min": 3.0662,
            "max": 41.4772
        },
        "http_req_receiving": {
            "max": 4.0058,
            "p(50)": 0,
            "p(75)": 0,
            "p(90)": 0.5058100000000001,
            "p(95)": 0.517335,
            "p(99)": 1.017,
            "avg": 0.08317600000000001,
            "min": 0
        },
        "http_req_blocked": {
            "max": 23.3881,
            "p(50)": 0,
            "p(75)": 0,
            "p(90)": 0,
            "p(95)": 0,
            "p(99)": 4.1364,
            "avg": 0.10217783333333331,
            "min": 0
        },
        "iteration_duration": {
            "p(99)": 1062.264887,
            "avg": 1015.7495101666677,
            "min": 1008.8916,
            "max": 1065.6021,
            "p(50)": 1013.90815,
            "p(75)": 1015.904225,
            "p(90)": 1017.94683,
            "p(95)": 1020.9907
        },
        "iterations": {
            "count": 600,
            "rate": 19.687028612556464
        },
        "http_reqs": {
            "count": 1200,
            "rate": 39.37405722511293
        },
        "http_req_connecting": {
            "p(90)": 0,
            "p(95)": 0,
            "p(99)": 0.5897,
            "avg": 0.014367166666666667,
            "min": 0,
            "max": 2.0594,
            "p(50)": 0,
            "p(75)": 0
        },
        "data_sent": {
            "count": 109800,
            "rate": 3602.7262360978325
        },
        "data_received": {
            "count": 378000,
            "rate": 12402.828025910572
        },
        "http_req_duration{expected_response:true}": {
            "p(75)": 7.7554,
            "p(90)": 9.800780000000001,
            "p(95)": 11.336864999999992,
            "p(99)": 35.8693,
            "avg": 7.12480183333333,
            "min": 3.0662,
            "max": 41.4772,
            "p(50)": 6.0685
        },
        "http_req_sending": {
            "p(99)": 0.8971879999999999,
            "avg": 0.028286333333333323,
            "min": 0,
            "max": 2.8363,
            "p(50)": 0,
            "p(75)": 0,
            "p(90)": 0,
            "p(95)": 0
        },
        "http_req_failed": {
            "fails": 1200,
            "passes": 0,
            "thresholds": {
                "rate<0.01": false
            },
            "value": 0
        }
    },
    "root_group": {
        "groups": {},
        "checks": {
                "products list ok": {
                    "name": "products list ok",
                    "path": "::products list ok",
                    "id": "9510a9eed98727c4f6d467383c223a18",
                    "passes": 600,
                    "fails": 0
                },
                "product ok": {
                    "name": "product ok",
                    "path": "::product ok",
                    "id": "716e252b0c1f95f7b69e330791590bce",
                    "passes": 600,
                    "fails": 0
                }
            },
        "name": "",
        "path": "",
        "id": "d41d8cd98f00b204e9800998ecf8427e"
    }
}