{
    "metrics": {
        "http_req_receiving": {
            "max": 5.1059,
            "p(50)": 0,
            "p(75)": 0,
            "p(90)": 0.5071100000000001,
            "p(95)": 0.52618,
            "p(99)": 1.0094,
            "avg": 0.09881858333333338,
            "min": 0
        },
        "data_sent": {
            "count": 109800,
            "rate": 3596.803526602308
        },
        "http_req_duration{expected_response:true}": {
            "min": 2.6509,
            "max": 40.144,
            "p(50)": 6.44735,
            "p(75)": 9.3025,
            "p(90)": 11.990740000000002,
            "p(95)": 15.103849999999998,
            "p(99)": 32.7848,
            "avg": 7.850909749999992
        },
        "vus_max": {
            "max": 20,
            "value": 20,
            "min": 20
        },
        "http_req_duration": {
            "p(90)": 11.990740000000002,
            "p(95)": 15.103849999999998,
            "p(99)": 32.7848,
            "avg": 7.850909749999992,
            "min": 2.6509,
            "max": 40.144,
            "p(50)": 6.44735,
            "p(75)": 9.3025
        },
        "http_req_tls_handshaking": {
            "p(95)": 0,
            "p(99)": 0,
            "avg": 0,
            "min": 0,
            "max": 0,
            "p(50)": 0,
            "p(75)": 0,
            "p(90)": 0
        },
        "http_req_waiting": {
            "min": 2.6509,
            "max": 40.144,
            "p(50)": 6.383,
            "p(75)": 9.132975,
            "p(90)": 11.639370000000016,
            "p(95)": 14.925384999999995,
            "p(99)": 32.7848,
            "avg": 7.715817666666661
        },
        "http_req_blocked": {
            "min": 0,
            "max": 7.2403,
            "p(50)": 0,
            "p(75)": 0,
            "p(90)": 0,
            "p(95)": 0,
            "p(99)": 7.1555,
            "avg": 0.1277784166666667
        },
        "checks": {
            "passes": 1200,
            "fails": 0,
            "value": 1
        },
        "http_req_sending": {
            "avg": 0.03627350000000001,
            "min": 0,
            "max": 2.0153,
            "p(50)": 0,
            "p(75)": 0,
            "p(90)": 0,
            "p(95)": 0.3929499999999974,
            "p(99)": 0.6514259999999992
        },
        "data_received": {
            "count": 378000,
            "rate": 12382.43837027024
        },
        "http_reqs": {
            "count": 1200,
            "rate": 39.30932815958806
        },
        "http_req_connecting": {
            "p(75)": 0,
            "p(90)": 0,
            "p(95)": 0,
            "p(99)": 0.7282,
            "avg": 0.01517175,
            "min": 0,
            "max": 1.2485,
            "p(50)": 0
        },
        "iteration_duration": {
            "p(50)": 1015.37775,
            "p(75)": 1018.009575,
            "p(90)": 1021.23842,
            "p(95)": 1024.7587549999998,
            "p(99)": 1064.9412,
            "avg": 1017.3461786666668,
            "min": 1008.4014,
            "max": 1068.958
        },
        "vus": {
            "value": 20,
            "min": 20,
            "max": 20
        },
        "iterations": {
            "count": 600,
            "rate": 19.65466407979403
        },
        "http_req_failed": {
            "fails": 1200,
            "passes": 0,
            "thresholds": {
                "rate<0.01": false
            },
            "value": 0
        }
    },
    "root_group": {
        "name": "",
        "path": "",
        "id": "d41d8cd98f00b204e9800998ecf8427e",
        "groups": {},
        "checks": {
                "products list ok": {
                    "path": "::products list ok",
                    "id": "9510a9eed98727c4f6d467383c223a18",
                    "passes": 600,
                    "fails": 0,
                    "name": "products list ok"
                },
                "product ok": {
                    "id": "716e252b0c1f95f7b69e330791590bce",
                    "passes": 600,
                    "fails": 0,
                    "name": "product ok",
                    "path": "::product ok"
                }
            }
    }
}