{
    "root_group": {
        "name": "",
        "path": "",
        "id": "d41d8cd98f00b204e9800998ecf8427e",
        "groups": {},
        "checks": {
                "products list ok": {
                    "name": "products list ok",
                    "path": "::products list ok",
                    "id": "9510a9eed98727c4f6d467383c223a18",
                    "passes": 600,
                    "fails": 0
                },
                "product ok": {
                    "fails": 0,
                    "name": "product ok",
                    "path": "::product ok",
                    "id": "716e252b0c1f95f7b69e330791590bce",
                    "passes": 600
                }
            }
    },
    "metrics": {
        "data_sent": {
            "count": 109800,
            "rate": 3595.5951837009065
        },
        "iteration_duration": {
            "max": 1069.8246,
            "p(50)": 1015.2334000000001,
            "p(75)": 1017.3492,
            "p(90)": 1020.04323,
            "p(95)": 1040.9332,
            "p(99)": 1062.886044,
            "avg": 1017.7269756666668,
            "min": 1009.5827
        },
        "http_req_failed": {
            "passes": 0,
            "fails": 1200,
            "thresholds": {
                "rate<0.01": false
            },
            "value": 0
        },
        "vus": {
            "value": 20,
            "min": 20,
            "max": 20
        },
        "http_req_tls_handshaking": {
            "p(50)": 0,
            "p(75)": 0,
            "p(90)": 0,
            "p(95)": 0,
            "p(99)": 0,
            "avg": 0,
            "min": 0,
            "max": 0
        },
        "http_req_connecting": {
            "avg": 0.015830416666666666,
            "min": 0,
            "max": 1.6849,
            "p(50)": 0,
            "p(75)": 0,
            "p(90)": 0,
            "p(95)": 0,
            "p(99)": 0.6701459999999954
        },
        "http_req_sending": {
            "p(50)": 0,
            "p(75)": 0,
            "p(90)": 0,
            "p(95)": 0.21875499999999923,
            "p(99)": 1.012525,
            "avg": 0.03608908333333334,
            "min": 0,
            "max": 2.1297
        },
        "http_reqs": {
            "count": 1200,
            "rate": 39.29612222623941
        },
        "http_req_blocked": {
            "p(99)": 10.0085,
            "avg": 0.1750213333333333,
            "min": 0,
            "max": 10.5138,
            "p(50)": 0,
            "p(75)": 0,
            "p(90)": 0,
            "p(95)": 0
        },
        "data_received": {
            "count": 378000,
            "rate": 12378.278501265415
        },
        "http_req_duration{expected_response:true}": {
            "p(99)": 32.47771099999997,
            "avg": 7.933211500000009,
            "min": 2.2495,
            "max": 54.1123,
            "p(50)": 6.4287,
            "p(75)": 9.125124999999999,
            "p(90)": 11.021320000000001,
            "p(95)": 13.12702999999996
        },
        "checks": {
            "passes": 1200,
            "fails": 0,
            "value": 1
        },
        "http_req_duration": {
            "p(50)": 6.4287,
            "p(75)": 9.125124999999999,
            "p(90)": 11.021320000000001,
            "p(95)": 13.12702999999996,
            "p(99)": 32.47771099999997,
            "avg": 7.933211500000009,
            "min": 2.2495,
            "max": 54.1123
        },
        "iterations": {
            "count": 600,
            "rate": 19.648061113119706
        },
        "http_req_waiting": {
            "p(90)": 10.8818,
            "p(95)": 12.600919999999995,
            "p(99)": 31.889233,
            "avg": 7.782141333333343,
            "min": 2.2495,
            "max": 54.1123,
            "p(50)": 6.3649000000000004,
            "p(75)": 9.016075
        },
        "http_req_receiving": {
            "p(95)": 0.5538299999999998,
            "p(99)": 1.0108,
            "avg": 0.11498108333333334,
            "min": 0,
            "max": 29.8608,
            "p(50)": 0,
            "p(75)": 0,
            "p(90)": 0.5073
        },
        "vus_max": {
            "value": 20,
            "min": 20,
            "max": 20
        }
    }
}