{
    "metrics": {
        "http_req_sending": {
            "p(50)": 0,
            "p(75)": 0,
            "p(90)": 0,
            "p(95)": 0.3299199999999997,
            "p(99)": 1.012719,
            "avg": 0.04053508333333333,
            "min": 0,
            "max": 4.3323
        },
        "http_req_duration": {
            "p(99)": 40.72041099999999,
            "avg": 7.582312,
            "min": 2.7794,
            "max": 51.5582,
            "p(50)": 6.3652999999999995,
            "p(75)": 8.3321,
            "p(90)": 10.1578,
            "p(95)": 11.4357
        },
        "http_req_duration{expected_response:true}": {
            "p(75)": 8.3321,
            "p(90)": 10.1578,
            "p(95)": 11.4357,
            "p(99)": 40.72041099999999,
            "avg": 7.582312,
            "min": 2.7794,
            "max": 51.5582,
            "p(50)": 6.3652999999999995
        },
        "iterations": {
            "count": 600,
            "rate": 19.662128796990967
        },
        "http_req_waiting": {
            "p(90)": 9.9912,
            "p(95)": 11.2001,
            "p(99)": 40.72041099999999,
            "avg": 7.453268833333336,
            "min": 2.6418,
            "max": 51.5582,
            "p(50)": 6.22195,
            "p(75)": 8.1246
        },
        "http_req_receiving": {
            "max": 3.0575,
            "p(50)": 0,
            "p(75)": 0,
            "p(90)": 0.5069,
            "p(95)": 0.531295,
            "p(99)": 1.042284,
            "avg": 0.08850808333333329,
            "min": 0
        },
        "data_sent": {
            "count": 109800,
            "rate": 3598.1695698493468
        },
        "iteration_duration": {
            "avg": 1016.9690635000004,
            "min": 1009.2452,
            "max": 1078.5149,
            "p(50)": 1014.7991,
            "p(75)": 1016.44085,
            "p(90)": 1018.7217899999999,
            "p(95)": 1020.5871450000001,
            "p(99)": 1077.4057280000002
        },
        "data_received": {
            "rate": 12387.141142104309,
            "count": 378000
        },
        "http_reqs": {
            "count": 1200,
            "rate": 39.32425759398193
        },
        "http_req_connecting": {
            "avg": 0.028473333333333333,
            "min": 0,
            "max": 3.0185,
            "p(50)": 0,
            "p(75)": 0,
            "p(90)": 0,
            "p(95)": 0,
            "p(99)": 1.4992
        },
        "http_req_blocked": {
            "p(99)": 11.1426,
            "avg": 0.19715349999999995,
            "min": 0,
            "max": 12.0926,
            "p(50)": 0,
            "p(75)": 0,
            "p(90)": 0,
            "p(95)": 0
        },
        "vus_max": {
            "value": 20,
            "min": 20,
            "max": 20
        },
        "http_req_tls_handshaking": {
            "max": 0,
            "p(50)": 0,
            "p(75)": 0,
            "p(90)": 0,
            "p(95)": 0,
            "p(99)": 0,
            "avg": 0,
            "min": 0
        },
        "checks": {
            "passes": 1200,
            "fails": 0,
            "value": 1
        },
        "vus": {
            "max": 20,
            "value": 20,
            "min": 20
        },
        "http_req_failed": {
            "passes": 0,
            "fails": 1200,
            "thresholds": {
                "rate<0.01": false
            },
            "value": 0
        }
    },
    "root_group": {
        "groups": {},
        "checks": {
                "products list ok": {
                    "name": "products list ok",
                    "path": "::products list ok",
                    "id": "9510a9eed98727c4f6d467383c223a18",
                    "passes": 600,
                    "fails": 0
                },
                "product ok": {
                    "path": "::product ok",
                    "id": "716e252b0c1f95f7b69e330791590bce",
                    "passes": 600,
                    "fails": 0,
                    "name": "product ok"
                }
            },
        "name": "",
        "path": "",
        "id": "d41d8cd98f00b204e9800998ecf8427e"
    }
}