{
    "root_group": {
        "path": "",
        "id": "d41d8cd98f00b204e9800998ecf8427e",
        "groups": {},
        "checks": {
                "products list ok": {
                    "name": "products list ok",
                    "path": "::products list ok",
                    "id": "9510a9eed98727c4f6d467383c223a18",
                    "passes": 8033,
                    "fails": 0
                },
                "product ok": {
                    "name": "product ok",
                    "path": "::product ok",
                    "id": "716e252b0c1f95f7b69e330791590bce",
                    "passes": 8033,
                    "fails": 0
                }
            },
        "name": ""
    },
    "metrics": {
        "http_req_connecting": {
            "p(90)": 0,
            "p(95)": 0,
            "p(99)": 0,
            "avg": 0.006230362255695258,
            "min": 0,
            "max": 3.1012,
            "p(50)": 0,
            "p(75)": 0
        },
        "http_req_sending": {
            "min": 0,
            "max": 4.0643,
            "p(50)": 0,
            "p(75)": 0,
            "p(90)": 0,
            "p(95)": 0,
            "p(99)": 0.5507450000000003,
            "avg": 0.02121650690900037
        },
        "http_req_receiving": {
            "p(99)": 0.635935,
            "avg": 0.07161370596290294,
            "min": 0,
            "max": 4.3052,
            "p(50)": 0,
            "p(75)": 0,
            "p(90)": 0.5045,
            "p(95)": 0.5209
        },
        "http_req_duration": {
            "p(90)": 9.6988,
            "p(95)": 10.77975,
            "p(99)": 13.1851,
            "avg": 6.114121449022765,
            "min": 1.3981,
            "max": 59.7637,
            "p(50)": 5.44355,
            "p(75)": 7.8476
        },
        "data_sent": {
            "count": 1470039,
            "rate": 9741.512471208001
        },
        "vus_max": {
            "value": 100,
            "min": 100,
            "max": 100
        },
        "http_reqs": {
            "count": 16066,
            "rate": 106.46461717167215
        },
        "http_req_duration{expected_response:true}": {
            "p(99)": 13.1851,
            "avg": 6.114121449022765,
            "min": 1.3981,
            "max": 59.7637,
            "p(50)": 5.44355,
            "p(75)": 7.8476,
            "p(90)": 9.6988,
            "p(95)": 10.77975
        },
        "http_req_tls_handshaking": {
            "p(90)": 0,
            "p(95)": 0,
            "p(99)": 0,
            "avg": 0,
            "min": 0,
            "max": 0,
            "p(50)": 0,
            "p(75)": 0
        },
        "http_req_waiting": {
            "min": 1.3981,
            "max": 59.2907,
            "p(50)": 5.3441,
            "p(75)": 7.7385,
            "p(90)": 9.561,
            "p(95)": 10.662475,
            "p(99)": 13.026720000000001,
            "avg": 6.021291236150862
        },
        "iteration_duration": {
            "p(75)": 1015.4399,
            "p(90)": 1018.40134,
            "p(95)": 1020.20842,
            "p(99)": 1024.6942920000001,
            "avg": 1013.2106516121017,
            "min": 1004.9753,
            "max": 1065.536,
            "p(50)": 1012.7807
        },
        "http_req_failed": {
            "passes": 0,
            "fails": 16066,
            "thresholds": {
                "rate<0.05": false
            },
            "value": 0
        },
        "checks": {
            "passes": 16066,
            "fails": 0,
            "value": 1
        },
        "data_received": {
            "count": 5060790,
            "rate": 33536.354409076725
        },
        "http_req_blocked": {
            "p(99)": 0.5165700000000001,
            "avg": 0.01326206274119259,
            "min": 0,
            "max": 4.6199,
            "p(50)": 0,
            "p(75)": 0,
            "p(90)": 0,
            "p(95)": 0
        },
        "iterations": {
            "count": 8033,
            "rate": 53.23230858583607
        },
        "vus": {
            "value": 23,
            "min": 1,
            "max": 100
        }
    }
}