{
    "metrics": {
        "http_req_duration": {
            "p(75)": 8.6478,
            "p(90)": 10.501510000000001,
            "p(95)": 12.056815,
            "p(99)": 34.3862,
            "avg": 7.633196166666659,
            "min": 3.174,
            "max": 49.5184,
            "p(50)": 6.6933
        },
        "http_req_duration{expected_response:true}": {
            "p(90)": 10.501510000000001,
            "p(95)": 12.056815,
            "p(99)": 34.3862,
            "avg": 7.633196166666659,
            "min": 3.174,
            "max": 49.5184,
            "p(50)": 6.6933,
            "p(75)": 8.6478
        },
        "http_req_tls_handshaking": {
            "avg": 0,
            "min": 0,
            "max": 0,
            "p(50)": 0,
            "p(75)": 0,
            "p(90)": 0,
            "p(95)": 0,
            "p(99)": 0
        },
        "iteration_duration": {
            "p(95)": 1021.21762,
            "p(99)": 1074.4037,
            "avg": 1017.3763423333332,
            "min": 1010.455,
            "max": 1080.8508,
            "p(50)": 1015.37085,
            "p(75)": 1017.0108250000001,
            "p(90)": 1018.81253
        },
        "http_req_blocked": {
            "p(75)": 0,
            "p(90)": 0,
            "p(95)": 0,
            "p(99)": 11.0654,
            "avg": 0.19522016666666675,
            "min": 0,
            "max": 11.5949,
            "p(50)": 0
        },
        "http_req_sending": {
            "min": 0,
            "max": 2.7664,
            "p(50)": 0,
            "p(75)": 0,
            "p(90)": 0,
            "p(95)": 0,
            "p(99)": 0.6911799999999997,
            "avg": 0.03106166666666666
        },
        "http_req_receiving": {
            "p(99)": 1.4518189999999995,
            "avg": 0.12081625,
            "min": 0,
            "max": 4.5912,
            "p(50)": 0,
            "p(75)": 0,
            "p(90)": 0.5095,
            "p(95)": 0.5435
        },
        "http_req_failed": {
            "fails": 1200,
            "passes": 0,
            "thresholds": {
                "rate<0.01": false
            },
            "value": 0
        },
        "http_req_connecting": {
            "max": 0.5451,
            "p(50)": 0,
            "p(75)": 0,
            "p(90)": 0,
            "p(95)": 0,
            "p(99)": 0.5451,
            "avg": 0.007722249999999999,
            "min": 0
        },
        "checks": {
            "passes": 1200,
            "fails": 0,
            "value": 1
        },
        "iterations": {
            "count": 600,
            "rate": 19.655097073772733
        },
        "http_req_waiting": {
            "min": 2.6321,
            "max": 49.5184,
            "p(50)": 6.4805,
            "p(75)": 8.512425,
            "p(90)": 10.204770000000003,
            "p(95)": 11.74427,
            "p(99)": 34.3862,
            "avg": 7.481318250000007
        },
        "vus_max": {
            "value": 20,
            "min": 20,
            "max": 20
        },
        "vus": {
            "min": 20,
            "max": 20,
            "value": 20
        },
        "data_received": {
            "rate": 12382.711156476822,
            "count": 378000
        },
        "data_sent": {
            "count": 109800,
            "rate": 3596.8827645004103
        },
        "http_reqs": {
            "count": 1200,
            "rate": 39.31019414754547
        }
    },
    "root_group": {
        "path": "",
        "id": "d41d8cd98f00b204e9800998ecf8427e",
        "groups": {},
        "checks": {
                "products list ok": {
                    "passes": 600,
                    "fails": 0,
                    "name": "products list ok",
                    "path": "::products list ok",
                    "id": "9510a9eed98727c4f6d467383c223a18"
                },
                "product ok": {
                    "passes": 600,
                    "fails": 0,
                    "name": "product ok",
                    "path": "::product ok",
                    "id": "716e252b0c1f95f7b69e330791590bce"
                }
            },
        "name": ""
    }
}