{
    "metrics": {
        "http_req_duration{expected_response:true}": {
            "max": 53.8832,
            "p(50)": 6.3654,
            "p(75)": 8.72125,
            "p(90)": 10.7019,
            "p(95)": 11.829549999999998,
            "p(99)": 15.2327,
            "avg": 6.853636055354713,
            "min": 1.1358
        },
        "checks": {
            "passes": 16042,
            "fails": 0,
            "value": 1
        },
        "vus": {
            "max": 100,
            "value": 3,
            "min": 1
        },
        "iteration_duration": {
            "p(99)": 1029.8799,
            "avg": 1014.6736293978307,
            "min": 1004.3519,
            "max": 1089.7024,
            "p(50)": 1013.7823,
            "p(75)": 1017.2156,
            "p(90)": 1020.9638,
            "p(95)": 1023.1228
        },
        "http_req_blocked": {
            "p(90)": 0,
            "p(95)": 0,
            "p(99)": 0.5381310000000001,
            "avg": 0.014378998877945408,
            "min": 0,
            "max": 5.3869,
            "p(50)": 0,
            "p(75)": 0
        },
        "http_req_tls_handshaking": {
            "max": 0,
            "p(50)": 0,
            "p(75)": 0,
            "p(90)": 0,
            "p(95)": 0,
            "p(99)": 0,
            "avg": 0,
            "min": 0
        },
        "http_req_receiving": {
            "p(95)": 0.5351,
            "p(99)": 0.6724240000000006,
            "avg": 0.0776453995761128,
            "min": 0,
            "max": 3.4801,
            "p(50)": 0,
            "p(75)": 0,
            "p(90)": 0.5058
        },
        "vus_max": {
            "max": 100,
            "value": 100,
            "min": 100
        },
        "http_req_failed": {
            "passes": 0,
            "fails": 16042,
            "thresholds": {
                "rate<0.05": false
            },
            "value": 0
        },
        "data_received": {
            "count": 5053230,
            "rate": 33463.10533556829
        },
        "http_req_duration": {
            "p(99)": 15.2327,
            "avg": 6.853636055354713,
            "min": 1.1358,
            "max": 53.8832,
            "p(50)": 6.3654,
            "p(75)": 8.72125,
            "p(90)": 10.7019,
            "p(95)": 11.829549999999998
        },
        "iterations": {
            "count": 8021,
            "rate": 53.11604021518776
        },
        "http_reqs": {
            "count": 16042,
            "rate": 106.23208043037552
        },
        "http_req_waiting": {
            "p(75)": 8.5994,
            "p(90)": 10.5274,
            "p(95)": 11.705885,
            "p(99)": 14.9418,
            "avg": 6.75486521007356,
            "min": 1.1358,
            "max": 53.8832,
            "p(50)": 6.26485
        },
        "http_req_connecting": {
            "p(75)": 0,
            "p(90)": 0,
            "p(95)": 0,
            "p(99)": 0,
            "avg": 0.006684210198229649,
            "min": 0,
            "max": 2.5065,
            "p(50)": 0
        },
        "data_sent": {
            "count": 1467843,
            "rate": 9720.23535937936
        },
        "http_req_sending": {
            "p(75)": 0,
            "p(90)": 0,
            "p(95)": 0,
            "p(99)": 0.558154,
            "avg": 0.02112544570502432,
            "min": 0,
            "max": 3.4801,
            "p(50)": 0
        }
    },
    "root_group": {
        "name": "",
        "path": "",
        "id": "d41d8cd98f00b204e9800998ecf8427e",
        "groups": {},
        "checks": {
                "products list ok": {
                    "name": "products list ok",
                    "path": "::products list ok",
                    "id": "9510a9eed98727c4f6d467383c223a18",
                    "passes": 8021,
                    "fails": 0
                },
                "product ok": {
                    "name": "product ok",
                    "path": "::product ok",
                    "id": "716e252b0c1f95f7b69e330791590bce",
                    "passes": 8021,
                    "fails": 0
                }
            }
    }
}