{
    "root_group": {
        "name": "",
        "path": "",
        "id": "d41d8cd98f00b204e9800998ecf8427e",
        "groups": {},
        "checks": {
                "products list ok": {
                    "id": "9510a9eed98727c4f6d467383c223a18",
                    "passes": 600,
                    "fails": 0,
                    "name": "products list ok",
                    "path": "::products list ok"
                },
                "product ok": {
                    "name": "product ok",
                    "path": "::product ok",
                    "id": "716e252b0c1f95f7b69e330791590bce",
                    "passes": 600,
                    "fails": 0
                }
            }
    },
    "metrics": {
        "vus_max": {
            "value": 20,
            "min": 20,
            "max": 20
        },
        "http_req_duration{expected_response:true}": {
            "p(75)": 9.0573,
            "p(90)": 11.105980000000004,
            "p(95)": 12.8522,
            "p(99)": 37.7283,
            "avg": 8.015973666666646,
            "min": 3.0542,
            "max": 48.8628,
            "p(50)": 7.1594999999999995
        },
        "http_req_connecting": {
            "p(50)": 0,
            "p(75)": 0,
            "p(90)": 0,
            "p(95)": 0,
            "p(99)": 0.9254,
            "avg": 0.01693275,
            "min": 0,
            "max": 1.9563
        },
        "http_req_tls_handshaking": {
            "p(95)": 0,
            "p(99)": 0,
            "avg": 0,
            "min": 0,
            "max": 0,
            "p(50)": 0,
            "p(75)": 0,
            "p(90)": 0
        },
        "data_received": {
            "count": 378000,
            "rate": 12371.418132027598
        },
        "iteration_duration": {
            "max": 1080.703,
            "p(50)": 1016.30655,
            "p(75)": 1018.5721,
            "p(90)": 1020.8331700000001,
            "p(95)": 1022.90184,
            "p(99)": 1078.187,
            "avg": 1018.2861398333332,
            "min": 1009.0412
        },
        "iterations": {
            "rate": 19.637171638139044,
            "count": 600
        },
        "http_req_sending": {
            "p(50)": 0,
            "p(75)": 0,
            "p(90)": 0,
            "p(95)": 0.5061,
            "p(99)": 0.9976959999999999,
            "avg": 0.044568250000000004,
            "min": 0,
            "max": 4.5274
        },
        "http_req_waiting": {
            "p(90)": 10.870790000000003,
            "p(95)": 12.6691,
            "p(99)": 37.7283,
            "avg": 7.869502499999987,
            "min": 2.9031,
            "max": 48.8628,
            "p(50)": 6.9997,
            "p(75)": 8.932649999999999
        },
        "http_req_failed": {
            "passes": 0,
            "fails": 1200,
            "thresholds": {
                "rate<0.01": false
            },
            "value": 0
        },
        "data_sent": {
            "count": 109800,
            "rate": 3593.602409779445
        },
        "http_req_receiving": {
            "p(99)": 0.9735,
            "avg": 0.10190291666666668,
            "min": 0,
            "max": 2.5618,
            "p(50)": 0,
            "p(75)": 0,
            "p(90)": 0.5085,
            "p(95)": 0.542505
        },
        "http_req_blocked": {
            "p(95)": 0,
            "p(99)": 9.8643,
            "avg": 0.1759200833333333,
            "min": 0,
            "max": 10.8952,
            "p(50)": 0,
            "p(75)": 0,
            "p(90)": 0
        },
        "vus": {
            "value": 20,
            "min": 20,
            "max": 20
        },
        "http_reqs": {
            "count": 1200,
            "rate": 39.27434327627809
        },
        "checks": {
            "passes": 1200,
            "fails": 0,
            "value": 1
        },
        "http_req_duration": {
            "p(75)": 9.0573,
            "p(90)": 11.105980000000004,
            "p(95)": 12.8522,
            "p(99)": 37.7283,
            "avg": 8.015973666666646,
            "min": 3.0542,
            "max": 48.8628,
            "p(50)": 7.1594999999999995
        }
    }
}