{
    "metrics": {
        "http_req_failed": {
            "passes": 0,
            "fails": 16036,
            "thresholds": {
                "rate<0.05": false
            },
            "value": 0
        },
        "http_req_sending": {
            "p(90)": 0,
            "p(95)": 0,
            "p(99)": 0.5571899999999997,
            "avg": 0.020919499875280637,
            "min": 0,
            "max": 3.7114,
            "p(50)": 0,
            "p(75)": 0
        },
        "iteration_duration": {
            "p(90)": 1021.22188,
            "p(95)": 1022.696135,
            "p(99)": 1026.590678,
            "avg": 1014.7443176477967,
            "min": 1004.5378,
            "max": 1061.9668,
            "p(50)": 1014.14065,
            "p(75)": 1018.0248
        },
        "http_req_connecting": {
            "p(90)": 0,
            "p(95)": 0,
            "p(99)": 0,
            "avg": 0.005683711648790222,
            "min": 0,
            "max": 2.2642,
            "p(50)": 0,
            "p(75)": 0
        },
        "checks": {
            "passes": 16036,
            "fails": 0,
            "value": 1
        },
        "vus": {
            "value": 2,
            "min": 1,
            "max": 100
        },
        "vus_max": {
            "value": 100,
            "min": 100,
            "max": 100
        },
        "http_req_blocked": {
            "p(50)": 0,
            "p(75)": 0,
            "p(90)": 0,
            "p(95)": 0,
            "p(99)": 0.5242949999999998,
            "avg": 0.013283462210027444,
            "min": 0,
            "max": 5.5403
        },
        "http_req_tls_handshaking": {
            "min": 0,
            "max": 0,
            "p(50)": 0,
            "p(75)": 0,
            "p(90)": 0,
            "p(95)": 0,
            "p(99)": 0,
            "avg": 0
        },
        "data_sent": {
            "count": 1467294,
            "rate": 9716.591378867293
        },
        "iterations": {
            "count": 8018,
            "rate": 53.09612775337319
        },
        "http_req_duration{expected_response:true}": {
            "p(95)": 11.642,
            "p(99)": 13.629374999999994,
            "avg": 6.916816562733857,
            "min": 1.5989,
            "max": 53.959,
            "p(50)": 6.7573,
            "p(75)": 8.936525,
            "p(90)": 10.6791
        },
        "http_req_waiting": {
            "avg": 6.819876640059853,
            "min": 1.5966,
            "max": 53.959,
            "p(50)": 6.6377,
            "p(75)": 8.7992,
            "p(90)": 10.5383,
            "p(95)": 11.553225000000001,
            "p(99)": 13.560964999999998
        },
        "http_req_receiving": {
            "avg": 0.07602042279870265,
            "min": 0,
            "max": 2.2414,
            "p(50)": 0,
            "p(75)": 0,
            "p(90)": 0.5056,
            "p(95)": 0.5349250000000001,
            "p(99)": 0.6492
        },
        "data_received": {
            "count": 5051340,
            "rate": 33450.56048462511
        },
        "http_req_duration": {
            "avg": 6.916816562733857,
            "min": 1.5989,
            "max": 53.959,
            "p(50)": 6.7573,
            "p(75)": 8.936525,
            "p(90)": 10.6791,
            "p(95)": 11.642,
            "p(99)": 13.629374999999994
        },
        "http_reqs": {
            "count": 16036,
            "rate": 106.19225550674638
        }
    },
    "root_group": {
        "name": "",
        "path": "",
        "id": "d41d8cd98f00b204e9800998ecf8427e",
        "groups": {},
        "checks": {
                "products list ok": {
                    "path": "::products list ok",
                    "id": "9510a9eed98727c4f6d467383c223a18",
                    "passes": 8018,
                    "fails": 0,
                    "name": "products list ok"
                },
                "product ok": {
                    "name": "product ok",
                    "path": "::product ok",
                    "id": "716e252b0c1f95f7b69e330791590bce",
                    "passes": 8018,
                    "fails": 0
                }
            }
    }
}