{
    "root_group": {
        "name": "",
        "path": "",
        "id": "d41d8cd98f00b204e9800998ecf8427e",
        "groups": {},
        "checks": {
                "products list ok": {
                    "passes": 8027,
                    "fails": 0,
                    "name": "products list ok",
                    "path": "::products list ok",
                    "id": "9510a9eed98727c4f6d467383c223a18"
                },
                "product ok": {
                    "passes": 8027,
                    "fails": 0,
                    "name": "product ok",
                    "path": "::product ok",
                    "id": "716e252b0c1f95f7b69e330791590bce"
                }
            }
    },
    "metrics": {
        "vus_max": {
            "min": 100,
            "max": 100,
            "value": 100
        },
        "vus": {
            "max": 100,
            "value": 23,
            "min": 1
        },
        "checks": {
            "passes": 16054,
            "fails": 0,
            "value": 1
        },
        "iteration_duration": {
            "max": 1066.811,
            "p(50)": 1013.2495,
            "p(75)": 1016.55805,
            "p(90)": 1020.36266,
            "p(95)": 1022.23024,
            "p(99)": 1027.8017639999998,
            "avg": 1014.0019204808741,
            "min": 1004.9527
        },
        "http_req_blocked": {
            "p(75)": 0,
            "p(90)": 0,
            "p(95)": 0,
            "p(99)": 0.5154939999999998,
            "avg": 0.011769895353183008,
            "min": 0,
            "max": 3.7195,
            "p(50)": 0
        },
        "http_req_receiving": {
            "max": 2.7381,
            "p(50)": 0,
            "p(75)": 0,
            "p(90)": 0.5045,
            "p(95)": 0.526,
            "p(99)": 0.6425939999999999,
            "avg": 0.07036552884016432,
            "min": 0
        },
        "iterations": {
            "count": 8027,
            "rate": 53.16681633939052
        },
        "data_sent": {
            "count": 1468941,
            "rate": 9729.527390108466
        },
        "data_received": {
            "count": 5057010,
            "rate": 33495.09429381603
        },
        "http_req_connecting": {
            "max": 3.2024,
            "p(50)": 0,
            "p(75)": 0,
            "p(90)": 0,
            "p(95)": 0,
            "p(99)": 0,
            "avg": 0.005249308583530585,
            "min": 0
        },
        "http_req_failed": {
            "fails": 16054,
            "passes": 0,
            "thresholds": {
                "rate<0.05": false
            },
            "value": 0
        },
        "http_reqs": {
            "count": 16054,
            "rate": 106.33363267878104
        },
        "http_req_tls_handshaking": {
            "p(95)": 0,
            "p(99)": 0,
            "avg": 0,
            "min": 0,
            "max": 0,
            "p(50)": 0,
            "p(75)": 0,
            "p(90)": 0
        },
        "http_req_waiting": {
            "p(90)": 10.1729,
            "p(95)": 11.3522,
            "p(99)": 14.004205999999968,
            "avg": 6.456897022548941,
            "min": 1.0571,
            "max": 58.6764,
            "p(50)": 5.81955,
            "p(75)": 8.28775
        },
        "http_req_duration": {
            "max": 58.6764,
            "p(50)": 5.9122,
            "p(75)": 8.387475,
            "p(90)": 10.3158,
            "p(95)": 11.466,
            "p(99)": 14.1944,
            "avg": 6.545497514638148,
            "min": 1.4064
        },
        "http_req_sending": {
            "p(95)": 0,
            "p(99)": 0.5383109999999991,
            "avg": 0.018234963249034532,
            "min": 0,
            "max": 4.0182,
            "p(50)": 0,
            "p(75)": 0,
            "p(90)": 0
        },
        "http_req_duration{expected_response:true}": {
            "p(90)": 10.3158,
            "p(95)": 11.466,
            "p(99)": 14.1944,
            "avg": 6.545497514638148,
            "min": 1.4064,
            "max": 58.6764,
            "p(50)": 5.9122,
            "p(75)": 8.387475
        }
    }
}