{
    "root_group": {
        "id": "d41d8cd98f00b204e9800998ecf8427e",
        "groups": {},
        "checks": {
                "products list ok": {
                    "name": "products list ok",
                    "path": "::products list ok",
                    "id": "9510a9eed98727c4f6d467383c223a18",
                    "passes": 600,
                    "fails": 0
                },
                "product ok": {
                    "path": "::product ok",
                    "id": "716e252b0c1f95f7b69e330791590bce",
                    "passes": 600,
                    "fails": 0,
                    "name": "product ok"
                }
            },
        "name": "",
        "path": ""
    },
    "metrics": {
        "vus": {
            "max": 20,
            "value": 20,
            "min": 20
        },
        "iteration_duration": {
            "p(75)": 1019.2783,
            "p(90)": 1025.3259,
            "p(95)": 1051.42983,
            "p(99)": 1057.9318,
            "avg": 1019.2920979999996,
            "min": 1009.3079,
            "max": 1067.326,
            "p(50)": 1016.5721
        },
        "http_req_waiting": {
            "max": 47.5869,
            "p(50)": 6.65615,
            "p(75)": 9.1732,
            "p(90)": 11.195860000000009,
            "p(95)": 15.0956,
            "p(99)": 38.8618,
            "avg": 8.236185333333337,
            "min": 2.9065
        },
        "data_sent": {
            "count": 109800,
            "rate": 3588.7581972973358
        },
        "http_req_blocked": {
            "p(50)": 0,
            "p(75)": 0,
            "p(90)": 0,
            "p(95)": 0,
            "p(99)": 7.0388,
            "avg": 0.1244455,
            "min": 0,
            "max": 8.0415
        },
        "http_req_tls_handshaking": {
            "p(99)": 0,
            "avg": 0,
            "min": 0,
            "max": 0,
            "p(50)": 0,
            "p(75)": 0,
            "p(90)": 0,
            "p(95)": 0
        },
        "http_req_duration": {
            "min": 2.9178,
            "max": 48.1219,
            "p(50)": 6.79205,
            "p(75)": 9.2125,
            "p(90)": 11.3401,
            "p(95)": 15.0956,
            "p(99)": 39.9919,
            "avg": 8.389529916666671
        },
        "http_req_receiving": {
            "p(50)": 0,
            "p(75)": 0,
            "p(90)": 0.50751,
            "p(95)": 0.5315199999999999,
            "p(99)": 1.011309,
            "avg": 0.11133766666666668,
            "min": 0,
            "max": 11.4832
        },
        "http_reqs": {
            "count": 1200,
            "rate": 39.22140106335886
        },
        "checks": {
            "passes": 1200,
            "fails": 0,
            "value": 1
        },
        "http_req_connecting": {
            "p(99)": 1.007,
            "avg": 0.013423083333333332,
            "min": 0,
            "max": 2.0097,
            "p(50)": 0,
            "p(75)": 0,
            "p(90)": 0,
            "p(95)": 0
        },
        "http_req_duration{expected_response:true}": {
            "min": 2.9178,
            "max": 48.1219,
            "p(50)": 6.79205,
            "p(75)": 9.2125,
            "p(90)": 11.3401,
            "p(95)": 15.0956,
            "p(99)": 39.9919,
            "avg": 8.389529916666671
        },
        "data_received": {
            "count": 378000,
            "rate": 12354.741334958042
        },
        "iterations": {
            "count": 600,
            "rate": 19.61070053167943
        },
        "http_req_sending": {
            "avg": 0.04200691666666667,
            "min": 0,
            "max": 4.6116,
            "p(50)": 0,
            "p(75)": 0,
            "p(90)": 0,
            "p(95)": 0.0752299999999977,
            "p(99)": 1.108312
        },
        "vus_max": {
            "value": 20,
            "min": 20,
            "max": 20
        },
        "http_req_failed": {
            "passes": 0,
            "fails": 1200,
            "thresholds": {
                "rate<0.01": false
            },
            "value": 0
        }
    }
}