{
    "root_group": {
        "name": "",
        "path": "",
        "id": "d41d8cd98f00b204e9800998ecf8427e",
        "groups": {},
        "checks": {
                "products list ok": {
                    "passes": 600,
                    "fails": 0,
                    "name": "products list ok",
                    "path": "::products list ok",
                    "id": "9510a9eed98727c4f6d467383c223a18"
                },
                "product ok": {
                    "passes": 600,
                    "fails": 0,
                    "name": "product ok",
                    "path": "::product ok",
                    "id": "716e252b0c1f95f7b69e330791590bce"
                }
            }
    },
    "metrics": {
        "iteration_duration": {
            "p(75)": 1017.197275,
            "p(90)": 1020.1536500000001,
            "p(95)": 1021.6377749999999,
            "p(99)": 1073.3917,
            "avg": 1017.2158258333335,
            "min": 1009.0807,
            "max": 1078.6474,
            "p(50)": 1015.15285
        },
        "http_req_blocked": {
            "p(50)": 0,
            "p(75)": 0,
            "p(90)": 0,
            "p(95)": 0,
            "p(99)": 8.777,
            "avg": 0.16261308333333327,
            "min": 0,
            "max": 9.3017
        },
        "http_req_connecting": {
            "p(90)": 0,
            "p(95)": 0,
            "p(99)": 1.3569,
            "avg": 0.020002499999999993,
            "min": 0,
            "max": 1.3569,
            "p(50)": 0,
            "p(75)": 0
        },
        "vus": {
            "value": 20,
            "min": 20,
            "max": 20
        },
        "iterations": {
            "count": 600,
            "rate": 19.658391607604585
        },
        "http_reqs": {
            "count": 1200,
            "rate": 39.31678321520917
        },
        "http_req_tls_handshaking": {
            "avg": 0,
            "min": 0,
            "max": 0,
            "p(50)": 0,
            "p(75)": 0,
            "p(90)": 0,
            "p(95)": 0,
            "p(99)": 0
        },
        "http_req_failed": {
            "passes": 0,
            "fails": 1200,
            "thresholds": {
                "rate<0.01": false
            },
            "value": 0
        },
        "http_req_receiving": {
            "avg": 0.0953913333333333,
            "min": 0,
            "max": 3.0926,
            "p(50)": 0,
            "p(75)": 0,
            "p(90)": 0.5073300000000001,
            "p(95)": 0.53145,
            "p(99)": 1.0211249999999998
        },
        "http_req_waiting": {
            "p(50)": 6.2827,
            "p(75)": 8.617175,
            "p(90)": 10.307200000000002,
            "p(95)": 11.6997,
            "p(99)": 38.7918,
            "avg": 7.519030750000005,
            "min": 2.5232,
            "max": 60.8616
        },
        "data_received": {
            "count": 378000,
            "rate": 12384.786712790888
        },
        "vus_max": {
            "value": 20,
            "min": 20,
            "max": 20
        },
        "data_sent": {
            "count": 109800,
            "rate": 3597.4856641916394
        },
        "http_req_sending": {
            "p(95)": 0.14200999999999417,
            "p(99)": 1.0280289999999999,
            "avg": 0.042351833333333325,
            "min": 0,
            "max": 5.0463,
            "p(50)": 0,
            "p(75)": 0,
            "p(90)": 0
        },
        "http_req_duration": {
            "max": 61.8951,
            "p(50)": 6.4185,
            "p(75)": 8.8001,
            "p(90)": 10.47773,
            "p(95)": 11.784794999999992,
            "p(99)": 38.7918,
            "avg": 7.656773916666677,
            "min": 3.0102
        },
        "checks": {
            "passes": 1200,
            "fails": 0,
            "value": 1
        },
        "http_req_duration{expected_response:true}": {
            "p(50)": 6.4185,
            "p(75)": 8.8001,
            "p(90)": 10.47773,
            "p(95)": 11.784794999999992,
            "p(99)": 38.7918,
            "avg": 7.656773916666677,
            "min": 3.0102,
            "max": 61.8951
        }
    }
}