{
    "metrics": {
        "http_reqs": {
            "count": 1200,
            "rate": 39.29146808854195
        },
        "http_req_sending": {
            "avg": 0.04852208333333336,
            "min": 0,
            "max": 3.0698,
            "p(50)": 0,
            "p(75)": 0,
            "p(90)": 0,
            "p(95)": 0.5054099999999999,
            "p(99)": 1.0823399999999999
        },
        "data_sent": {
            "count": 109800,
            "rate": 3595.169330101588
        },
        "http_req_connecting": {
            "max": 3.5528,
            "p(50)": 0,
            "p(75)": 0,
            "p(90)": 0,
            "p(95)": 0,
            "p(99)": 2.0635679999999996,
            "avg": 0.03875608333333334,
            "min": 0
        },
        "http_req_receiving": {
            "p(95)": 0.521265,
            "p(99)": 0.9102589999999998,
            "avg": 0.0856583333333333,
            "min": 0,
            "max": 3.1166,
            "p(50)": 0,
            "p(75)": 0,
            "p(90)": 0.50542
        },
        "http_req_failed": {
            "passes": 0,
            "fails": 1200,
            "thresholds": {
                "rate<0.01": false
            },
            "value": 0
        },
        "http_req_tls_handshaking": {
            "min": 0,
            "max": 0,
            "p(50)": 0,
            "p(75)": 0,
            "p(90)": 0,
            "p(95)": 0,
            "p(99)": 0,
            "avg": 0
        },
        "http_req_blocked": {
            "p(95)": 0,
            "p(99)": 11.2409,
            "avg": 0.2080885833333334,
            "min": 0,
            "max": 12.7234,
            "p(50)": 0,
            "p(75)": 0,
            "p(90)": 0
        },
        "vus_max": {
            "value": 20,
            "min": 20,
            "max": 20
        },
        "iteration_duration": {
            "max": 1084.6424,
            "p(50)": 1015.9547,
            "p(75)": 1018.1633,
            "p(90)": 1020.4462,
            "p(95)": 1022.1629,
            "p(99)": 1075.7858,
            "avg": 1017.8754970000009,
            "min": 1008.8789
        },
        "http_req_duration{expected_response:true}": {
            "avg": 7.802888083333337,
            "min": 3.1153,
            "max": 61.601,
            "p(50)": 6.4991,
            "p(75)": 8.959399999999999,
            "p(90)": 10.980140000000004,
            "p(95)": 12.59868,
            "p(99)": 39.403364999999994
        },
        "iterations": {
            "count": 600,
            "rate": 19.645734044270974
        },
        "http_req_waiting": {
            "min": 2.8553,
            "max": 61.601,
            "p(50)": 6.40155,
            "p(75)": 8.857925,
            "p(90)": 10.746000000000008,
            "p(95)": 12.456004999999992,
            "p(99)": 39.403364999999994,
            "avg": 7.668707666666666
        },
        "vus": {
            "max": 20,
            "value": 20,
            "min": 20
        },
        "checks": {
            "passes": 1200,
            "fails": 0,
            "value": 1
        },
        "data_received": {
            "count": 378000,
            "rate": 12376.812447890714
        },
        "http_req_duration": {
            "p(95)": 12.59868,
            "p(99)": 39.403364999999994,
            "avg": 7.802888083333337,
            "min": 3.1153,
            "max": 61.601,
            "p(50)": 6.4991,
            "p(75)": 8.959399999999999,
            "p(90)": 10.980140000000004
        }
    },
    "root_group": {
        "name": "",
        "path": "",
        "id": "d41d8cd98f00b204e9800998ecf8427e",
        "groups": {},
        "checks": {
                "products list ok": {
                    "name": "products list ok",
                    "path": "::products list ok",
                    "id": "9510a9eed98727c4f6d467383c223a18",
                    "passes": 600,
                    "fails": 0
                },
                "product ok": {
                    "passes": 600,
                    "fails": 0,
                    "name": "product ok",
                    "path": "::product ok",
                    "id": "716e252b0c1f95f7b69e330791590bce"
                }
            }
    }
}