{
    "root_group": {
        "checks": {
            "products list ok": {
                "fails": 0,
                "name": "products list ok",
                "path": "::products list ok",
                "id": "9510a9eed98727c4f6d467383c223a18",
                "passes": 8015
            },
            "product ok": {
                "id": "716e252b0c1f95f7b69e330791590bce",
                "passes": 8015,
                "fails": 0,
                "name": "product ok",
                "path": "::product ok"
            }
        },
        "name": "",
        "path": "",
        "id": "d41d8cd98f00b204e9800998ecf8427e",
        "groups": {}
    },
    "metrics": {
        "http_req_receiving": {
            "p(75)": 0,
            "p(90)": 0.5048,
            "p(95)": 0.5249099999999999,
            "p(99)": 0.6388839999999997,
            "avg": 0.07349287585776682,
            "min": 0,
            "max": 3.6363,
            "p(50)": 0
        },
        "http_req_sending": {
            "avg": 0.02653282595134125,
            "min": 0,
            "max": 15.604,
            "p(50)": 0,
            "p(75)": 0,
            "p(90)": 0,
            "p(95)": 0,
            "p(99)": 0.6168529999999962
        },
        "http_req_duration": {
            "p(75)": 8.725525000000001,
            "p(90)": 10.58117,
            "p(95)": 11.736744999999999,
            "p(99)": 14.3379,
            "avg": 6.870821946350555,
            "min": 1.6502,
            "max": 51.895,
            "p(50)": 6.37645
        },
        "http_req_connecting": {
            "p(95)": 0,
            "p(99)": 0,
            "avg": 0.009807049282595128,
            "min": 0,
            "max": 13.223,
            "p(50)": 0,
            "p(75)": 0,
            "p(90)": 0
        },
        "http_req_waiting": {
            "max": 51.895,
            "p(50)": 6.26525,
            "p(75)": 8.634025000000001,
            "p(90)": 10.46441,
            "p(95)": 11.6056,
            "p(99)": 14.062247999999991,
            "avg": 6.7707962445414225,
            "min": 1.5547
        },
        "checks": {
            "passes": 16030,
            "fails": 0,
            "value": 1
        },
        "vus": {
            "value": 22,
            "min": 1,
            "max": 100
        },
        "http_req_tls_handshaking": {
            "p(99)": 0,
            "avg": 0,
            "min": 0,
            "max": 0,
            "p(50)": 0,
            "p(75)": 0,
            "p(90)": 0,
            "p(95)": 0
        },
        "iterations": {
            "count": 8015,
            "rate": 53.11389377050009
        },
        "http_req_failed": {
            "passes": 0,
            "fails": 16030,
            "thresholds": {
                "rate<0.05": false
            },
            "value": 0
        },
        "http_req_blocked": {
            "max": 13.223,
            "p(50)": 0,
            "p(75)": 0,
            "p(90)": 0,
            "p(95)": 0,
            "p(99)": 0.570471,
            "avg": 0.01910320024953211,
            "min": 0
        },
        "http_reqs": {
            "rate": 106.22778754100018,
            "count": 16030
        },
        "http_req_duration{expected_response:true}": {
            "p(90)": 10.58117,
            "p(95)": 11.736744999999999,
            "p(99)": 14.3379,
            "avg": 6.870821946350555,
            "min": 1.6502,
            "max": 51.895,
            "p(50)": 6.37645,
            "p(75)": 8.725525000000001
        },
        "vus_max": {
            "value": 100,
            "min": 100,
            "max": 100
        },
        "data_sent": {
            "count": 1466745,
            "rate": 9719.842560001516
        },
        "data_received": {
            "count": 5049450,
            "rate": 33461.75307541506
        },
        "iteration_duration": {
            "p(75)": 1017.6902,
            "p(90)": 1021.4552,
            "p(95)": 1023.68794,
            "p(99)": 1033.1018,
            "avg": 1015.1900059263966,
            "min": 1005.1231,
            "max": 1074.5343,
            "p(50)": 1014.3399
        }
    }
}