{
    "root_group": {
        "name": "",
        "path": "",
        "id": "d41d8cd98f00b204e9800998ecf8427e",
        "groups": {},
        "checks": {
                "products list ok": {
                    "path": "::products list ok",
                    "id": "9510a9eed98727c4f6d467383c223a18",
                    "passes": 8019,
                    "fails": 0,
                    "name": "products list ok"
                },
                "product ok": {
                    "path": "::product ok",
                    "id": "716e252b0c1f95f7b69e330791590bce",
                    "passes": 8019,
                    "fails": 0,
                    "name": "product ok"
                }
            }
    },
    "metrics": {
        "http_reqs": {
            "count": 16038,
            "rate": 106.21776834552044
        },
        "iterations": {
            "count": 8019,
            "rate": 53.10888417276022
        },
        "checks": {
            "fails": 0,
            "passes": 16038,
            "value": 1
        },
        "data_received": {
            "count": 5051970,
            "rate": 33458.597028838936
        },
        "http_req_duration": {
            "p(75)": 8.456275000000002,
            "p(90)": 10.4163,
            "p(95)": 11.477984999999999,
            "p(99)": 14.6883,
            "avg": 6.6386506983414275,
            "min": 1.5339,
            "max": 76.8736,
            "p(50)": 6.0191
        },
        "http_req_duration{expected_response:true}": {
            "p(90)": 10.4163,
            "p(95)": 11.477984999999999,
            "p(99)": 14.6883,
            "avg": 6.6386506983414275,
            "min": 1.5339,
            "max": 76.8736,
            "p(50)": 6.0191,
            "p(75)": 8.456275000000002
        },
        "http_req_blocked": {
            "min": 0,
            "max": 6.449,
            "p(50)": 0,
            "p(75)": 0,
            "p(90)": 0,
            "p(95)": 0,
            "p(99)": 0.5191259999999999,
            "avg": 0.01315977054495573
        },
        "http_req_tls_handshaking": {
            "avg": 0,
            "min": 0,
            "max": 0,
            "p(50)": 0,
            "p(75)": 0,
            "p(90)": 0,
            "p(95)": 0,
            "p(99)": 0
        },
        "vus": {
            "max": 100,
            "value": 1,
            "min": 1
        },
        "http_req_receiving": {
            "avg": 0.07240179573512913,
            "min": 0,
            "max": 5.588,
            "p(50)": 0,
            "p(75)": 0,
            "p(90)": 0.5042300000000001,
            "p(95)": 0.525415,
            "p(99)": 0.6484779999999996
        },
        "http_req_sending": {
            "p(99)": 0.5458889999999997,
            "avg": 0.019500336700336688,
            "min": 0,
            "max": 3.5827,
            "p(50)": 0,
            "p(75)": 0,
            "p(90)": 0,
            "p(95)": 0
        },
        "http_req_failed": {
            "fails": 16038,
            "passes": 0,
            "thresholds": {
                "rate<0.05": false
            },
            "value": 0
        },
        "iteration_duration": {
            "avg": 1014.1624360518795,
            "min": 1005.09,
            "max": 1085.584,
            "p(50)": 1013.2412,
            "p(75)": 1016.6366,
            "p(90)": 1020.3111,
            "p(95)": 1022.6022,
            "p(99)": 1028.4944259999997
        },
        "data_sent": {
            "count": 1467477,
            "rate": 9718.92580361512
        },
        "http_req_waiting": {
            "min": 1.5017,
            "max": 76.8736,
            "p(50)": 5.915,
            "p(75)": 8.327825,
            "p(90)": 10.2749,
            "p(95)": 11.321384999999996,
            "p(99)": 14.535548999999998,
            "avg": 6.546748565905961
        },
        "http_req_connecting": {
            "p(90)": 0,
            "p(95)": 0,
            "p(99)": 0,
            "avg": 0.005581238309016086,
            "min": 0,
            "max": 3.368,
            "p(50)": 0,
            "p(75)": 0
        },
        "vus_max": {
            "value": 100,
            "min": 100,
            "max": 100
        }
    }
}