{
    "root_group": {
        "name": "",
        "path": "",
        "id": "d41d8cd98f00b204e9800998ecf8427e",
        "groups": {},
        "checks": {
                "products list ok": {
                    "name": "products list ok",
                    "path": "::products list ok",
                    "id": "9510a9eed98727c4f6d467383c223a18",
                    "passes": 8017,
                    "fails": 0
                },
                "product ok": {
                    "name": "product ok",
                    "path": "::product ok",
                    "id": "716e252b0c1f95f7b69e330791590bce",
                    "passes": 8017,
                    "fails": 0
                }
            }
    },
    "metrics": {
        "iterations": {
            "count": 8017,
            "rate": 53.12119755144953
        },
        "http_req_duration": {
            "p(75)": 8.6057,
            "p(90)": 10.50252,
            "p(95)": 11.5419,
            "p(99)": 14.102749000000001,
            "avg": 6.7588815205188695,
            "min": 1.6519,
            "max": 70.0912,
            "p(50)": 6.1859
        },
        "http_req_blocked": {
            "avg": 0.019028838717724823,
            "min": 0,
            "max": 6.3621,
            "p(50)": 0,
            "p(75)": 0,
            "p(90)": 0,
            "p(95)": 0,
            "p(99)": 0.6162060000000001
        },
        "http_req_waiting": {
            "p(90)": 10.3986,
            "p(95)": 11.402209999999991,
            "p(99)": 14.040167000000002,
            "avg": 6.658329836597213,
            "min": 1.5652,
            "max": 69.1545,
            "p(50)": 6.09695,
            "p(75)": 8.5033
        },
        "http_reqs": {
            "count": 16034,
            "rate": 106.24239510289905
        },
        "http_req_tls_handshaking": {
            "p(99)": 0,
            "avg": 0,
            "min": 0,
            "max": 0,
            "p(50)": 0,
            "p(75)": 0,
            "p(90)": 0,
            "p(95)": 0
        },
        "http_req_receiving": {
            "p(75)": 0,
            "p(90)": 0.5046,
            "p(95)": 0.521735,
            "p(99)": 0.696403,
            "avg": 0.07307146688287373,
            "min": 0,
            "max": 4.7887,
            "p(50)": 0
        },
        "iteration_duration": {
            "min": 1005.0772,
            "max": 1092.8214,
            "p(50)": 1014.53,
            "p(75)": 1017.563,
            "p(90)": 1020.60092,
            "p(95)": 1022.60288,
            "p(99)": 1031.35484,
            "avg": 1015.0565290133444
        },
        "vus": {
            "value": 21,
            "min": 1,
            "max": 100
        },
        "http_req_sending": {
            "p(99)": 0.6064,
            "avg": 0.02748021703879259,
            "min": 0,
            "max": 16.7829,
            "p(50)": 0,
            "p(75)": 0,
            "p(90)": 0,
            "p(95)": 0
        },
        "vus_max": {
            "min": 100,
            "max": 100,
            "value": 100
        },
        "checks": {
            "passes": 16034,
            "fails": 0,
            "value": 1
        },
        "http_req_failed": {
            "passes": 0,
            "fails": 16034,
            "thresholds": {
                "rate<0.05": false
            },
            "value": 0
        },
        "data_sent": {
            "count": 1467111,
            "rate": 9721.179151915263
        },
        "http_req_duration{expected_response:true}": {
            "p(95)": 11.5419,
            "p(99)": 14.102749000000001,
            "avg": 6.7588815205188695,
            "min": 1.6519,
            "max": 70.0912,
            "p(50)": 6.1859,
            "p(75)": 8.6057,
            "p(90)": 10.50252
        },
        "http_req_connecting": {
            "min": 0,
            "max": 6.3621,
            "p(50)": 0,
            "p(75)": 0,
            "p(90)": 0,
            "p(95)": 0,
            "p(99)": 0,
            "avg": 0.009576562305101656
        },
        "data_received": {
            "count": 5050710,
            "rate": 33466.3544574132
        }
    }
}