{
    "metrics": {
        "http_req_duration": {
            "avg": 6.688317517155394,
            "min": 1.4315,
            "max": 61.6704,
            "p(50)": 6.13745,
            "p(75)": 8.509725,
            "p(90)": 10.37122,
            "p(95)": 11.4603,
            "p(99)": 14.898866999999985
        },
        "checks": {
            "fails": 0,
            "passes": 16030,
            "value": 1
        },
        "data_sent": {
            "count": 1466745,
            "rate": 9720.946686734771
        },
        "iteration_duration": {
            "p(99)": 1032.6054679999997,
            "avg": 1014.8922609357397,
            "min": 1004.671,
            "max": 1097.4805,
            "p(50)": 1014.3304,
            "p(75)": 1017.3732,
            "p(90)": 1020.54452,
            "p(95)": 1022.88439
        },
        "http_req_sending": {
            "p(90)": 0,
            "p(95)": 0,
            "p(99)": 0.6230009999999973,
            "avg": 0.02919633187772928,
            "min": 0,
            "max": 12.1503,
            "p(50)": 0,
            "p(75)": 0
        },
        "vus": {
            "value": 22,
            "min": 1,
            "max": 100
        },
        "data_received": {
            "count": 5049450,
            "rate": 33465.554167447575
        },
        "http_req_tls_handshaking": {
            "p(99)": 0,
            "avg": 0,
            "min": 0,
            "max": 0,
            "p(50)": 0,
            "p(75)": 0,
            "p(90)": 0,
            "p(95)": 0
        },
        "http_req_receiving": {
            "p(99)": 0.7176,
            "avg": 0.07649381160324364,
            "min": 0,
            "max": 6.0601,
            "p(50)": 0,
            "p(75)": 0,
            "p(90)": 0.5052,
            "p(95)": 0.5234
        },
        "http_req_blocked": {
            "p(75)": 0,
            "p(90)": 0,
            "p(95)": 0,
            "p(99)": 0.5582979999999966,
            "avg": 0.016091684341859015,
            "min": 0,
            "max": 4.5124,
            "p(50)": 0
        },
        "http_req_waiting": {
            "min": 1.4315,
            "max": 61.0432,
            "p(50)": 6.046,
            "p(75)": 8.383700000000001,
            "p(90)": 10.230200000000002,
            "p(95)": 11.324639999999999,
            "p(99)": 14.495058999999927,
            "avg": 6.582627373674417
        },
        "vus_max": {
            "value": 100,
            "min": 100,
            "max": 100
        },
        "http_reqs": {
            "rate": 106.23985449983357,
            "count": 16030
        },
        "http_req_failed": {
            "passes": 0,
            "fails": 16030,
            "thresholds": {
                "rate<0.05": false
            },
            "value": 0
        },
        "iterations": {
            "count": 8015,
            "rate": 53.119927249916785
        },
        "http_req_duration{expected_response:true}": {
            "p(75)": 8.509725,
            "p(90)": 10.37122,
            "p(95)": 11.4603,
            "p(99)": 14.898866999999985,
            "avg": 6.688317517155394,
            "min": 1.4315,
            "max": 61.6704,
            "p(50)": 6.13745
        },
        "http_req_connecting": {
            "p(95)": 0,
            "p(99)": 0,
            "avg": 0.008412096069868997,
            "min": 0,
            "max": 4.2897,
            "p(50)": 0,
            "p(75)": 0,
            "p(90)": 0
        }
    },
    "root_group": {
        "name": "",
        "path": "",
        "id": "d41d8cd98f00b204e9800998ecf8427e",
        "groups": {},
        "checks": {
                "products list ok": {
                    "name": "products list ok",
                    "path": "::products list ok",
                    "id": "9510a9eed98727c4f6d467383c223a18",
                    "passes": 8015,
                    "fails": 0
                },
                "product ok": {
                    "fails": 0,
                    "name": "product ok",
                    "path": "::product ok",
                    "id": "716e252b0c1f95f7b69e330791590bce",
                    "passes": 8015
                }
            }
    }
}