{
    "root_group": {
        "name": "",
        "path": "",
        "id": "d41d8cd98f00b204e9800998ecf8427e",
        "groups": {},
        "checks": {
                "products list ok": {
                    "name": "products list ok",
                    "path": "::products list ok",
                    "id": "9510a9eed98727c4f6d467383c223a18",
                    "passes": 600,
                    "fails": 0
                },
                "product ok": {
                    "name": "product ok",
                    "path": "::product ok",
                    "id": "716e252b0c1f95f7b69e330791590bce",
                    "passes": 600,
                    "fails": 0
                }
            }
    },
    "metrics": {
        "http_req_duration{expected_response:true}": {
            "min": 3.122,
            "max": 77.4149,
            "p(50)": 7.0116,
            "p(75)": 9.409075,
            "p(90)": 11.7087,
            "p(95)": 13.209295,
            "p(99)": 51.6804,
            "avg": 8.463220000000002
        },
        "http_req_waiting": {
            "p(99)": 48.794869999999996,
            "avg": 8.318110916666656,
            "min": 3.122,
            "max": 77.4149,
            "p(50)": 6.8835,
            "p(75)": 9.379725,
            "p(90)": 11.6498,
            "p(95)": 13.2079
        },
        "http_req_receiving": {
            "p(90)": 0.5084,
            "p(95)": 0.5377,
            "p(99)": 1.0668779999999958,
            "avg": 0.11851650000000007,
            "min": 0,
            "max": 7.5335,
            "p(50)": 0,
            "p(75)": 0
        },
        "iteration_duration": {
            "min": 1009.8323,
            "max": 1105.9204,
            "p(50)": 1016.8376499999999,
            "p(75)": 1018.929175,
            "p(90)": 1027.29996,
            "p(95)": 1051.775755,
            "p(99)": 1099.119,
            "avg": 1021.2544141666657
        },
        "http_req_duration": {
            "min": 3.122,
            "max": 77.4149,
            "p(50)": 7.0116,
            "p(75)": 9.409075,
            "p(90)": 11.7087,
            "p(95)": 13.209295,
            "p(99)": 51.6804,
            "avg": 8.463220000000002
        },
        "http_req_blocked": {
            "p(90)": 0,
            "p(95)": 0,
            "p(99)": 19.319276999999992,
            "avg": 0.3401612500000001,
            "min": 0,
            "max": 20.307,
            "p(50)": 0,
            "p(75)": 0
        },
        "http_req_connecting": {
            "p(99)": 0.5052,
            "avg": 0.012586083333333336,
            "min": 0,
            "max": 1.5899,
            "p(50)": 0,
            "p(75)": 0,
            "p(90)": 0,
            "p(95)": 0
        },
        "vus": {
            "value": 20,
            "min": 20,
            "max": 20
        },
        "http_req_tls_handshaking": {
            "avg": 0,
            "min": 0,
            "max": 0,
            "p(50)": 0,
            "p(75)": 0,
            "p(90)": 0,
            "p(95)": 0,
            "p(99)": 0
        },
        "iterations": {
            "count": 600,
            "rate": 19.579619563553834
        },
        "http_req_failed": {
            "passes": 0,
            "fails": 1200,
            "thresholds": {
                "rate<0.01": false
            },
            "value": 0
        },
        "http_reqs": {
            "rate": 39.15923912710767,
            "count": 1200
        },
        "data_sent": {
            "count": 109800,
            "rate": 3583.0703801303516
        },
        "http_req_sending": {
            "max": 3.395,
            "p(50)": 0,
            "p(75)": 0,
            "p(90)": 0,
            "p(95)": 0,
            "p(99)": 0.6504239999999988,
            "avg": 0.02659258333333333,
            "min": 0
        },
        "data_received": {
            "rate": 12335.160325038914,
            "count": 378000
        },
        "checks": {
            "fails": 0,
            "passes": 1200,
            "value": 1
        },
        "vus_max": {
            "value": 20,
            "min": 20,
            "max": 20
        }
    }
}