{
    "root_group": {
        "groups": {},
        "checks": {
                "products list ok": {
                    "id": "9510a9eed98727c4f6d467383c223a18",
                    "passes": 8022,
                    "fails": 0,
                    "name": "products list ok",
                    "path": "::products list ok"
                },
                "product ok": {
                    "name": "product ok",
                    "path": "::product ok",
                    "id": "716e252b0c1f95f7b69e330791590bce",
                    "passes": 8022,
                    "fails": 0
                }
            },
        "name": "",
        "path": "",
        "id": "d41d8cd98f00b204e9800998ecf8427e"
    },
    "metrics": {
        "http_req_sending": {
            "p(99)": 0.5430279999999998,
            "avg": 0.01991823734729491,
            "min": 0,
            "max": 4.0165,
            "p(50)": 0,
            "p(75)": 0,
            "p(90)": 0,
            "p(95)": 0
        },
        "data_sent": {
            "count": 1468026,
            "rate": 9724.20657346166
        },
        "http_req_waiting": {
            "p(99)": 14.553139999999999,
            "avg": 6.637732616554467,
            "min": 1.5089,
            "max": 47.1953,
            "p(50)": 6.18455,
            "p(75)": 8.4654,
            "p(90)": 10.323040000000002,
            "p(95)": 11.638264999999999
        },
        "iterations": {
            "count": 8022,
            "rate": 53.13774083858831
        },
        "http_req_duration": {
            "p(90)": 10.4614,
            "p(95)": 11.734504999999999,
            "p(99)": 14.92991199999999,
            "avg": 6.732621360009959,
            "min": 1.5089,
            "max": 47.9652,
            "p(50)": 6.28155,
            "p(75)": 8.560275
        },
        "http_req_connecting": {
            "p(50)": 0,
            "p(75)": 0,
            "p(90)": 0,
            "p(95)": 0,
            "p(99)": 0,
            "avg": 0.006083644976315132,
            "min": 0,
            "max": 4.3955
        },
        "iteration_duration": {
            "p(75)": 1016.8356,
            "p(90)": 1020.42398,
            "p(95)": 1022.55268,
            "p(99)": 1028.091478,
            "avg": 1014.4264103216165,
            "min": 1004.9018,
            "max": 1090.5589,
            "p(50)": 1013.7718
        },
        "http_req_failed": {
            "fails": 16044,
            "passes": 0,
            "thresholds": {
                "rate<0.05": false
            },
            "value": 0
        },
        "vus": {
            "value": 23,
            "min": 1,
            "max": 100
        },
        "checks": {
            "passes": 16044,
            "fails": 0,
            "value": 1
        },
        "vus_max": {
            "min": 100,
            "max": 100,
            "value": 100
        },
        "http_reqs": {
            "count": 16044,
            "rate": 106.27548167717661
        },
        "http_req_receiving": {
            "p(99)": 0.6559129999999997,
            "avg": 0.07497050610820226,
            "min": 0,
            "max": 4.3097,
            "p(50)": 0,
            "p(75)": 0,
            "p(90)": 0.505,
            "p(95)": 0.5255
        },
        "http_req_blocked": {
            "p(50)": 0,
            "p(75)": 0,
            "p(90)": 0,
            "p(95)": 0,
            "p(99)": 0.5143409999999996,
            "avg": 0.012891055846422346,
            "min": 0,
            "max": 4.3955
        },
        "http_req_tls_handshaking": {
            "p(50)": 0,
            "p(75)": 0,
            "p(90)": 0,
            "p(95)": 0,
            "p(99)": 0,
            "avg": 0,
            "min": 0,
            "max": 0
        },
        "data_received": {
            "count": 5053860,
            "rate": 33476.77672831064
        },
        "http_req_duration{expected_response:true}": {
            "max": 47.9652,
            "p(50)": 6.28155,
            "p(75)": 8.560275,
            "p(90)": 10.4614,
            "p(95)": 11.734504999999999,
            "p(99)": 14.92991199999999,
            "avg": 6.732621360009959,
            "min": 1.5089
        }
    }
}