{
    "metrics": {
        "http_req_sending": {
            "p(99)": 0.561208,
            "avg": 0.034487933333333325,
            "min": 0,
            "max": 3.3426,
            "p(50)": 0,
            "p(75)": 0,
            "p(90)": 0,
            "p(95)": 0.14671499999999654
        },
        "vus_max": {
            "value": 10,
            "min": 10,
            "max": 10
        },
        "http_req_duration": {
            "p(50)": 3.9346,
            "p(75)": 5.5747,
            "p(90)": 7.9095,
            "p(95)": 9.877464999999999,
            "p(99)": 26.8612,
            "avg": 5.1228790666666555,
            "min": 1.4637,
            "max": 57.4899
        },
        "http_req_blocked": {
            "p(99)": 0.5256669999999999,
            "avg": 0.07568646666666666,
            "min": 0,
            "max": 10.5963,
            "p(50)": 0,
            "p(75)": 0,
            "p(90)": 0,
            "p(95)": 0
        },
        "http_req_waiting": {
            "max": 57.4899,
            "p(50)": 3.8159,
            "p(75)": 5.369875,
            "p(90)": 7.7557,
            "p(95)": 9.720404999999994,
            "p(99)": 26.8612,
            "avg": 5.027657666666659,
            "min": 1.4637
        },
        "http_reqs": {
            "count": 1500,
            "rate": 48.585314828175896
        },
        "iteration_duration": {
            "p(95)": 1042.414765,
            "p(99)": 1145.0929,
            "avg": 1029.0426570000004,
            "min": 1015.2111,
            "max": 1145.1582,
            "p(50)": 1024.1978,
            "p(75)": 1027.63275,
            "p(90)": 1033.0819000000001
        },
        "http_req_receiving": {
            "min": 0,
            "max": 3.4919,
            "p(50)": 0,
            "p(75)": 0,
            "p(90)": 0.3098,
            "p(95)": 0.51383,
            "p(99)": 0.603838,
            "avg": 0.06073346666666666
        },
        "data_sent": {
            "rate": 28898.545259799022,
            "count": 892200
        },
        "http_req_failed": {
            "passes": 0,
            "fails": 1500,
            "thresholds": {
                "rate<0.02": false
            },
            "value": 0
        },
        "http_req_duration{expected_response:true}": {
            "p(99)": 26.8612,
            "avg": 5.1228790666666555,
            "min": 1.4637,
            "max": 57.4899,
            "p(50)": 3.9346,
            "p(75)": 5.5747,
            "p(90)": 7.9095,
            "p(95)": 9.877464999999999
        },
        "http_req_tls_handshaking": {
            "min": 0,
            "max": 0,
            "p(50)": 0,
            "p(75)": 0,
            "p(90)": 0,
            "p(95)": 0,
            "p(99)": 0,
            "avg": 0
        },
        "iterations": {
            "count": 300,
            "rate": 9.71706296563518
        },
        "checks": {
            "passes": 1500,
            "fails": 0,
            "value": 1
        },
        "vus": {
            "value": 10,
            "min": 10,
            "max": 10
        },
        "data_received": {
            "count": 600600,
            "rate": 19453.56005720163
        },
        "http_req_connecting": {
            "min": 0,
            "max": 0.713,
            "p(50)": 0,
            "p(75)": 0,
            "p(90)": 0,
            "p(95)": 0,
            "p(99)": 0,
            "avg": 0.004753333333333333
        }
    },
    "root_group": {
        "name": "",
        "path": "",
        "id": "d41d8cd98f00b204e9800998ecf8427e",
        "groups": {},
        "checks": {
                "login ok": {
                    "fails": 0,
                    "name": "login ok",
                    "path": "::login ok",
                    "id": "0ddcda49e3a8b9d6d2e015dafbaafe65",
                    "passes": 300
                },
                "cart add ok": {
                    "passes": 300,
                    "fails": 0,
                    "name": "cart add ok",
                    "path": "::cart add ok",
                    "id": "3476b21dcb095c2f01deccc20115d127"
                },
                "cart get ok": {
                    "fails": 0,
                    "name": "cart get ok",
                    "path": "::cart get ok",
                    "id": "9d960ca6baf25ee48d3f3c991473fca0",
                    "passes": 300
                },
                "cart update ok": {
                    "name": "cart update ok",
                    "path": "::cart update ok",
                    "id": "07ee78e8bcccf32bc9963f8d3c17eecf",
                    "passes": 300,
                    "fails": 0
                },
                "cart remove ok": {
                    "name": "cart remove ok",
                    "path": "::cart remove ok",
                    "id": "31001ad0f6cf28a008d3b28f557b05a9",
                    "passes": 300,
                    "fails": 0
                }
            }
    }
}