{
    "metrics": {
        "http_reqs": {
            "count": 1200,
            "rate": 39.23993090946885
        },
        "vus_max": {
            "value": 20,
            "min": 20,
            "max": 20
        },
        "vus": {
            "value": 20,
            "min": 20,
            "max": 20
        },
        "data_sent": {
            "count": 109800,
            "rate": 3590.4536782164
        },
        "iterations": {
            "count": 600,
            "rate": 19.619965454734427
        },
        "http_req_tls_handshaking": {
            "p(95)": 0,
            "p(99)": 0,
            "avg": 0,
            "min": 0,
            "max": 0,
            "p(50)": 0,
            "p(75)": 0,
            "p(90)": 0
        },
        "http_req_sending": {
            "p(75)": 0,
            "p(90)": 0,
            "p(95)": 0.5049,
            "p(99)": 0.8035739999999998,
            "avg": 0.05027991666666665,
            "min": 0,
            "max": 4.451,
            "p(50)": 0
        },
        "http_req_duration": {
            "p(50)": 6.66485,
            "p(75)": 9.271,
            "p(90)": 11.2622,
            "p(95)": 26.345659999999995,
            "p(99)": 48.81397999999997,
            "avg": 8.677393166666656,
            "min": 2.9622,
            "max": 61.7706
        },
        "iteration_duration": {
            "p(75)": 1017.2642,
            "p(90)": 1020.5421600000001,
            "p(95)": 1058.76047,
            "p(99)": 1087.034842,
            "avg": 1019.2198660000012,
            "min": 1008.2571,
            "max": 1089.9212,
            "p(50)": 1015.4229
        },
        "http_req_failed": {
            "passes": 0,
            "fails": 1200,
            "thresholds": {
                "rate<0.01": false
            },
            "value": 0
        },
        "http_req_receiving": {
            "p(99)": 0.9978,
            "avg": 0.09630166666666662,
            "min": 0,
            "max": 2.7165,
            "p(50)": 0,
            "p(75)": 0,
            "p(90)": 0.51012,
            "p(95)": 0.537665
        },
        "http_req_duration{expected_response:true}": {
            "p(50)": 6.66485,
            "p(75)": 9.271,
            "p(90)": 11.2622,
            "p(95)": 26.345659999999995,
            "p(99)": 48.81397999999997,
            "avg": 8.677393166666656,
            "min": 2.9622,
            "max": 61.7706
        },
        "http_req_blocked": {
            "avg": 0.183939,
            "min": 0,
            "max": 12.1975,
            "p(50)": 0,
            "p(75)": 0,
            "p(90)": 0,
            "p(95)": 0,
            "p(99)": 9.8928
        },
        "data_received": {
            "count": 378000,
            "rate": 12360.578236482688
        },
        "checks": {
            "passes": 1200,
            "fails": 0,
            "value": 1
        },
        "http_req_connecting": {
            "min": 0,
            "max": 3.0705,
            "p(50)": 0,
            "p(75)": 0,
            "p(90)": 0,
            "p(95)": 0,
            "p(99)": 0.603799,
            "avg": 0.01747275
        },
        "http_req_waiting": {
            "min": 2.9622,
            "max": 61.5741,
            "p(50)": 6.49475,
            "p(75)": 9.0206,
            "p(90)": 11.00954000000001,
            "p(95)": 26.345659999999995,
            "p(99)": 48.30985599999997,
            "avg": 8.530811583333307
        }
    },
    "root_group": {
        "path": "",
        "id": "d41d8cd98f00b204e9800998ecf8427e",
        "groups": {},
        "checks": {
                "products list ok": {
                    "name": "products list ok",
                    "path": "::products list ok",
                    "id": "9510a9eed98727c4f6d467383c223a18",
                    "passes": 600,
                    "fails": 0
                },
                "product ok": {
                    "name": "product ok",
                    "path": "::product ok",
                    "id": "716e252b0c1f95f7b69e330791590bce",
                    "passes": 600,
                    "fails": 0
                }
            },
        "name": ""
    }
}