{
    "root_group": {
        "name": "",
        "path": "",
        "id": "d41d8cd98f00b204e9800998ecf8427e",
        "groups": {},
        "checks": {
                "products list ok": {
                    "name": "products list ok",
                    "path": "::products list ok",
                    "id": "9510a9eed98727c4f6d467383c223a18",
                    "passes": 8044,
                    "fails": 0
                },
                "product ok": {
                    "name": "product ok",
                    "path": "::product ok",
                    "id": "716e252b0c1f95f7b69e330791590bce",
                    "passes": 8044,
                    "fails": 0
                }
            }
    },
    "metrics": {
        "http_req_connecting": {
            "min": 0,
            "max": 2.1881,
            "p(50)": 0,
            "p(75)": 0,
            "p(90)": 0,
            "p(95)": 0,
            "p(99)": 0,
            "avg": 0.0063361014420686215
        },
        "http_reqs": {
            "count": 16088,
            "rate": 106.60401686599326
        },
        "http_req_waiting": {
            "p(90)": 7.9388,
            "p(95)": 9.0994,
            "p(99)": 11.5248,
            "avg": 5.0640280395326105,
            "min": 1.1557,
            "max": 65.1312,
            "p(50)": 4.5301,
            "p(75)": 5.977774999999999
        },
        "data_sent": {
            "rate": 9754.267543238384,
            "count": 1472052
        },
        "vus": {
            "value": 22,
            "min": 1,
            "max": 100
        },
        "iterations": {
            "count": 8044,
            "rate": 53.30200843299663
        },
        "vus_max": {
            "value": 100,
            "min": 100,
            "max": 100
        },
        "iteration_duration": {
            "p(90)": 1016.15153,
            "p(95)": 1018.366325,
            "p(99)": 1025.451412,
            "avg": 1011.4955528219795,
            "min": 1005.1532,
            "max": 1087.5026,
            "p(50)": 1010.5869,
            "p(75)": 1013.231875
        },
        "http_req_receiving": {
            "p(90)": 0.5068,
            "p(95)": 0.525,
            "p(99)": 0.5936,
            "avg": 0.07645712332173055,
            "min": 0,
            "max": 5.9097,
            "p(50)": 0,
            "p(75)": 0
        },
        "data_received": {
            "count": 5067720,
            "rate": 33580.26531278788
        },
        "http_req_duration": {
            "min": 1.1557,
            "max": 65.1312,
            "p(50)": 4.6233,
            "p(75)": 6.0792,
            "p(90)": 8.0433,
            "p(95)": 9.2353,
            "p(99)": 11.737914999999989,
            "avg": 5.160559267777255
        },
        "http_req_blocked": {
            "avg": 0.012543218547986072,
            "min": 0,
            "max": 3.6425,
            "p(50)": 0,
            "p(75)": 0,
            "p(90)": 0,
            "p(95)": 0,
            "p(99)": 0.5170599999999984
        },
        "http_req_failed": {
            "passes": 0,
            "fails": 16088,
            "thresholds": {
                "rate<0.05": false
            },
            "value": 0
        },
        "http_req_duration{expected_response:true}": {
            "p(99)": 11.737914999999989,
            "avg": 5.160559267777255,
            "min": 1.1557,
            "max": 65.1312,
            "p(50)": 4.6233,
            "p(75)": 6.0792,
            "p(90)": 8.0433,
            "p(95)": 9.2353
        },
        "http_req_tls_handshaking": {
            "p(75)": 0,
            "p(90)": 0,
            "p(95)": 0,
            "p(99)": 0,
            "avg": 0,
            "min": 0,
            "max": 0,
            "p(50)": 0
        },
        "http_req_sending": {
            "p(50)": 0,
            "p(75)": 0,
            "p(90)": 0,
            "p(95)": 0,
            "p(99)": 0.5256129999999999,
            "avg": 0.020074104922923924,
            "min": 0,
            "max": 16.6571
        },
        "checks": {
            "fails": 0,
            "passes": 16088,
            "value": 1
        }
    }
}