{
    "root_group": {
        "groups": {},
        "checks": {
                "products list ok": {
                    "path": "::products list ok",
                    "id": "9510a9eed98727c4f6d467383c223a18",
                    "passes": 600,
                    "fails": 0,
                    "name": "products list ok"
                },
                "product ok": {
                    "name": "product ok",
                    "path": "::product ok",
                    "id": "716e252b0c1f95f7b69e330791590bce",
                    "passes": 600,
                    "fails": 0
                }
            },
        "name": "",
        "path": "",
        "id": "d41d8cd98f00b204e9800998ecf8427e"
    },
    "metrics": {
        "data_received": {
            "count": 378000,
            "rate": 12376.325839689589
        },
        "iteration_duration": {
            "p(99)": 1071.7999,
            "avg": 1017.9295963333345,
            "min": 1008.9811,
            "max": 1075.1034,
            "p(50)": 1015.9791,
            "p(75)": 1017.492225,
            "p(90)": 1019.7763,
            "p(95)": 1023.1976
        },
        "http_reqs": {
            "count": 1200,
            "rate": 39.28992330060187
        },
        "http_req_blocked": {
            "avg": 0.22314916666666668,
            "min": 0,
            "max": 12.7883,
            "p(50)": 0,
            "p(75)": 0,
            "p(90)": 0,
            "p(95)": 0,
            "p(99)": 12.2001
        },
        "http_req_waiting": {
            "avg": 7.815516499999985,
            "min": 2.8152,
            "max": 58.5504,
            "p(50)": 6.7346,
            "p(75)": 9.36305,
            "p(90)": 11.1011,
            "p(95)": 12.372379999999994,
            "p(99)": 36.3391
        },
        "http_req_connecting": {
            "p(90)": 0,
            "p(95)": 0,
            "p(99)": 0.8692,
            "avg": 0.017209166666666668,
            "min": 0,
            "max": 2.5027,
            "p(50)": 0,
            "p(75)": 0
        },
        "checks": {
            "passes": 1200,
            "fails": 0,
            "value": 1
        },
        "vus_max": {
            "value": 20,
            "min": 20,
            "max": 20
        },
        "iterations": {
            "count": 600,
            "rate": 19.644961650300935
        },
        "http_req_tls_handshaking": {
            "min": 0,
            "max": 0,
            "p(50)": 0,
            "p(75)": 0,
            "p(90)": 0,
            "p(95)": 0,
            "p(99)": 0,
            "avg": 0
        },
        "http_req_duration{expected_response:true}": {
            "p(95)": 12.505944999999992,
            "p(99)": 36.3391,
            "avg": 7.944034583333313,
            "min": 2.8152,
            "max": 58.5504,
            "p(50)": 6.8654,
            "p(75)": 9.5779,
            "p(90)": 11.185210000000003
        },
        "http_req_failed": {
            "passes": 0,
            "fails": 1200,
            "thresholds": {
                "rate<0.01": false
            },
            "value": 0
        },
        "vus": {
            "value": 20,
            "min": 20,
            "max": 20
        },
        "http_req_sending": {
            "avg": 0.05033774999999997,
            "min": 0,
            "max": 5.8415,
            "p(50)": 0,
            "p(75)": 0,
            "p(90)": 0,
            "p(95)": 0.506715,
            "p(99)": 0.9715159999999998
        },
        "http_req_receiving": {
            "p(75)": 0,
            "p(90)": 0.50514,
            "p(95)": 0.531905,
            "p(99)": 0.905057,
            "avg": 0.07818033333333332,
            "min": 0,
            "max": 2.028,
            "p(50)": 0
        },
        "data_sent": {
            "count": 109800,
            "rate": 3595.027982005071
        },
        "http_req_duration": {
            "p(95)": 12.505944999999992,
            "p(99)": 36.3391,
            "avg": 7.944034583333313,
            "min": 2.8152,
            "max": 58.5504,
            "p(50)": 6.8654,
            "p(75)": 9.5779,
            "p(90)": 11.185210000000003
        }
    }
}