{
    "root_group": {
        "path": "",
        "id": "d41d8cd98f00b204e9800998ecf8427e",
        "groups": {},
        "checks": {
                "products list ok": {
                    "name": "products list ok",
                    "path": "::products list ok",
                    "id": "9510a9eed98727c4f6d467383c223a18",
                    "passes": 8024,
                    "fails": 0
                },
                "product ok": {
                    "passes": 8024,
                    "fails": 0,
                    "name": "product ok",
                    "path": "::product ok",
                    "id": "716e252b0c1f95f7b69e330791590bce"
                }
            },
        "name": ""
    },
    "metrics": {
        "vus": {
            "min": 1,
            "max": 100,
            "value": 23
        },
        "http_req_sending": {
            "p(90)": 0,
            "p(95)": 0,
            "p(99)": 0.5534530000000001,
            "avg": 0.02137907527417747,
            "min": 0,
            "max": 3.5709,
            "p(50)": 0,
            "p(75)": 0
        },
        "http_req_tls_handshaking": {
            "p(75)": 0,
            "p(90)": 0,
            "p(95)": 0,
            "p(99)": 0,
            "avg": 0,
            "min": 0,
            "max": 0,
            "p(50)": 0
        },
        "iteration_duration": {
            "max": 1063.5343,
            "p(50)": 1013.3774,
            "p(75)": 1016.4449,
            "p(90)": 1019.4254,
            "p(95)": 1021.3688,
            "p(99)": 1025.8147179999999,
            "avg": 1013.9160046610158,
            "min": 1005.1337
        },
        "iterations": {
            "count": 8024,
            "rate": 53.167138935285436
        },
        "checks": {
            "passes": 16048,
            "fails": 0,
            "value": 1
        },
        "http_req_failed": {
            "passes": 0,
            "fails": 16048,
            "thresholds": {
                "rate<0.05": false
            },
            "value": 0
        },
        "http_req_blocked": {
            "p(90)": 0,
            "p(95)": 0,
            "p(99)": 0.5198530000000001,
            "avg": 0.013562967347956138,
            "min": 0,
            "max": 4.1861,
            "p(50)": 0,
            "p(75)": 0
        },
        "vus_max": {
            "max": 100,
            "value": 100,
            "min": 100
        },
        "http_reqs": {
            "count": 16048,
            "rate": 106.33427787057087
        },
        "http_req_duration{expected_response:true}": {
            "max": 52.9041,
            "p(50)": 5.86505,
            "p(75)": 8.3004,
            "p(90)": 10.05743,
            "p(95)": 11.157449999999999,
            "p(99)": 14.0138,
            "avg": 6.459017896311088,
            "min": 1.5608
        },
        "data_received": {
            "count": 5055120,
            "rate": 33495.29752922983
        },
        "http_req_duration": {
            "p(90)": 10.05743,
            "p(95)": 11.157449999999999,
            "p(99)": 14.0138,
            "avg": 6.459017896311088,
            "min": 1.5608,
            "max": 52.9041,
            "p(50)": 5.86505,
            "p(75)": 8.3004
        },
        "http_req_waiting": {
            "p(95)": 11.023225,
            "p(99)": 13.926290000000014,
            "avg": 6.363626433200415,
            "min": 1.5608,
            "max": 52.9041,
            "p(50)": 5.7443,
            "p(75)": 8.2165,
            "p(90)": 9.92979
        },
        "data_sent": {
            "count": 1468392,
            "rate": 9729.586425157235
        },
        "http_req_receiving": {
            "p(50)": 0,
            "p(75)": 0,
            "p(90)": 0.5051,
            "p(95)": 0.5269,
            "p(99)": 0.6419890000000008,
            "avg": 0.07401238783649074,
            "min": 0,
            "max": 1.9628
        },
        "http_req_connecting": {
            "max": 2.9745,
            "p(50)": 0,
            "p(75)": 0,
            "p(90)": 0,
            "p(95)": 0,
            "p(99)": 0,
            "avg": 0.006153159272183451,
            "min": 0
        }
    }
}