{
    "metrics": {
        "vus_max": {
            "value": 20,
            "min": 20,
            "max": 20
        },
        "checks": {
            "passes": 1200,
            "fails": 0,
            "value": 1
        },
        "vus": {
            "value": 20,
            "min": 20,
            "max": 20
        },
        "iterations": {
            "count": 600,
            "rate": 19.66251263316437
        },
        "http_req_tls_handshaking": {
            "max": 0,
            "p(50)": 0,
            "p(75)": 0,
            "p(90)": 0,
            "p(95)": 0,
            "p(99)": 0,
            "avg": 0,
            "min": 0
        },
        "iteration_duration": {
            "p(90)": 1020.29016,
            "p(95)": 1022.4022,
            "p(99)": 1061.4617,
            "avg": 1016.4684550000013,
            "min": 1005.0068,
            "max": 1067.9623,
            "p(50)": 1014.76185,
            "p(75)": 1016.9761000000001
        },
        "http_reqs": {
            "count": 1200,
            "rate": 39.32502526632874
        },
        "http_req_duration{expected_response:true}": {
            "avg": 7.27173508333335,
            "min": 2.0964,
            "max": 47.7742,
            "p(50)": 6.36775,
            "p(75)": 8.505825,
            "p(90)": 10.47437,
            "p(95)": 12.088459999999998,
            "p(99)": 29.9606
        },
        "http_req_connecting": {
            "p(99)": 1.416146,
            "avg": 0.13361166666666666,
            "min": 0,
            "max": 40.7573,
            "p(50)": 0,
            "p(75)": 0,
            "p(90)": 0,
            "p(95)": 0
        },
        "data_sent": {
            "count": 109800,
            "rate": 3598.239811869079
        },
        "http_req_duration": {
            "p(75)": 8.505825,
            "p(90)": 10.47437,
            "p(95)": 12.088459999999998,
            "p(99)": 29.9606,
            "avg": 7.27173508333335,
            "min": 2.0964,
            "max": 47.7742,
            "p(50)": 6.36775
        },
        "http_req_waiting": {
            "p(75)": 8.3787,
            "p(90)": 10.412530000000002,
            "p(95)": 11.768049999999995,
            "p(99)": 29.460847999999995,
            "avg": 7.153977083333348,
            "min": 2.0964,
            "max": 47.7742,
            "p(50)": 6.2157
        },
        "http_req_failed": {
            "passes": 0,
            "fails": 1200,
            "thresholds": {
                "rate<0.01": false
            },
            "value": 0
        },
        "http_req_blocked": {
            "min": 0,
            "max": 46.3179,
            "p(50)": 0,
            "p(75)": 0,
            "p(90)": 0,
            "p(95)": 0,
            "p(99)": 7.2095989999999945,
            "avg": 0.2548180833333334
        },
        "http_req_receiving": {
            "p(99)": 0.7244389999999999,
            "avg": 0.0763780833333333,
            "min": 0,
            "max": 3.4253,
            "p(50)": 0,
            "p(75)": 0,
            "p(90)": 0.5050100000000001,
            "p(95)": 0.513735
        },
        "http_req_sending": {
            "p(75)": 0,
            "p(90)": 0,
            "p(95)": 0.30323499999999987,
            "p(99)": 0.803613999999999,
            "avg": 0.04137991666666667,
            "min": 0,
            "max": 6.3591,
            "p(50)": 0
        },
        "data_received": {
            "count": 378000,
            "rate": 12387.382958893551
        }
    },
    "root_group": {
        "name": "",
        "path": "",
        "id": "d41d8cd98f00b204e9800998ecf8427e",
        "groups": {},
        "checks": {
                "products list ok": {
                    "path": "::products list ok",
                    "id": "9510a9eed98727c4f6d467383c223a18",
                    "passes": 600,
                    "fails": 0,
                    "name": "products list ok"
                },
                "product ok": {
                    "fails": 0,
                    "name": "product ok",
                    "path": "::product ok",
                    "id": "716e252b0c1f95f7b69e330791590bce",
                    "passes": 600
                }
            }
    }
}