{
    "root_group": {
        "name": "",
        "path": "",
        "id": "d41d8cd98f00b204e9800998ecf8427e",
        "groups": {},
        "checks": {
                "products list ok": {
                    "name": "products list ok",
                    "path": "::products list ok",
                    "id": "9510a9eed98727c4f6d467383c223a18",
                    "passes": 600,
                    "fails": 0
                },
                "product ok": {
                    "name": "product ok",
                    "path": "::product ok",
                    "id": "716e252b0c1f95f7b69e330791590bce",
                    "passes": 600,
                    "fails": 0
                }
            }
    },
    "metrics": {
        "data_sent": {
            "count": 109800,
            "rate": 3598.40177869852
        },
        "iteration_duration": {
            "avg": 1016.8564179999994,
            "min": 1007.9911,
            "max": 1071.5885,
            "p(50)": 1014.7701999999999,
            "p(75)": 1016.89535,
            "p(90)": 1020.75992,
            "p(95)": 1024.3227399999998,
            "p(99)": 1066.1325319999999
        },
        "http_req_blocked": {
            "p(99)": 11.6497,
            "avg": 0.20485974999999987,
            "min": 0,
            "max": 12.1555,
            "p(50)": 0,
            "p(75)": 0,
            "p(90)": 0,
            "p(95)": 0
        },
        "http_req_duration{expected_response:true}": {
            "p(99)": 33.031117,
            "avg": 7.495815916666664,
            "min": 2.8822,
            "max": 50.036,
            "p(50)": 6.4239,
            "p(75)": 8.596,
            "p(90)": 10.467220000000006,
            "p(95)": 13.16142999999998
        },
        "http_reqs": {
            "count": 1200,
            "rate": 39.32679539561224
        },
        "http_req_waiting": {
            "p(75)": 8.434,
            "p(90)": 10.31919,
            "p(95)": 12.509479999999998,
            "p(99)": 32.496814,
            "avg": 7.3583059166666605,
            "min": 2.554,
            "max": 50.036,
            "p(50)": 6.2837499999999995
        },
        "http_req_receiving": {
            "min": 0,
            "max": 2.0164,
            "p(50)": 0,
            "p(75)": 0,
            "p(90)": 0.5086,
            "p(95)": 0.5439,
            "p(99)": 1.0162,
            "avg": 0.08779449999999994
        },
        "vus": {
            "min": 20,
            "max": 20,
            "value": 20
        },
        "http_req_duration": {
            "p(75)": 8.596,
            "p(90)": 10.467220000000006,
            "p(95)": 13.16142999999998,
            "p(99)": 33.031117,
            "avg": 7.495815916666664,
            "min": 2.8822,
            "max": 50.036,
            "p(50)": 6.4239
        },
        "vus_max": {
            "min": 20,
            "max": 20,
            "value": 20
        },
        "iterations": {
            "count": 600,
            "rate": 19.66339769780612
        },
        "http_req_connecting": {
            "p(50)": 0,
            "p(75)": 0,
            "p(90)": 0,
            "p(95)": 0,
            "p(99)": 0.9094,
            "avg": 0.014870833333333333,
            "min": 0,
            "max": 1.9976
        },
        "data_received": {
            "count": 378000,
            "rate": 12387.940549617855
        },
        "http_req_tls_handshaking": {
            "p(75)": 0,
            "p(90)": 0,
            "p(95)": 0,
            "p(99)": 0,
            "avg": 0,
            "min": 0,
            "max": 0,
            "p(50)": 0
        },
        "checks": {
            "passes": 1200,
            "fails": 0,
            "value": 1
        },
        "http_req_failed": {
            "passes": 0,
            "fails": 1200,
            "thresholds": {
                "rate<0.01": false
            },
            "value": 0
        },
        "http_req_sending": {
            "p(75)": 0,
            "p(90)": 0,
            "p(95)": 0.4224499999999993,
            "p(99)": 1.01185,
            "avg": 0.04971549999999999,
            "min": 0,
            "max": 6.5032,
            "p(50)": 0
        }
    }
}