{
    "root_group": {
        "path": "",
        "id": "d41d8cd98f00b204e9800998ecf8427e",
        "groups": {},
        "checks": {
                "products list ok": {
                    "name": "products list ok",
                    "path": "::products list ok",
                    "id": "9510a9eed98727c4f6d467383c223a18",
                    "passes": 600,
                    "fails": 0
                },
                "product ok": {
                    "passes": 600,
                    "fails": 0,
                    "name": "product ok",
                    "path": "::product ok",
                    "id": "716e252b0c1f95f7b69e330791590bce"
                }
            },
        "name": ""
    },
    "metrics": {
        "data_received": {
            "count": 378000,
            "rate": 12381.808553845345
        },
        "data_sent": {
            "count": 109800,
            "rate": 3596.620579926505
        },
        "http_req_blocked": {
            "p(90)": 0,
            "p(95)": 0,
            "p(99)": 8.5601,
            "avg": 0.15653408333333332,
            "min": 0,
            "max": 9.5605,
            "p(50)": 0,
            "p(75)": 0
        },
        "http_req_duration": {
            "p(75)": 8.99655,
            "p(90)": 11.05842000000001,
            "p(95)": 15.7229,
            "p(99)": 34.485187999999994,
            "avg": 7.91602541666665,
            "min": 3.0412,
            "max": 60.0451,
            "p(50)": 6.507199999999999
        },
        "http_req_sending": {
            "p(50)": 0,
            "p(75)": 0,
            "p(90)": 0,
            "p(95)": 0.05537999999999993,
            "p(99)": 1.0021,
            "avg": 0.03520841666666667,
            "min": 0,
            "max": 3.1829
        },
        "http_reqs": {
            "count": 1200,
            "rate": 39.307328742366174
        },
        "http_req_receiving": {
            "p(95)": 0.5345249999999998,
            "p(99)": 1.0370049999999995,
            "avg": 0.0888436666666667,
            "min": 0,
            "max": 2.9071,
            "p(50)": 0,
            "p(75)": 0,
            "p(90)": 0.5064
        },
        "vus_max": {
            "value": 20,
            "min": 20,
            "max": 20
        },
        "http_req_duration{expected_response:true}": {
            "p(75)": 8.99655,
            "p(90)": 11.05842000000001,
            "p(95)": 15.7229,
            "p(99)": 34.485187999999994,
            "avg": 7.91602541666665,
            "min": 3.0412,
            "max": 60.0451,
            "p(50)": 6.507199999999999
        },
        "checks": {
            "passes": 1200,
            "fails": 0,
            "value": 1
        },
        "iteration_duration": {
            "min": 1009.5252,
            "max": 1075.4688,
            "p(50)": 1015.5028,
            "p(75)": 1016.83,
            "p(90)": 1020.46875,
            "p(95)": 1024.6767,
            "p(99)": 1071.2905,
            "avg": 1017.4171849999998
        },
        "http_req_failed": {
            "passes": 0,
            "fails": 1200,
            "thresholds": {
                "rate<0.01": false
            },
            "value": 0
        },
        "http_req_waiting": {
            "p(95)": 15.288039999999997,
            "p(99)": 34.48,
            "avg": 7.791973333333321,
            "min": 2.7995,
            "max": 60.0451,
            "p(50)": 6.39035,
            "p(75)": 8.877025,
            "p(90)": 10.9442
        },
        "http_req_tls_handshaking": {
            "p(90)": 0,
            "p(95)": 0,
            "p(99)": 0,
            "avg": 0,
            "min": 0,
            "max": 0,
            "p(50)": 0,
            "p(75)": 0
        },
        "iterations": {
            "count": 600,
            "rate": 19.653664371183087
        },
        "vus": {
            "value": 20,
            "min": 20,
            "max": 20
        },
        "http_req_connecting": {
            "min": 0,
            "max": 1.0021,
            "p(50)": 0,
            "p(75)": 0,
            "p(90)": 0,
            "p(95)": 0,
            "p(99)": 1.0021,
            "avg": 0.010856083333333337
        }
    }
}