{
    "metrics": {
        "vus_max": {
            "value": 10,
            "min": 10,
            "max": 10
        },
        "http_req_sending": {
            "avg": 0.04909853333333333,
            "min": 0,
            "max": 3.6729,
            "p(50)": 0,
            "p(75)": 0,
            "p(90)": 0,
            "p(95)": 0.504205,
            "p(99)": 0.9272259999999994
        },
        "vus": {
            "max": 10,
            "value": 10,
            "min": 10
        },
        "http_req_tls_handshaking": {
            "p(99)": 0,
            "avg": 0,
            "min": 0,
            "max": 0,
            "p(50)": 0,
            "p(75)": 0,
            "p(90)": 0,
            "p(95)": 0
        },
        "data_sent": {
            "rate": 28864.86380195543,
            "count": 892200
        },
        "http_reqs": {
            "count": 1500,
            "rate": 48.528688301875306
        },
        "http_req_failed": {
            "passes": 0,
            "fails": 1500,
            "thresholds": {
                "rate<0.02": false
            },
            "value": 0
        },
        "checks": {
            "passes": 1500,
            "fails": 0,
            "value": 1
        },
        "iteration_duration": {
            "min": 1017.9576,
            "max": 1149.9878,
            "p(50)": 1025.5225,
            "p(75)": 1028.506825,
            "p(90)": 1031.63945,
            "p(95)": 1050.3871749999998,
            "p(99)": 1148.985962,
            "avg": 1030.1746980000012
        },
        "http_req_receiving": {
            "p(99)": 0.8223249999999995,
            "avg": 0.07248980000000002,
            "min": 0,
            "max": 5.4721,
            "p(50)": 0,
            "p(75)": 0,
            "p(90)": 0.50451,
            "p(95)": 0.5213399999999999
        },
        "http_req_blocked": {
            "p(90)": 0,
            "p(95)": 0,
            "p(99)": 0.55,
            "avg": 0.07309233333333331,
            "min": 0,
            "max": 9.8414,
            "p(50)": 0,
            "p(75)": 0
        },
        "http_req_duration": {
            "p(95)": 10.0875,
            "p(99)": 35.04244,
            "avg": 5.446651466666671,
            "min": 1.1975,
            "max": 59.6931,
            "p(50)": 4.0524,
            "p(75)": 5.9849,
            "p(90)": 8.5658
        },
        "http_req_duration{expected_response:true}": {
            "p(50)": 4.0524,
            "p(75)": 5.9849,
            "p(90)": 8.5658,
            "p(95)": 10.0875,
            "p(99)": 35.04244,
            "avg": 5.446651466666671,
            "min": 1.1975,
            "max": 59.6931
        },
        "http_req_waiting": {
            "p(90)": 8.419730000000001,
            "p(95)": 9.673634999999997,
            "p(99)": 34.918887999999995,
            "avg": 5.325063133333335,
            "min": 1.0906,
            "max": 59.6931,
            "p(50)": 3.927,
            "p(75)": 5.84055
        },
        "http_req_connecting": {
            "avg": 0.004329599999999999,
            "min": 0,
            "max": 0.8118,
            "p(50)": 0,
            "p(75)": 0,
            "p(90)": 0,
            "p(95)": 0,
            "p(99)": 0
        },
        "data_received": {
            "count": 600600,
            "rate": 19430.88679607087
        },
        "iterations": {
            "count": 300,
            "rate": 9.70573766037506
        }
    },
    "root_group": {
        "id": "d41d8cd98f00b204e9800998ecf8427e",
        "groups": {},
        "checks": {
                "login ok": {
                    "id": "0ddcda49e3a8b9d6d2e015dafbaafe65",
                    "passes": 300,
                    "fails": 0,
                    "name": "login ok",
                    "path": "::login ok"
                },
                "cart add ok": {
                    "name": "cart add ok",
                    "path": "::cart add ok",
                    "id": "3476b21dcb095c2f01deccc20115d127",
                    "passes": 300,
                    "fails": 0
                },
                "cart get ok": {
                    "id": "9d960ca6baf25ee48d3f3c991473fca0",
                    "passes": 300,
                    "fails": 0,
                    "name": "cart get ok",
                    "path": "::cart get ok"
                },
                "cart update ok": {
                    "id": "07ee78e8bcccf32bc9963f8d3c17eecf",
                    "passes": 300,
                    "fails": 0,
                    "name": "cart update ok",
                    "path": "::cart update ok"
                },
                "cart remove ok": {
                    "id": "31001ad0f6cf28a008d3b28f557b05a9",
                    "passes": 300,
                    "fails": 0,
                    "name": "cart remove ok",
                    "path": "::cart remove ok"
                }
            },
        "name": "",
        "path": ""
    }
}