bucket_start_ms,count
0.513,830042
5.895255,695217
11.27751,71168
16.659765,3846
22.04202,1730
27.424275,907
32.806529999999995,700
38.188784999999996,549
43.571039999999996,227
48.953295,169
54.33555,71
59.717805,37
65.10006,30
70.482315,19
75.86457,15
81.246825,9
86.62908,5
92.011335,2
97.39359,0
102.775845,1
