{
    "root_group": {
        "path": "",
        "id": "d41d8cd98f00b204e9800998ecf8427e",
        "groups": {},
        "checks": {
                "products list ok": {
                    "name": "products list ok",
                    "path": "::products list ok",
                    "id": "9510a9eed98727c4f6d467383c223a18",
                    "passes": 8024,
                    "fails": 0
                },
                "product ok": {
                    "fails": 0,
                    "name": "product ok",
                    "path": "::product ok",
                    "id": "716e252b0c1f95f7b69e330791590bce",
                    "passes": 8024
                }
            },
        "name": ""
    },
    "metrics": {
        "vus_max": {
            "value": 100,
            "min": 100,
            "max": 100
        },
        "http_reqs": {
            "count": 16048,
            "rate": 106.2759391675703
        },
        "iterations": {
            "count": 8024,
            "rate": 53.13796958378515
        },
        "iteration_duration": {
            "p(75)": 1016.643,
            "p(90)": 1019.967,
            "p(95)": 1022.139275,
            "p(99)": 1027.0521099999999,
            "avg": 1014.3230564182459,
            "min": 1004.8941,
            "max": 1111.21,
            "p(50)": 1013.8648499999999
        },
        "http_req_receiving": {
            "avg": 0.07170560194416742,
            "min": 0,
            "max": 4.5381,
            "p(50)": 0,
            "p(75)": 0,
            "p(90)": 0.5045,
            "p(95)": 0.5235,
            "p(99)": 0.6490710000000005
        },
        "vus": {
            "value": 4,
            "min": 1,
            "max": 100
        },
        "checks": {
            "passes": 16048,
            "fails": 0,
            "value": 1
        },
        "http_req_connecting": {
            "min": 0,
            "max": 3.3997,
            "p(50)": 0,
            "p(75)": 0,
            "p(90)": 0,
            "p(95)": 0,
            "p(99)": 0,
            "avg": 0.006665503489531407
        },
        "http_req_duration{expected_response:true}": {
            "p(99)": 14.386453000000007,
            "avg": 6.625698298853456,
            "min": 1.099,
            "max": 70.9552,
            "p(50)": 6.02305,
            "p(75)": 8.5316,
            "p(90)": 10.347620000000001,
            "p(95)": 11.546909999999999
        },
        "http_req_blocked": {
            "max": 4.7572,
            "p(50)": 0,
            "p(75)": 0,
            "p(90)": 0,
            "p(95)": 0,
            "p(99)": 0.5274240000000006,
            "avg": 0.014341407028913268,
            "min": 0
        },
        "http_req_sending": {
            "max": 3.4424,
            "p(50)": 0,
            "p(75)": 0,
            "p(90)": 0,
            "p(95)": 0,
            "p(99)": 0.5429120000000003,
            "avg": 0.01963973080757728,
            "min": 0
        },
        "data_received": {
            "count": 5055120,
            "rate": 33476.920837784644
        },
        "data_sent": {
            "rate": 9724.248433832683,
            "count": 1468392
        },
        "http_req_tls_handshaking": {
            "min": 0,
            "max": 0,
            "p(50)": 0,
            "p(75)": 0,
            "p(90)": 0,
            "p(95)": 0,
            "p(99)": 0,
            "avg": 0
        },
        "http_req_failed": {
            "passes": 0,
            "fails": 16048,
            "thresholds": {
                "rate<0.05": false
            },
            "value": 0
        },
        "http_req_waiting": {
            "min": 1.099,
            "max": 70.9552,
            "p(50)": 5.924049999999999,
            "p(75)": 8.43775,
            "p(90)": 10.195750000000007,
            "p(95)": 11.396139999999999,
            "p(99)": 14.264702000000016,
            "avg": 6.534352966101712
        },
        "http_req_duration": {
            "avg": 6.625698298853456,
            "min": 1.099,
            "max": 70.9552,
            "p(50)": 6.02305,
            "p(75)": 8.5316,
            "p(90)": 10.347620000000001,
            "p(95)": 11.546909999999999,
            "p(99)": 14.386453000000007
        }
    }
}