{
    "root_group": {
        "name": "",
        "path": "",
        "id": "d41d8cd98f00b204e9800998ecf8427e",
        "groups": {},
        "checks": {
                "products list ok": {
                    "fails": 0,
                    "name": "products list ok",
                    "path": "::products list ok",
                    "id": "9510a9eed98727c4f6d467383c223a18",
                    "passes": 8037
                },
                "product ok": {
                    "path": "::product ok",
                    "id": "716e252b0c1f95f7b69e330791590bce",
                    "passes": 8037,
                    "fails": 0,
                    "name": "product ok"
                }
            }
    },
    "metrics": {
        "http_req_waiting": {
            "p(95)": 10.293069999999997,
            "p(99)": 12.6968,
            "avg": 5.573337756625611,
            "min": 1.1883,
            "max": 29.1459,
            "p(50)": 4.8352,
            "p(75)": 7.0763750000000005,
            "p(90)": 9.07404
        },
        "vus_max": {
            "value": 100,
            "min": 100,
            "max": 100
        },
        "http_req_blocked": {
            "max": 8.1496,
            "p(50)": 0,
            "p(75)": 0,
            "p(90)": 0,
            "p(95)": 0,
            "p(99)": 0.5121,
            "avg": 0.011893162871718306,
            "min": 0
        },
        "checks": {
            "passes": 16074,
            "fails": 0,
            "value": 1
        },
        "http_req_receiving": {
            "avg": 0.07030619012069174,
            "min": 0,
            "max": 3.1728,
            "p(50)": 0,
            "p(75)": 0,
            "p(90)": 0.5047,
            "p(95)": 0.5219,
            "p(99)": 0.620927
        },
        "iteration_duration": {
            "p(50)": 1011.3986,
            "p(75)": 1014.3577,
            "p(90)": 1017.8054,
            "p(95)": 1020.0854,
            "p(99)": 1023.960672,
            "avg": 1012.1518643648088,
            "min": 1004.2695,
            "max": 1035.4679
        },
        "http_req_duration": {
            "p(99)": 12.9094,
            "avg": 5.658978760731646,
            "min": 1.1883,
            "max": 29.2766,
            "p(50)": 4.9036,
            "p(75)": 7.174,
            "p(90)": 9.1588,
            "p(95)": 10.41851
        },
        "http_req_duration{expected_response:true}": {
            "max": 29.2766,
            "p(50)": 4.9036,
            "p(75)": 7.174,
            "p(90)": 9.1588,
            "p(95)": 10.41851,
            "p(99)": 12.9094,
            "avg": 5.658978760731646,
            "min": 1.1883
        },
        "http_reqs": {
            "count": 16074,
            "rate": 106.50356598109927
        },
        "http_req_tls_handshaking": {
            "p(90)": 0,
            "p(95)": 0,
            "p(99)": 0,
            "avg": 0,
            "min": 0,
            "max": 0,
            "p(50)": 0,
            "p(75)": 0
        },
        "http_req_failed": {
            "passes": 0,
            "fails": 16074,
            "thresholds": {
                "rate<0.05": false
            },
            "value": 0
        },
        "data_sent": {
            "count": 1470771,
            "rate": 9745.076287270584
        },
        "data_received": {
            "count": 5063310,
            "rate": 33548.62328404627
        },
        "vus": {
            "value": 23,
            "min": 1,
            "max": 100
        },
        "http_req_connecting": {
            "p(99)": 0,
            "avg": 0.005392615403757621,
            "min": 0,
            "max": 2.5351,
            "p(50)": 0,
            "p(75)": 0,
            "p(90)": 0,
            "p(95)": 0
        },
        "iterations": {
            "rate": 53.251782990549636,
            "count": 8037
        },
        "http_req_sending": {
            "p(75)": 0,
            "p(90)": 0,
            "p(95)": 0,
            "p(99)": 0.531827,
            "avg": 0.015334813985317906,
            "min": 0,
            "max": 4.7873,
            "p(50)": 0
        }
    }
}