{
    "root_group": {
        "name": "",
        "path": "",
        "id": "d41d8cd98f00b204e9800998ecf8427e",
        "groups": {},
        "checks": {
                "products list ok": {
                    "passes": 8016,
                    "fails": 0,
                    "name": "products list ok",
                    "path": "::products list ok",
                    "id": "9510a9eed98727c4f6d467383c223a18"
                },
                "product ok": {
                    "name": "product ok",
                    "path": "::product ok",
                    "id": "716e252b0c1f95f7b69e330791590bce",
                    "passes": 8016,
                    "fails": 0
                }
            }
    },
    "metrics": {
        "vus": {
            "value": 22,
            "min": 1,
            "max": 100
        },
        "http_req_waiting": {
            "p(75)": 8.265675,
            "p(90)": 10.21407,
            "p(95)": 11.298159999999998,
            "p(99)": 14.38185800000002,
            "avg": 6.5135267839321624,
            "min": 1.1004,
            "max": 50.6892,
            "p(50)": 5.8538
        },
        "http_reqs": {
            "count": 16032,
            "rate": 106.18305639552143
        },
        "vus_max": {
            "value": 100,
            "min": 100,
            "max": 100
        },
        "data_sent": {
            "count": 1466928,
            "rate": 9715.749660190211
        },
        "http_req_failed": {
            "passes": 0,
            "fails": 16032,
            "thresholds": {
                "rate<0.05": false
            },
            "value": 0
        },
        "http_req_duration": {
            "p(99)": 14.4859,
            "avg": 6.613237094560888,
            "min": 1.5633,
            "max": 50.6892,
            "p(50)": 5.963,
            "p(75)": 8.389825,
            "p(90)": 10.3255,
            "p(95)": 11.4771
        },
        "data_received": {
            "count": 5050080,
            "rate": 33447.66276458925
        },
        "http_req_tls_handshaking": {
            "max": 0,
            "p(50)": 0,
            "p(75)": 0,
            "p(90)": 0,
            "p(95)": 0,
            "p(99)": 0,
            "avg": 0,
            "min": 0
        },
        "checks": {
            "passes": 16032,
            "fails": 0,
            "value": 1
        },
        "http_req_connecting": {
            "avg": 0.010430083582834327,
            "min": 0,
            "max": 14.2656,
            "p(50)": 0,
            "p(75)": 0,
            "p(90)": 0,
            "p(95)": 0,
            "p(99)": 0
        },
        "http_req_receiving": {
            "p(99)": 0.729,
            "avg": 0.07302162549900208,
            "min": 0,
            "max": 6.7521,
            "p(50)": 0,
            "p(75)": 0,
            "p(90)": 0.5045,
            "p(95)": 0.5195
        },
        "http_req_sending": {
            "p(90)": 0,
            "p(95)": 0,
            "p(99)": 0.6254640000000029,
            "avg": 0.026688685129740517,
            "min": 0,
            "max": 16.0732,
            "p(50)": 0,
            "p(75)": 0
        },
        "http_req_blocked": {
            "p(50)": 0,
            "p(75)": 0,
            "p(90)": 0,
            "p(95)": 0,
            "p(99)": 0.5447140000000004,
            "avg": 0.019569442365269443,
            "min": 0,
            "max": 14.7874
        },
        "iterations": {
            "count": 8016,
            "rate": 53.09152819776072
        },
        "http_req_duration{expected_response:true}": {
            "p(50)": 5.963,
            "p(75)": 8.389825,
            "p(90)": 10.3255,
            "p(95)": 11.4771,
            "p(99)": 14.4859,
            "avg": 6.613237094560888,
            "min": 1.5633,
            "max": 50.6892
        },
        "iteration_duration": {
            "p(75)": 1017.2237,
            "p(90)": 1020.2104,
            "p(95)": 1022.471175,
            "p(99)": 1029.15489,
            "avg": 1014.9381868013877,
            "min": 1004.975,
            "max": 1086.0916,
            "p(50)": 1014.42235
        }
    }
}