{
    "root_group": {
        "path": "",
        "id": "d41d8cd98f00b204e9800998ecf8427e",
        "groups": {},
        "checks": {
                "products list ok": {
                    "path": "::products list ok",
                    "id": "9510a9eed98727c4f6d467383c223a18",
                    "passes": 580,
                    "fails": 0,
                    "name": "products list ok"
                },
                "product ok": {
                    "passes": 580,
                    "fails": 0,
                    "name": "product ok",
                    "path": "::product ok",
                    "id": "716e252b0c1f95f7b69e330791590bce"
                }
            },
        "name": ""
    },
    "metrics": {
        "http_req_blocked": {
            "p(99)": 36.931063000000265,
            "avg": 1.0061387931034482,
            "min": 0,
            "max": 89.7014,
            "p(50)": 0,
            "p(75)": 0,
            "p(90)": 0,
            "p(95)": 0
        },
        "http_req_duration{expected_response:true}": {
            "p(50)": 15.5108,
            "p(75)": 25.951325,
            "p(90)": 41.73380000000005,
            "p(95)": 70.48962999999992,
            "p(99)": 140.41837500000003,
            "avg": 23.3645510344828,
            "min": 4.3575,
            "max": 167.1935
        },
        "http_req_connecting": {
            "p(75)": 0,
            "p(90)": 0,
            "p(95)": 0,
            "p(99)": 13.742401000000315,
            "avg": 0.5330346551724139,
            "min": 0,
            "max": 58.9379,
            "p(50)": 0
        },
        "http_req_waiting": {
            "p(75)": 25.42235,
            "p(90)": 41.003,
            "p(95)": 70.48962999999992,
            "p(99)": 140.13399900000002,
            "avg": 23.040333706896586,
            "min": 4.3575,
            "max": 166.6777,
            "p(50)": 14.99025
        },
        "data_received": {
            "count": 365400,
            "rate": 11922.692906797462
        },
        "data_sent": {
            "count": 106140,
            "rate": 3463.2584157840247
        },
        "http_req_duration": {
            "p(99)": 140.41837500000003,
            "avg": 23.3645510344828,
            "min": 4.3575,
            "max": 167.1935,
            "p(50)": 15.5108,
            "p(75)": 25.951325,
            "p(90)": 41.73380000000005,
            "p(95)": 70.48962999999992
        },
        "http_req_failed": {
            "passes": 0,
            "fails": 1160,
            "thresholds": {
                "rate<0.01": false
            },
            "value": 0
        },
        "http_req_receiving": {
            "min": 0,
            "max": 14.9756,
            "p(50)": 0,
            "p(75)": 0,
            "p(90)": 0.5372300000000001,
            "p(95)": 1.0134400000000001,
            "p(99)": 2.918652000000013,
            "avg": 0.21052879310344833
        },
        "iterations": {
            "count": 580,
            "rate": 18.924909375868985
        },
        "http_reqs": {
            "count": 1160,
            "rate": 37.84981875173797
        },
        "checks": {
            "passes": 1160,
            "fails": 0,
            "value": 1
        },
        "vus": {
            "max": 20,
            "value": 20,
            "min": 20
        },
        "vus_max": {
            "value": 20,
            "min": 20,
            "max": 20
        },
        "iteration_duration": {
            "avg": 1052.4551132758643,
            "min": 1012.2884,
            "max": 1229.5584,
            "p(50)": 1037.25605,
            "p(75)": 1054.9974750000001,
            "p(90)": 1120.23922,
            "p(95)": 1179.9742449999999,
            "p(99)": 1211.9316820000004
        },
        "http_req_tls_handshaking": {
            "min": 0,
            "max": 0,
            "p(50)": 0,
            "p(75)": 0,
            "p(90)": 0,
            "p(95)": 0,
            "p(99)": 0,
            "avg": 0
        },
        "http_req_sending": {
            "min": 0,
            "max": 13.5294,
            "p(50)": 0,
            "p(75)": 0,
            "p(90)": 0,
            "p(95)": 0.512,
            "p(99)": 2.0216490000000014,
            "avg": 0.11368853448275863
        }
    }
}