{
    "root_group": {
        "name": "",
        "path": "",
        "id": "d41d8cd98f00b204e9800998ecf8427e",
        "groups": {},
        "checks": {
                "products list ok": {
                    "path": "::products list ok",
                    "id": "9510a9eed98727c4f6d467383c223a18",
                    "passes": 600,
                    "fails": 0,
                    "name": "products list ok"
                },
                "product ok": {
                    "name": "product ok",
                    "path": "::product ok",
                    "id": "716e252b0c1f95f7b69e330791590bce",
                    "passes": 600,
                    "fails": 0
                }
            }
    },
    "metrics": {
        "vus_max": {
            "value": 20,
            "min": 20,
            "max": 20
        },
        "vus": {
            "value": 20,
            "min": 20,
            "max": 20
        },
        "http_req_connecting": {
            "p(95)": 0,
            "p(99)": 1.0099,
            "avg": 0.01728591666666667,
            "min": 0,
            "max": 1.585,
            "p(50)": 0,
            "p(75)": 0,
            "p(90)": 0
        },
        "iteration_duration": {
            "p(50)": 1015.7035000000001,
            "p(75)": 1017.4338,
            "p(90)": 1019.19279,
            "p(95)": 1020.89268,
            "p(99)": 1069.785701,
            "avg": 1017.4205301666659,
            "min": 1009.1321,
            "max": 1073.5958
        },
        "iterations": {
            "count": 600,
            "rate": 19.65406944435905
        },
        "data_sent": {
            "count": 109800,
            "rate": 3596.694708317706
        },
        "http_req_duration": {
            "p(99)": 36.927,
            "avg": 7.65540258333334,
            "min": 2.8851,
            "max": 46.7605,
            "p(50)": 6.374499999999999,
            "p(75)": 8.9747,
            "p(90)": 10.431670000000002,
            "p(95)": 11.9272
        },
        "http_req_blocked": {
            "max": 10.0965,
            "p(50)": 0,
            "p(75)": 0,
            "p(90)": 0,
            "p(95)": 0,
            "p(99)": 9.0099,
            "avg": 0.17100474999999993,
            "min": 0
        },
        "data_received": {
            "count": 378000,
            "rate": 12382.063749946201
        },
        "http_req_failed": {
            "passes": 0,
            "fails": 1200,
            "thresholds": {
                "rate<0.01": false
            },
            "value": 0
        },
        "http_reqs": {
            "count": 1200,
            "rate": 39.3081388887181
        },
        "http_req_waiting": {
            "p(50)": 6.2379,
            "p(75)": 8.6464,
            "p(90)": 10.305860000000001,
            "p(95)": 11.63085,
            "p(99)": 36.4164,
            "avg": 7.50430816666667,
            "min": 2.8542,
            "max": 46.0144
        },
        "http_req_duration{expected_response:true}": {
            "p(90)": 10.431670000000002,
            "p(95)": 11.9272,
            "p(99)": 36.927,
            "avg": 7.65540258333334,
            "min": 2.8851,
            "max": 46.7605,
            "p(50)": 6.374499999999999,
            "p(75)": 8.9747
        },
        "checks": {
            "passes": 1200,
            "fails": 0,
            "value": 1
        },
        "http_req_tls_handshaking": {
            "p(50)": 0,
            "p(75)": 0,
            "p(90)": 0,
            "p(95)": 0,
            "p(99)": 0,
            "avg": 0,
            "min": 0,
            "max": 0
        },
        "http_req_sending": {
            "p(95)": 0.21721999999999933,
            "p(99)": 1.0180509999999998,
            "avg": 0.03911858333333333,
            "min": 0,
            "max": 3.0656,
            "p(50)": 0,
            "p(75)": 0,
            "p(90)": 0
        },
        "http_req_receiving": {
            "p(90)": 0.5129400000000001,
            "p(95)": 0.5447449999999999,
            "p(99)": 1.0146,
            "avg": 0.11197583333333337,
            "min": 0,
            "max": 3.9432,
            "p(50)": 0,
            "p(75)": 0
        }
    }
}