{
    "metrics": {
        "http_req_tls_handshaking": {
            "max": 0,
            "p(50)": 0,
            "p(75)": 0,
            "p(90)": 0,
            "p(95)": 0,
            "p(99)": 0,
            "avg": 0,
            "min": 0
        },
        "http_req_duration{expected_response:true}": {
            "max": 61.1965,
            "p(50)": 3.86485,
            "p(75)": 5.680175,
            "p(90)": 7.411770000000001,
            "p(95)": 8.9706,
            "p(99)": 25.2862,
            "avg": 5.012543533333338,
            "min": 1.0812
        },
        "checks": {
            "fails": 0,
            "passes": 1500,
            "value": 1
        },
        "vus": {
            "value": 10,
            "min": 10,
            "max": 10
        },
        "iterations": {
            "count": 300,
            "rate": 9.726297545396658
        },
        "vus_max": {
            "max": 10,
            "value": 10,
            "min": 10
        },
        "http_reqs": {
            "count": 1500,
            "rate": 48.631487726983295
        },
        "http_req_sending": {
            "p(99)": 0.5500969999999996,
            "avg": 0.029839666666666664,
            "min": 0,
            "max": 5.8619,
            "p(50)": 0,
            "p(75)": 0,
            "p(90)": 0,
            "p(95)": 0.05126999999999975
        },
        "http_req_waiting": {
            "p(99)": 25.2862,
            "avg": 4.9223700666666685,
            "min": 1.0812,
            "max": 60.6677,
            "p(50)": 3.7397,
            "p(75)": 5.6277,
            "p(90)": 7.1072,
            "p(95)": 8.950174999999998
        },
        "http_req_connecting": {
            "max": 1.3702,
            "p(50)": 0,
            "p(75)": 0,
            "p(90)": 0,
            "p(95)": 0,
            "p(99)": 0,
            "avg": 0.0071914000000000014,
            "min": 0
        },
        "data_received": {
            "count": 600600,
            "rate": 19472.04768588411
        },
        "http_req_blocked": {
            "p(90)": 0,
            "p(95)": 0,
            "p(99)": 0.5123219999999999,
            "avg": 0.07191960000000001,
            "min": 0,
            "max": 10.1103,
            "p(50)": 0,
            "p(75)": 0
        },
        "iteration_duration": {
            "p(50)": 1023.3844,
            "p(75)": 1025.961475,
            "p(90)": 1028.74467,
            "p(95)": 1038.9344,
            "p(99)": 1150.512282,
            "avg": 1027.9993000000004,
            "min": 1015.7833,
            "max": 1152.2251
        },
        "data_sent": {
            "count": 892200,
            "rate": 28926.008900009663
        },
        "http_req_receiving": {
            "min": 0,
            "max": 2.2101,
            "p(50)": 0,
            "p(75)": 0,
            "p(90)": 0.38591000000001774,
            "p(95)": 0.52442,
            "p(99)": 0.5894,
            "avg": 0.060333800000000014
        },
        "http_req_failed": {
            "passes": 0,
            "fails": 1500,
            "thresholds": {
                "rate<0.02": false
            },
            "value": 0
        },
        "http_req_duration": {
            "p(90)": 7.411770000000001,
            "p(95)": 8.9706,
            "p(99)": 25.2862,
            "avg": 5.012543533333338,
            "min": 1.0812,
            "max": 61.1965,
            "p(50)": 3.86485,
            "p(75)": 5.680175
        }
    },
    "root_group": {
        "id": "d41d8cd98f00b204e9800998ecf8427e",
        "groups": {},
        "checks": {
                "login ok": {
                    "name": "login ok",
                    "path": "::login ok",
                    "id": "0ddcda49e3a8b9d6d2e015dafbaafe65",
                    "passes": 300,
                    "fails": 0
                },
                "cart add ok": {
                    "fails": 0,
                    "name": "cart add ok",
                    "path": "::cart add ok",
                    "id": "3476b21dcb095c2f01deccc20115d127",
                    "passes": 300
                },
                "cart get ok": {
                    "passes": 300,
                    "fails": 0,
                    "name": "cart get ok",
                    "path": "::cart get ok",
                    "id": "9d960ca6baf25ee48d3f3c991473fca0"
                },
                "cart update ok": {
                    "name": "cart update ok",
                    "path": "::cart update ok",
                    "id": "07ee78e8bcccf32bc9963f8d3c17eecf",
                    "passes": 300,
                    "fails": 0
                },
                "cart remove ok": {
                    "name": "cart remove ok",
                    "path": "::cart remove ok",
                    "id": "31001ad0f6cf28a008d3b28f557b05a9",
                    "passes": 300,
                    "fails": 0
                }
            },
        "name": "",
        "path": ""
    }
}