{
    "metrics": {
        "http_req_receiving": {
            "p(95)": 0.5206,
            "p(99)": 0.6428080000000002,
            "avg": 0.06949366355140191,
            "min": 0,
            "max": 2.7989,
            "p(50)": 0,
            "p(75)": 0,
            "p(90)": 0.5044
        },
        "http_req_duration": {
            "p(75)": 8.402050000000001,
            "p(90)": 10.1165,
            "p(95)": 11.143765,
            "p(99)": 14.02131400000001,
            "avg": 6.556772573208681,
            "min": 1.0335,
            "max": 67.8949,
            "p(50)": 5.9737
        },
        "iteration_duration": {
            "avg": 1014.1061267165105,
            "min": 1004.2459,
            "max": 1078.7975,
            "p(50)": 1013.6105,
            "p(75)": 1016.5056,
            "p(90)": 1019.3982599999999,
            "p(95)": 1021.2013,
            "p(99)": 1027.2126
        },
        "http_req_failed": {
            "passes": 0,
            "fails": 16050,
            "thresholds": {
                "rate<0.05": false
            },
            "value": 0
        },
        "http_req_connecting": {
            "p(90)": 0,
            "p(95)": 0,
            "p(99)": 0,
            "avg": 0.005610766355140186,
            "min": 0,
            "max": 2.2698,
            "p(50)": 0,
            "p(75)": 0
        },
        "checks": {
            "passes": 16050,
            "fails": 0,
            "value": 1
        },
        "http_req_tls_handshaking": {
            "p(50)": 0,
            "p(75)": 0,
            "p(90)": 0,
            "p(95)": 0,
            "p(99)": 0,
            "avg": 0,
            "min": 0,
            "max": 0
        },
        "http_req_waiting": {
            "p(90)": 10.00577,
            "p(95)": 11.032629999999997,
            "p(99)": 13.87126700000002,
            "avg": 6.465477501557612,
            "min": 1.0335,
            "max": 67.4234,
            "p(50)": 5.8692,
            "p(75)": 8.307
        },
        "http_req_blocked": {
            "min": 0,
            "max": 4.5565,
            "p(50)": 0,
            "p(75)": 0,
            "p(90)": 0,
            "p(95)": 0,
            "p(99)": 0.515704,
            "avg": 0.012647127725856704
        },
        "http_req_sending": {
            "p(95)": 0,
            "p(99)": 0.5553140000000003,
            "avg": 0.021801408099688502,
            "min": 0,
            "max": 5.6714,
            "p(50)": 0,
            "p(75)": 0,
            "p(90)": 0
        },
        "data_sent": {
            "count": 1468575,
            "rate": 9726.504869722863
        },
        "data_received": {
            "count": 5055750,
            "rate": 33484.688895767234
        },
        "http_req_duration{expected_response:true}": {
            "p(90)": 10.1165,
            "p(95)": 11.143765,
            "p(99)": 14.02131400000001,
            "avg": 6.556772573208681,
            "min": 1.0335,
            "max": 67.8949,
            "p(50)": 5.9737,
            "p(75)": 8.402050000000001
        },
        "iterations": {
            "count": 8025,
            "rate": 53.15029983455117
        },
        "vus_max": {
            "min": 100,
            "max": 100,
            "value": 100
        },
        "vus": {
            "value": 23,
            "min": 1,
            "max": 100
        },
        "http_reqs": {
            "count": 16050,
            "rate": 106.30059966910234
        }
    },
    "root_group": {
        "name": "",
        "path": "",
        "id": "d41d8cd98f00b204e9800998ecf8427e",
        "groups": {},
        "checks": {
                "products list ok": {
                    "name": "products list ok",
                    "path": "::products list ok",
                    "id": "9510a9eed98727c4f6d467383c223a18",
                    "passes": 8025,
                    "fails": 0
                },
                "product ok": {
                    "fails": 0,
                    "name": "product ok",
                    "path": "::product ok",
                    "id": "716e252b0c1f95f7b69e330791590bce",
                    "passes": 8025
                }
            }
    }
}