{
    "root_group": {
        "name": "",
        "path": "",
        "id": "d41d8cd98f00b204e9800998ecf8427e",
        "groups": {},
        "checks": {
                "products list ok": {
                    "name": "products list ok",
                    "path": "::products list ok",
                    "id": "9510a9eed98727c4f6d467383c223a18",
                    "passes": 8019,
                    "fails": 0
                },
                "product ok": {
                    "id": "716e252b0c1f95f7b69e330791590bce",
                    "passes": 8019,
                    "fails": 0,
                    "name": "product ok",
                    "path": "::product ok"
                }
            }
    },
    "metrics": {
        "http_req_connecting": {
            "p(75)": 0,
            "p(90)": 0,
            "p(95)": 0,
            "p(99)": 0,
            "avg": 0.0064746726524504295,
            "min": 0,
            "max": 5.1855,
            "p(50)": 0
        },
        "iterations": {
            "count": 8019,
            "rate": 53.171573599379705
        },
        "http_req_blocked": {
            "min": 0,
            "max": 6.2049,
            "p(50)": 0,
            "p(75)": 0,
            "p(90)": 0,
            "p(95)": 0,
            "p(99)": 0.5320299999999992,
            "avg": 0.013731637361266985
        },
        "http_req_tls_handshaking": {
            "max": 0,
            "p(50)": 0,
            "p(75)": 0,
            "p(90)": 0,
            "p(95)": 0,
            "p(99)": 0,
            "avg": 0,
            "min": 0
        },
        "http_req_duration": {
            "p(99)": 14.506057999999994,
            "avg": 6.715784249906501,
            "min": 1.5386,
            "max": 56.0963,
            "p(50)": 6.21065,
            "p(75)": 8.6525,
            "p(90)": 10.5269,
            "p(95)": 11.740785
        },
        "http_req_sending": {
            "min": 0,
            "max": 4.7419,
            "p(50)": 0,
            "p(75)": 0,
            "p(90)": 0,
            "p(95)": 0,
            "p(99)": 0.5472,
            "avg": 0.018380920314253656
        },
        "http_reqs": {
            "count": 16038,
            "rate": 106.34314719875941
        },
        "iteration_duration": {
            "p(95)": 1023.0801099999999,
            "p(99)": 1027.3665740000001,
            "avg": 1014.3560035041795,
            "min": 1005.0211,
            "max": 1063.2736,
            "p(50)": 1013.6913,
            "p(75)": 1016.9346,
            "p(90)": 1020.7264
        },
        "http_req_waiting": {
            "p(90)": 10.370120000000004,
            "p(95)": 11.589464999999999,
            "p(99)": 14.3261,
            "avg": 6.621897624392099,
            "min": 1.5386,
            "max": 56.0963,
            "p(50)": 6.0956,
            "p(75)": 8.5362
        },
        "http_req_receiving": {
            "p(90)": 0.5049,
            "p(95)": 0.525315,
            "p(99)": 0.6526259999999998,
            "avg": 0.07550570520014989,
            "min": 0,
            "max": 3.0997,
            "p(50)": 0,
            "p(75)": 0
        },
        "vus_max": {
            "max": 100,
            "value": 100,
            "min": 100
        },
        "data_received": {
            "count": 5051970,
            "rate": 33498.09136760922
        },
        "data_sent": {
            "count": 1467477,
            "rate": 9730.397968686486
        },
        "checks": {
            "fails": 0,
            "passes": 16038,
            "value": 1
        },
        "vus": {
            "min": 1,
            "max": 100,
            "value": 22
        },
        "http_req_failed": {
            "passes": 0,
            "fails": 16038,
            "thresholds": {
                "rate<0.05": false
            },
            "value": 0
        },
        "http_req_duration{expected_response:true}": {
            "p(99)": 14.506057999999994,
            "avg": 6.715784249906501,
            "min": 1.5386,
            "max": 56.0963,
            "p(50)": 6.21065,
            "p(75)": 8.6525,
            "p(90)": 10.5269,
            "p(95)": 11.740785
        }
    }
}