bucket_start_ms,count
1.387,41853
5.6059149999999995,56988
9.82483,15529
14.043745000000001,1348
18.26266,1047
22.481575,616
26.700490000000002,262
30.919405,627
35.13832,626
39.357235,363
43.57615,170
47.795065,57
52.013980000000004,59
56.232895,35
60.45181,26
64.67072499999999,10
68.88964,2
73.108555,4
77.32747,13
81.546385,5
