{
    "root_group": {
        "groups": {},
        "checks": {
                "products list ok": {
                    "name": "products list ok",
                    "path": "::products list ok",
                    "id": "9510a9eed98727c4f6d467383c223a18",
                    "passes": 600,
                    "fails": 0
                },
                "product ok": {
                    "name": "product ok",
                    "path": "::product ok",
                    "id": "716e252b0c1f95f7b69e330791590bce",
                    "passes": 600,
                    "fails": 0
                }
            },
        "name": "",
        "path": "",
        "id": "d41d8cd98f00b204e9800998ecf8427e"
    },
    "metrics": {
        "vus_max": {
            "min": 20,
            "max": 20,
            "value": 20
        },
        "http_req_tls_handshaking": {
            "min": 0,
            "max": 0,
            "p(50)": 0,
            "p(75)": 0,
            "p(90)": 0,
            "p(95)": 0,
            "p(99)": 0,
            "avg": 0
        },
        "http_req_waiting": {
            "avg": 7.085255249999996,
            "min": 2.6811,
            "max": 40.9504,
            "p(50)": 5.8665,
            "p(75)": 8.0663,
            "p(90)": 10.27155,
            "p(95)": 11.752,
            "p(99)": 31.621291999999993
        },
        "vus": {
            "value": 20,
            "min": 20,
            "max": 20
        },
        "http_req_duration": {
            "p(90)": 10.396010000000004,
            "p(95)": 11.9527,
            "p(99)": 32.6338,
            "avg": 7.234753416666667,
            "min": 2.6811,
            "max": 40.9504,
            "p(50)": 6.0335,
            "p(75)": 8.3139
        },
        "http_req_blocked": {
            "p(90)": 0,
            "p(95)": 0,
            "p(99)": 9.6258,
            "avg": 0.1731056666666667,
            "min": 0,
            "max": 10.7585,
            "p(50)": 0,
            "p(75)": 0
        },
        "http_req_sending": {
            "p(90)": 0,
            "p(95)": 0.14286499999999847,
            "p(99)": 1.0251229999999993,
            "avg": 0.05041041666666668,
            "min": 0,
            "max": 6.2421,
            "p(50)": 0,
            "p(75)": 0
        },
        "http_req_receiving": {
            "p(95)": 0.5756049999999997,
            "p(99)": 1.096403,
            "avg": 0.09908774999999997,
            "min": 0,
            "max": 3.7492,
            "p(50)": 0,
            "p(75)": 0,
            "p(90)": 0.5112900000000001
        },
        "iteration_duration": {
            "p(50)": 1014.6867500000001,
            "p(75)": 1016.5394,
            "p(90)": 1019.42988,
            "p(95)": 1021.90959,
            "p(99)": 1062.6505,
            "avg": 1016.2805651666678,
            "min": 1008.7352,
            "max": 1067.0987
        },
        "http_req_duration{expected_response:true}": {
            "p(75)": 8.3139,
            "p(90)": 10.396010000000004,
            "p(95)": 11.9527,
            "p(99)": 32.6338,
            "avg": 7.234753416666667,
            "min": 2.6811,
            "max": 40.9504,
            "p(50)": 6.0335
        },
        "checks": {
            "fails": 0,
            "passes": 1200,
            "value": 1
        },
        "iterations": {
            "count": 600,
            "rate": 19.675672897683373
        },
        "http_req_failed": {
            "passes": 0,
            "fails": 1200,
            "thresholds": {
                "rate<0.01": false
            },
            "value": 0
        },
        "http_reqs": {
            "count": 1200,
            "rate": 39.35134579536675
        },
        "data_sent": {
            "count": 109800,
            "rate": 3600.6481402760573
        },
        "http_req_connecting": {
            "p(75)": 0,
            "p(90)": 0,
            "p(95)": 0,
            "p(99)": 1.2883209999999998,
            "avg": 0.025671916666666666,
            "min": 0,
            "max": 2.4521,
            "p(50)": 0
        },
        "data_received": {
            "count": 378000,
            "rate": 12395.673925540525
        }
    }
}