{
    "root_group": {
        "id": "d41d8cd98f00b204e9800998ecf8427e",
        "groups": {},
        "checks": {
                "login ok": {
                    "id": "0ddcda49e3a8b9d6d2e015dafbaafe65",
                    "passes": 300,
                    "fails": 0,
                    "name": "login ok",
                    "path": "::login ok"
                },
                "cart add ok": {
                    "path": "::cart add ok",
                    "id": "3476b21dcb095c2f01deccc20115d127",
                    "passes": 300,
                    "fails": 0,
                    "name": "cart add ok"
                },
                "cart get ok": {
                    "id": "9d960ca6baf25ee48d3f3c991473fca0",
                    "passes": 300,
                    "fails": 0,
                    "name": "cart get ok",
                    "path": "::cart get ok"
                },
                "cart update ok": {
                    "name": "cart update ok",
                    "path": "::cart update ok",
                    "id": "07ee78e8bcccf32bc9963f8d3c17eecf",
                    "passes": 300,
                    "fails": 0
                },
                "cart remove ok": {
                    "name": "cart remove ok",
                    "path": "::cart remove ok",
                    "id": "31001ad0f6cf28a008d3b28f557b05a9",
                    "passes": 300,
                    "fails": 0
                }
            },
        "name": "",
        "path": ""
    },
    "metrics": {
        "http_reqs": {
            "count": 1500,
            "rate": 48.56797928279095
        },
        "http_req_sending": {
            "p(90)": 0,
            "p(95)": 0.06451499999999999,
            "p(99)": 0.5589449999999999,
            "avg": 0.025180733333333327,
            "min": 0,
            "max": 1.5307,
            "p(50)": 0,
            "p(75)": 0
        },
        "http_req_duration{expected_response:true}": {
            "p(90)": 8.3197,
            "p(95)": 9.721034999999999,
            "p(99)": 26.9906,
            "avg": 5.328312333333349,
            "min": 1.0358,
            "max": 64.0209,
            "p(50)": 4.0555,
            "p(75)": 5.912025
        },
        "http_req_connecting": {
            "p(99)": 0,
            "avg": 0.006220666666666666,
            "min": 0,
            "max": 1.2764,
            "p(50)": 0,
            "p(75)": 0,
            "p(90)": 0,
            "p(95)": 0
        },
        "http_req_waiting": {
            "avg": 5.230285600000012,
            "min": 1.0358,
            "max": 63.8249,
            "p(50)": 3.88235,
            "p(75)": 5.61,
            "p(90)": 8.233590000000001,
            "p(95)": 9.7187,
            "p(99)": 26.9906
        },
        "data_received": {
            "count": 600600,
            "rate": 19446.6189048295
        },
        "vus_max": {
            "max": 10,
            "value": 10,
            "min": 10
        },
        "iterations": {
            "count": 300,
            "rate": 9.713595856558191
        },
        "http_req_tls_handshaking": {
            "p(99)": 0,
            "avg": 0,
            "min": 0,
            "max": 0,
            "p(50)": 0,
            "p(75)": 0,
            "p(90)": 0,
            "p(95)": 0
        },
        "data_sent": {
            "count": 892200,
            "rate": 28888.23407740406
        },
        "http_req_duration": {
            "p(50)": 4.0555,
            "p(75)": 5.912025,
            "p(90)": 8.3197,
            "p(95)": 9.721034999999999,
            "p(99)": 26.9906,
            "avg": 5.328312333333349,
            "min": 1.0358,
            "max": 64.0209
        },
        "http_req_blocked": {
            "p(90)": 0,
            "p(95)": 0,
            "p(99)": 0.505736,
            "avg": 0.0743636,
            "min": 0,
            "max": 11.2143,
            "p(50)": 0,
            "p(75)": 0
        },
        "checks": {
            "passes": 1500,
            "fails": 0,
            "value": 1
        },
        "iteration_duration": {
            "p(90)": 1033.57196,
            "p(95)": 1045.0633,
            "p(99)": 1157.2829,
            "avg": 1029.4166406666668,
            "min": 1016.1189,
            "max": 1158.3781,
            "p(50)": 1024.062,
            "p(75)": 1027.07285
        },
        "http_req_receiving": {
            "p(95)": 0.5240549999999999,
            "p(99)": 0.608913,
            "avg": 0.07284599999999998,
            "min": 0,
            "max": 1.6742,
            "p(50)": 0,
            "p(75)": 0,
            "p(90)": 0.5066
        },
        "http_req_failed": {
            "passes": 0,
            "fails": 1500,
            "thresholds": {
                "rate<0.02": false
            },
            "value": 0
        },
        "vus": {
            "value": 10,
            "min": 10,
            "max": 10
        }
    }
}