{
    "root_group": {
        "checks": {
            "products list ok": {
                "passes": 8016,
                "fails": 0,
                "name": "products list ok",
                "path": "::products list ok",
                "id": "9510a9eed98727c4f6d467383c223a18"
            },
            "product ok": {
                "name": "product ok",
                "path": "::product ok",
                "id": "716e252b0c1f95f7b69e330791590bce",
                "passes": 8016,
                "fails": 0
            }
        },
        "name": "",
        "path": "",
        "id": "d41d8cd98f00b204e9800998ecf8427e",
        "groups": {}
    },
    "metrics": {
        "http_req_tls_handshaking": {
            "p(95)": 0,
            "p(99)": 0,
            "avg": 0,
            "min": 0,
            "max": 0,
            "p(50)": 0,
            "p(75)": 0,
            "p(90)": 0
        },
        "iteration_duration": {
            "p(50)": 1014.3383,
            "p(75)": 1017.197825,
            "p(90)": 1020.32515,
            "p(95)": 1023.08125,
            "p(99)": 1034.1897,
            "avg": 1014.9069667165674,
            "min": 1004.8615,
            "max": 1073.3604
        },
        "http_req_failed": {
            "passes": 0,
            "fails": 16032,
            "thresholds": {
                "rate<0.05": false
            },
            "value": 0
        },
        "http_req_connecting": {
            "min": 0,
            "max": 3.9234,
            "p(50)": 0,
            "p(75)": 0,
            "p(90)": 0,
            "p(95)": 0,
            "p(99)": 0,
            "avg": 0.007812986526946106
        },
        "http_req_duration": {
            "p(75)": 8.382375,
            "p(90)": 10.245,
            "p(95)": 11.297944999999995,
            "p(99)": 13.9725,
            "avg": 6.581145041167709,
            "min": 1.5504,
            "max": 52.9277,
            "p(50)": 6.0183
        },
        "iterations": {
            "count": 8016,
            "rate": 53.1212847924543
        },
        "http_req_duration{expected_response:true}": {
            "avg": 6.581145041167709,
            "min": 1.5504,
            "max": 52.9277,
            "p(50)": 6.0183,
            "p(75)": 8.382375,
            "p(90)": 10.245,
            "p(95)": 11.297944999999995,
            "p(99)": 13.9725
        },
        "checks": {
            "fails": 0,
            "passes": 16032,
            "value": 1
        },
        "http_reqs": {
            "count": 16032,
            "rate": 106.2425695849086
        },
        "http_req_receiving": {
            "p(75)": 0,
            "p(90)": 0.5046,
            "p(95)": 0.5206,
            "p(99)": 0.6823850000000033,
            "avg": 0.07424513473053916,
            "min": 0,
            "max": 40.1595,
            "p(50)": 0
        },
        "data_sent": {
            "count": 1466928,
            "rate": 9721.195117019137
        },
        "vus_max": {
            "value": 100,
            "min": 100,
            "max": 100
        },
        "data_received": {
            "count": 5050080,
            "rate": 33466.40941924621
        },
        "http_req_blocked": {
            "p(99)": 0.5466450000000003,
            "avg": 0.01715062999001997,
            "min": 0,
            "max": 4.6662,
            "p(50)": 0,
            "p(75)": 0,
            "p(90)": 0,
            "p(95)": 0
        },
        "http_req_sending": {
            "p(50)": 0,
            "p(75)": 0,
            "p(90)": 0,
            "p(95)": 0,
            "p(99)": 0.6642460000000018,
            "avg": 0.028985591317365274,
            "min": 0,
            "max": 13.996
        },
        "http_req_waiting": {
            "p(95)": 11.191594999999998,
            "p(99)": 13.765150000000002,
            "avg": 6.47791431511978,
            "min": 1.5504,
            "max": 52.6276,
            "p(50)": 5.91655,
            "p(75)": 8.259350000000001,
            "p(90)": 10.122819999999999
        },
        "vus": {
            "value": 22,
            "min": 1,
            "max": 100
        }
    }
}