{
    "root_group": {
        "id": "d41d8cd98f00b204e9800998ecf8427e",
        "groups": {},
        "checks": {
                "products list ok": {
                    "name": "products list ok",
                    "path": "::products list ok",
                    "id": "9510a9eed98727c4f6d467383c223a18",
                    "passes": 600,
                    "fails": 0
                },
                "product ok": {
                    "name": "product ok",
                    "path": "::product ok",
                    "id": "716e252b0c1f95f7b69e330791590bce",
                    "passes": 600,
                    "fails": 0
                }
            },
        "name": "",
        "path": ""
    },
    "metrics": {
        "data_received": {
            "count": 378000,
            "rate": 12365.769814021374
        },
        "http_req_failed": {
            "passes": 0,
            "fails": 1200,
            "thresholds": {
                "rate<0.01": false
            },
            "value": 0
        },
        "http_reqs": {
            "count": 1200,
            "rate": 39.25641210800436
        },
        "http_req_connecting": {
            "p(50)": 0,
            "p(75)": 0,
            "p(90)": 0,
            "p(95)": 0,
            "p(99)": 1.0477,
            "avg": 0.01934341666666667,
            "min": 0,
            "max": 1.2966
        },
        "http_req_sending": {
            "p(90)": 0,
            "p(95)": 0.510665,
            "p(99)": 1.0247629999999996,
            "avg": 0.06339291666666667,
            "min": 0,
            "max": 5.2259,
            "p(50)": 0,
            "p(75)": 0
        },
        "http_req_receiving": {
            "p(75)": 0,
            "p(90)": 0.5072,
            "p(95)": 0.5488049999999999,
            "p(99)": 1.368332999999999,
            "avg": 0.10933249999999996,
            "min": 0,
            "max": 5.1723,
            "p(50)": 0
        },
        "iterations": {
            "count": 600,
            "rate": 19.62820605400218
        },
        "http_req_waiting": {
            "avg": 8.024789750000014,
            "min": 2.9176,
            "max": 55.2242,
            "p(50)": 6.87395,
            "p(75)": 9.5639,
            "p(90)": 10.96885,
            "p(95)": 12.476074999999994,
            "p(99)": 33.932773999999995
        },
        "vus": {
            "value": 20,
            "min": 20,
            "max": 20
        },
        "iteration_duration": {
            "p(95)": 1023.2203599999999,
            "p(99)": 1067.337111,
            "avg": 1018.7776756666673,
            "min": 1008.8533,
            "max": 1073.6268,
            "p(50)": 1017.2608,
            "p(75)": 1018.8528,
            "p(90)": 1020.8233600000001
        },
        "data_sent": {
            "count": 109800,
            "rate": 3591.961707882399
        },
        "http_req_tls_handshaking": {
            "min": 0,
            "max": 0,
            "p(50)": 0,
            "p(75)": 0,
            "p(90)": 0,
            "p(95)": 0,
            "p(99)": 0,
            "avg": 0
        },
        "http_req_duration": {
            "p(99)": 34.272557,
            "avg": 8.197515166666667,
            "min": 3.1266,
            "max": 55.2242,
            "p(50)": 6.9783,
            "p(75)": 9.7999,
            "p(90)": 11.4385,
            "p(95)": 12.844879999999998
        },
        "http_req_duration{expected_response:true}": {
            "p(90)": 11.4385,
            "p(95)": 12.844879999999998,
            "p(99)": 34.272557,
            "avg": 8.197515166666667,
            "min": 3.1266,
            "max": 55.2242,
            "p(50)": 6.9783,
            "p(75)": 9.7999
        },
        "checks": {
            "passes": 1200,
            "fails": 0,
            "value": 1
        },
        "http_req_blocked": {
            "p(90)": 0,
            "p(95)": 0,
            "p(99)": 10.0635,
            "avg": 0.17516025000000005,
            "min": 0,
            "max": 10.8373,
            "p(50)": 0,
            "p(75)": 0
        },
        "vus_max": {
            "value": 20,
            "min": 20,
            "max": 20
        }
    }
}