{
    "root_group": {
        "name": "",
        "path": "",
        "id": "d41d8cd98f00b204e9800998ecf8427e",
        "groups": {},
        "checks": {
                "products list ok": {
                    "name": "products list ok",
                    "path": "::products list ok",
                    "id": "9510a9eed98727c4f6d467383c223a18",
                    "passes": 600,
                    "fails": 0
                },
                "product ok": {
                    "fails": 0,
                    "name": "product ok",
                    "path": "::product ok",
                    "id": "716e252b0c1f95f7b69e330791590bce",
                    "passes": 600
                }
            }
    },
    "metrics": {
        "data_sent": {
            "count": 109800,
            "rate": 3600.6255762292126
        },
        "vus_max": {
            "value": 20,
            "min": 20,
            "max": 20
        },
        "iterations": {
            "count": 600,
            "rate": 19.675549596880945
        },
        "iteration_duration": {
            "p(99)": 1055.6254,
            "avg": 1016.3215873333335,
            "min": 1008.8953,
            "max": 1063.0506,
            "p(50)": 1014.8665,
            "p(75)": 1016.76225,
            "p(90)": 1018.77777,
            "p(95)": 1021.2212350000001
        },
        "http_req_duration": {
            "p(95)": 12.1478,
            "p(99)": 33.999489,
            "avg": 7.437171166666658,
            "min": 2.6496,
            "max": 40.9172,
            "p(50)": 6.3273,
            "p(75)": 8.7355,
            "p(90)": 10.834870000000002
        },
        "http_req_duration{expected_response:true}": {
            "p(50)": 6.3273,
            "p(75)": 8.7355,
            "p(90)": 10.834870000000002,
            "p(95)": 12.1478,
            "p(99)": 33.999489,
            "avg": 7.437171166666658,
            "min": 2.6496,
            "max": 40.9172
        },
        "http_req_receiving": {
            "p(90)": 0.5103,
            "p(95)": 0.5504,
            "p(99)": 1.1047,
            "avg": 0.10901691666666653,
            "min": 0,
            "max": 3.7209,
            "p(50)": 0,
            "p(75)": 0
        },
        "http_req_failed": {
            "passes": 0,
            "fails": 1200,
            "thresholds": {
                "rate<0.01": false
            },
            "value": 0
        },
        "checks": {
            "passes": 1200,
            "fails": 0,
            "value": 1
        },
        "http_req_connecting": {
            "p(75)": 0,
            "p(90)": 0,
            "p(95)": 0,
            "p(99)": 0,
            "avg": 0.029038166666666677,
            "min": 0,
            "max": 11.9829,
            "p(50)": 0
        },
        "http_req_blocked": {
            "avg": 0.05415091666666667,
            "min": 0,
            "max": 12.9815,
            "p(50)": 0,
            "p(75)": 0,
            "p(90)": 0,
            "p(95)": 0,
            "p(99)": 0.9986919999999999
        },
        "http_req_tls_handshaking": {
            "p(90)": 0,
            "p(95)": 0,
            "p(99)": 0,
            "avg": 0,
            "min": 0,
            "max": 0,
            "p(50)": 0,
            "p(75)": 0
        },
        "http_req_sending": {
            "min": 0,
            "max": 1.5267,
            "p(50)": 0,
            "p(75)": 0,
            "p(90)": 0,
            "p(95)": 0.3498299999999992,
            "p(99)": 0.998631,
            "avg": 0.038198916666666645
        },
        "data_received": {
            "count": 378000,
            "rate": 12395.596246034995
        },
        "http_reqs": {
            "count": 1200,
            "rate": 39.35109919376189
        },
        "http_req_waiting": {
            "p(95)": 11.970529999999991,
            "p(99)": 33.01087499999999,
            "avg": 7.289955333333337,
            "min": 2.6496,
            "max": 40.9172,
            "p(50)": 6.1061,
            "p(75)": 8.3985,
            "p(90)": 10.49867
        },
        "vus": {
            "max": 20,
            "value": 20,
            "min": 20
        }
    }
}