{
    "metrics": {
        "iterations": {
            "count": 600,
            "rate": 19.640154207551316
        },
        "http_req_waiting": {
            "max": 43.7299,
            "p(50)": 6.75575,
            "p(75)": 9.035,
            "p(90)": 10.58576,
            "p(95)": 13.804294999999989,
            "p(99)": 37.2151,
            "avg": 7.8443300833333325,
            "min": 2.478
        },
        "http_req_connecting": {
            "p(50)": 0,
            "p(75)": 0,
            "p(90)": 0,
            "p(95)": 0,
            "p(99)": 1.4216,
            "avg": 0.03181424999999999,
            "min": 0,
            "max": 4.8607
        },
        "checks": {
            "passes": 1200,
            "fails": 0,
            "value": 1
        },
        "vus": {
            "value": 20,
            "min": 20,
            "max": 20
        },
        "vus_max": {
            "value": 20,
            "min": 20,
            "max": 20
        },
        "data_sent": {
            "count": 109800,
            "rate": 3594.1482199818906
        },
        "http_reqs": {
            "count": 1200,
            "rate": 39.28030841510263
        },
        "data_received": {
            "count": 378000,
            "rate": 12373.29715075733
        },
        "iteration_duration": {
            "avg": 1018.1667258333327,
            "min": 1009.3267,
            "max": 1079.4691,
            "p(50)": 1015.9618,
            "p(75)": 1018.2277,
            "p(90)": 1021.1328699999999,
            "p(95)": 1024.95802,
            "p(99)": 1072.7589
        },
        "http_req_duration{expected_response:true}": {
            "p(95)": 14.067814999999998,
            "p(99)": 37.2151,
            "avg": 7.999106666666661,
            "min": 2.478,
            "max": 44.2366,
            "p(50)": 6.889749999999999,
            "p(75)": 9.3731,
            "p(90)": 10.81915
        },
        "http_req_sending": {
            "p(99)": 1.0856459999999994,
            "avg": 0.044684333333333326,
            "min": 0,
            "max": 3.2206,
            "p(50)": 0,
            "p(75)": 0,
            "p(90)": 0,
            "p(95)": 0.28663999999999934
        },
        "http_req_failed": {
            "passes": 0,
            "fails": 1200,
            "thresholds": {
                "rate<0.01": false
            },
            "value": 0
        },
        "http_req_receiving": {
            "p(75)": 0,
            "p(90)": 0.509,
            "p(95)": 0.540175,
            "p(99)": 1.4038,
            "avg": 0.11009225000000006,
            "min": 0,
            "max": 4.3484,
            "p(50)": 0
        },
        "http_req_duration": {
            "avg": 7.999106666666661,
            "min": 2.478,
            "max": 44.2366,
            "p(50)": 6.889749999999999,
            "p(75)": 9.3731,
            "p(90)": 10.81915,
            "p(95)": 14.067814999999998,
            "p(99)": 37.2151
        },
        "http_req_blocked": {
            "avg": 0.21456108333333332,
            "min": 0,
            "max": 14.896,
            "p(50)": 0,
            "p(75)": 0,
            "p(90)": 0,
            "p(95)": 0,
            "p(99)": 11.4569
        },
        "http_req_tls_handshaking": {
            "p(90)": 0,
            "p(95)": 0,
            "p(99)": 0,
            "avg": 0,
            "min": 0,
            "max": 0,
            "p(50)": 0,
            "p(75)": 0
        }
    },
    "root_group": {
        "checks": {
            "products list ok": {
                "name": "products list ok",
                "path": "::products list ok",
                "id": "9510a9eed98727c4f6d467383c223a18",
                "passes": 600,
                "fails": 0
            },
            "product ok": {
                "id": "716e252b0c1f95f7b69e330791590bce",
                "passes": 600,
                "fails": 0,
                "name": "product ok",
                "path": "::product ok"
            }
        },
        "name": "",
        "path": "",
        "id": "d41d8cd98f00b204e9800998ecf8427e",
        "groups": {}
    }
}