bucket_start_ms,count
0.5239,115748
6.0417950000000005,28781
11.55969,1439
17.077585000000003,622
22.595480000000002,851
28.113375,73
33.63127,64
39.149164999999996,33
44.66706,7
50.184955,59
55.70285,551
61.220745,325
66.73864,43
72.256535,14
77.77443,15
83.292325,5
88.81022,0
94.328115,1
99.84601,11
105.363905,8
