{
    "metrics": {
        "http_req_duration{expected_response:true}": {
            "p(50)": 6.41845,
            "p(75)": 8.60755,
            "p(90)": 10.7391,
            "p(95)": 13.0865,
            "p(99)": 33.770267999999994,
            "avg": 7.940320250000018,
            "min": 2.7423,
            "max": 66.1976
        },
        "http_req_sending": {
            "p(50)": 0,
            "p(75)": 0,
            "p(90)": 0,
            "p(95)": 0.15822999999999895,
            "p(99)": 1.007905,
            "avg": 0.036200416666666686,
            "min": 0,
            "max": 5.1901
        },
        "vus_max": {
            "value": 20,
            "min": 20,
            "max": 20
        },
        "data_sent": {
            "count": 109800,
            "rate": 3596.9597081349584
        },
        "http_req_receiving": {
            "p(99)": 1.0341,
            "avg": 0.08234466666666668,
            "min": 0,
            "max": 4.6177,
            "p(50)": 0,
            "p(75)": 0,
            "p(90)": 0.5054,
            "p(95)": 0.5306099999999999
        },
        "iteration_duration": {
            "avg": 1017.4103023333339,
            "min": 1008.6154,
            "max": 1082.327,
            "p(50)": 1014.7715000000001,
            "p(75)": 1016.792,
            "p(90)": 1020.2116,
            "p(95)": 1037.4293,
            "p(99)": 1074.67501
        },
        "http_req_blocked": {
            "p(75)": 0,
            "p(90)": 0,
            "p(95)": 0,
            "p(99)": 9.7535,
            "avg": 0.17643674999999998,
            "min": 0,
            "max": 10.6347,
            "p(50)": 0
        },
        "data_received": {
            "count": 378000,
            "rate": 12382.976044399036
        },
        "http_req_failed": {
            "passes": 0,
            "fails": 1200,
            "thresholds": {
                "rate<0.01": false
            },
            "value": 0
        },
        "iterations": {
            "rate": 19.65551753079212,
            "count": 600
        },
        "http_req_duration": {
            "p(90)": 10.7391,
            "p(95)": 13.0865,
            "p(99)": 33.770267999999994,
            "avg": 7.940320250000018,
            "min": 2.7423,
            "max": 66.1976,
            "p(50)": 6.41845,
            "p(75)": 8.60755
        },
        "http_req_tls_handshaking": {
            "avg": 0,
            "min": 0,
            "max": 0,
            "p(50)": 0,
            "p(75)": 0,
            "p(90)": 0,
            "p(95)": 0,
            "p(99)": 0
        },
        "checks": {
            "fails": 0,
            "passes": 1200,
            "value": 1
        },
        "vus": {
            "value": 20,
            "min": 20,
            "max": 20
        },
        "http_reqs": {
            "count": 1200,
            "rate": 39.31103506158424
        },
        "http_req_connecting": {
            "p(75)": 0,
            "p(90)": 0,
            "p(95)": 0,
            "p(99)": 0.7963,
            "avg": 0.01855516666666666,
            "min": 0,
            "max": 1.8203,
            "p(50)": 0
        },
        "http_req_waiting": {
            "p(90)": 10.6302,
            "p(95)": 13.0865,
            "p(99)": 33.770267999999994,
            "avg": 7.821775166666682,
            "min": 2.7423,
            "max": 66.1976,
            "p(50)": 6.3245000000000005,
            "p(75)": 8.538
        }
    },
    "root_group": {
        "name": "",
        "path": "",
        "id": "d41d8cd98f00b204e9800998ecf8427e",
        "groups": {},
        "checks": {
                "products list ok": {
                    "name": "products list ok",
                    "path": "::products list ok",
                    "id": "9510a9eed98727c4f6d467383c223a18",
                    "passes": 600,
                    "fails": 0
                },
                "product ok": {
                    "fails": 0,
                    "name": "product ok",
                    "path": "::product ok",
                    "id": "716e252b0c1f95f7b69e330791590bce",
                    "passes": 600
                }
            }
    }
}