{
    "root_group": {
        "path": "",
        "id": "d41d8cd98f00b204e9800998ecf8427e",
        "groups": {},
        "checks": {
                "products list ok": {
                    "name": "products list ok",
                    "path": "::products list ok",
                    "id": "9510a9eed98727c4f6d467383c223a18",
                    "passes": 8019,
                    "fails": 0
                },
                "product ok": {
                    "name": "product ok",
                    "path": "::product ok",
                    "id": "716e252b0c1f95f7b69e330791590bce",
                    "passes": 8019,
                    "fails": 0
                }
            },
        "name": ""
    },
    "metrics": {
        "data_received": {
            "count": 5051970,
            "rate": 33500.840808790505
        },
        "http_req_duration": {
            "max": 43.8304,
            "p(50)": 5.9700500000000005,
            "p(75)": 8.182224999999999,
            "p(90)": 9.926050000000002,
            "p(95)": 11.081579999999999,
            "p(99)": 13.6297,
            "avg": 6.463716591844339,
            "min": 1.0388
        },
        "http_req_sending": {
            "p(99)": 0.5579,
            "avg": 0.02334670158373858,
            "min": 0,
            "max": 10.0757,
            "p(50)": 0,
            "p(75)": 0,
            "p(90)": 0,
            "p(95)": 0
        },
        "http_req_failed": {
            "passes": 0,
            "fails": 16038,
            "thresholds": {
                "rate<0.05": false
            },
            "value": 0
        },
        "http_req_receiving": {
            "p(90)": 0.5066,
            "p(95)": 0.5302,
            "p(99)": 0.6522,
            "avg": 0.07874118967452291,
            "min": 0,
            "max": 6.3728,
            "p(50)": 0,
            "p(75)": 0
        },
        "iteration_duration": {
            "p(95)": 1022.5550800000001,
            "p(99)": 1029.243806,
            "avg": 1014.2435209627175,
            "min": 1005.0041,
            "max": 1069.2566,
            "p(50)": 1013.4956,
            "p(75)": 1016.60835,
            "p(90)": 1019.98316
        },
        "http_reqs": {
            "rate": 106.35187558346193,
            "count": 16038
        },
        "data_sent": {
            "count": 1467477,
            "rate": 9731.196615886767
        },
        "iterations": {
            "count": 8019,
            "rate": 53.175937791730966
        },
        "vus_max": {
            "value": 100,
            "min": 100,
            "max": 100
        },
        "http_req_connecting": {
            "avg": 0.00719817308891383,
            "min": 0,
            "max": 2.5444,
            "p(50)": 0,
            "p(75)": 0,
            "p(90)": 0,
            "p(95)": 0,
            "p(99)": 0
        },
        "checks": {
            "passes": 16038,
            "fails": 0,
            "value": 1
        },
        "http_req_duration{expected_response:true}": {
            "min": 1.0388,
            "max": 43.8304,
            "p(50)": 5.9700500000000005,
            "p(75)": 8.182224999999999,
            "p(90)": 9.926050000000002,
            "p(95)": 11.081579999999999,
            "p(99)": 13.6297,
            "avg": 6.463716591844339
        },
        "vus": {
            "value": 23,
            "min": 1,
            "max": 100
        },
        "http_req_tls_handshaking": {
            "p(90)": 0,
            "p(95)": 0,
            "p(99)": 0,
            "avg": 0,
            "min": 0,
            "max": 0,
            "p(50)": 0,
            "p(75)": 0
        },
        "http_req_blocked": {
            "p(99)": 0.5331639999999978,
            "avg": 0.01444450679635864,
            "min": 0,
            "max": 4.5155,
            "p(50)": 0,
            "p(75)": 0,
            "p(90)": 0,
            "p(95)": 0
        },
        "http_req_waiting": {
            "min": 1.0388,
            "max": 43.6394,
            "p(50)": 5.867050000000001,
            "p(75)": 8.06945,
            "p(90)": 9.78743,
            "p(95)": 10.915964999999998,
            "p(99)": 13.396738999999995,
            "avg": 6.361628700586085
        }
    }
}