{
    "root_group": {
        "name": "",
        "path": "",
        "id": "d41d8cd98f00b204e9800998ecf8427e",
        "groups": {},
        "checks": {
                "products list ok": {
                    "name": "products list ok",
                    "path": "::products list ok",
                    "id": "9510a9eed98727c4f6d467383c223a18",
                    "passes": 600,
                    "fails": 0
                },
                "product ok": {
                    "name": "product ok",
                    "path": "::product ok",
                    "id": "716e252b0c1f95f7b69e330791590bce",
                    "passes": 600,
                    "fails": 0
                }
            }
    },
    "metrics": {
        "vus": {
            "max": 20,
            "value": 20,
            "min": 20
        },
        "http_req_waiting": {
            "max": 40.3931,
            "p(50)": 6.631,
            "p(75)": 8.8721,
            "p(90)": 11.1704,
            "p(95)": 13.592329999999984,
            "p(99)": 32.261,
            "avg": 7.70770383333332,
            "min": 3.0325
        },
        "data_sent": {
            "rate": 3594.990174921319,
            "count": 109800
        },
        "http_req_connecting": {
            "p(95)": 0,
            "p(99)": 1.231,
            "avg": 0.023418416666666674,
            "min": 0,
            "max": 3.152,
            "p(50)": 0,
            "p(75)": 0,
            "p(90)": 0
        },
        "http_reqs": {
            "count": 1200,
            "rate": 39.28951010842972
        },
        "http_req_failed": {
            "passes": 0,
            "fails": 1200,
            "thresholds": {
                "rate<0.01": false
            },
            "value": 0
        },
        "http_req_tls_handshaking": {
            "p(75)": 0,
            "p(90)": 0,
            "p(95)": 0,
            "p(99)": 0,
            "avg": 0,
            "min": 0,
            "max": 0,
            "p(50)": 0
        },
        "http_req_blocked": {
            "avg": 0.2078778333333333,
            "min": 0,
            "max": 13.4753,
            "p(50)": 0,
            "p(75)": 0,
            "p(90)": 0,
            "p(95)": 0,
            "p(99)": 11.0467
        },
        "iterations": {
            "count": 600,
            "rate": 19.64475505421486
        },
        "http_req_duration": {
            "avg": 7.872472499999992,
            "min": 3.0325,
            "max": 40.3931,
            "p(50)": 6.8072,
            "p(75)": 9.112175,
            "p(90)": 11.43079,
            "p(95)": 14.0341,
            "p(99)": 32.262043
        },
        "http_req_receiving": {
            "p(95)": 0.5395549999999999,
            "p(99)": 1.0581449999999997,
            "avg": 0.1116515,
            "min": 0,
            "max": 6.4031,
            "p(50)": 0,
            "p(75)": 0,
            "p(90)": 0.5099
        },
        "data_received": {
            "count": 378000,
            "rate": 12376.195684155362
        },
        "http_req_sending": {
            "min": 0,
            "max": 4.013,
            "p(50)": 0,
            "p(75)": 0,
            "p(90)": 0,
            "p(95)": 0.5048,
            "p(99)": 1.0268,
            "avg": 0.05311716666666668
        },
        "iteration_duration": {
            "p(75)": 1018.02645,
            "p(90)": 1020.96714,
            "p(95)": 1023.302865,
            "p(99)": 1067.0325,
            "avg": 1017.9130226666658,
            "min": 1009.6757,
            "max": 1071.0892,
            "p(50)": 1016.2515000000001
        },
        "checks": {
            "passes": 1200,
            "fails": 0,
            "value": 1
        },
        "vus_max": {
            "value": 20,
            "min": 20,
            "max": 20
        },
        "http_req_duration{expected_response:true}": {
            "avg": 7.872472499999992,
            "min": 3.0325,
            "max": 40.3931,
            "p(50)": 6.8072,
            "p(75)": 9.112175,
            "p(90)": 11.43079,
            "p(95)": 14.0341,
            "p(99)": 32.262043
        }
    }
}