{
    "root_group": {
        "name": "",
        "path": "",
        "id": "d41d8cd98f00b204e9800998ecf8427e",
        "groups": {},
        "checks": {
                "products list ok": {
                    "name": "products list ok",
                    "path": "::products list ok",
                    "id": "9510a9eed98727c4f6d467383c223a18",
                    "passes": 580,
                    "fails": 0
                },
                "product ok": {
                    "path": "::product ok",
                    "id": "716e252b0c1f95f7b69e330791590bce",
                    "passes": 580,
                    "fails": 0,
                    "name": "product ok"
                }
            }
    },
    "metrics": {
        "http_req_waiting": {
            "p(95)": 55.4565,
            "p(99)": 83.35667500000002,
            "avg": 21.432342586206914,
            "min": 3.611,
            "max": 109.989,
            "p(50)": 15.5185,
            "p(75)": 27.19635,
            "p(90)": 43.53630000000001
        },
        "checks": {
            "passes": 1160,
            "fails": 0,
            "value": 1
        },
        "http_req_sending": {
            "avg": 0.055670172413793115,
            "min": 0,
            "max": 9.4041,
            "p(50)": 0,
            "p(75)": 0,
            "p(90)": 0,
            "p(95)": 0,
            "p(99)": 1.5176710000000002
        },
        "data_received": {
            "count": 365400,
            "rate": 11979.687014513676
        },
        "http_req_failed": {
            "passes": 0,
            "fails": 1160,
            "thresholds": {
                "rate<0.01": false
            },
            "value": 0
        },
        "http_req_receiving": {
            "p(50)": 0,
            "p(75)": 0,
            "p(90)": 0.5109,
            "p(95)": 0.9961499999999999,
            "p(99)": 2.1025650000000002,
            "avg": 0.13404422413793102,
            "min": 0,
            "max": 6.9759
        },
        "http_req_tls_handshaking": {
            "max": 0,
            "p(50)": 0,
            "p(75)": 0,
            "p(90)": 0,
            "p(95)": 0,
            "p(99)": 0,
            "avg": 0,
            "min": 0
        },
        "iterations": {
            "count": 580,
            "rate": 19.015376213513772
        },
        "http_req_duration{expected_response:true}": {
            "max": 109.989,
            "p(50)": 16.0103,
            "p(75)": 27.7152,
            "p(90)": 43.62242000000002,
            "p(95)": 55.6511,
            "p(99)": 83.73218700000004,
            "avg": 21.622056982758608,
            "min": 3.611
        },
        "vus": {
            "value": 20,
            "min": 20,
            "max": 20
        },
        "data_sent": {
            "count": 106140,
            "rate": 3479.81384707302
        },
        "http_req_duration": {
            "max": 109.989,
            "p(50)": 16.0103,
            "p(75)": 27.7152,
            "p(90)": 43.62242000000002,
            "p(95)": 55.6511,
            "p(99)": 83.73218700000004,
            "avg": 21.622056982758608,
            "min": 3.611
        },
        "http_reqs": {
            "count": 1160,
            "rate": 38.030752427027544
        },
        "iteration_duration": {
            "p(75)": 1053.867375,
            "p(90)": 1093.88826,
            "p(95)": 1110.7775,
            "p(99)": 1158.874911,
            "avg": 1047.822420517242,
            "min": 1009.2677,
            "max": 1170.886,
            "p(50)": 1039.5387
        },
        "http_req_blocked": {
            "p(95)": 0,
            "p(99)": 24.9625,
            "avg": 0.5347418103448275,
            "min": 0,
            "max": 43.1471,
            "p(50)": 0,
            "p(75)": 0,
            "p(90)": 0
        },
        "vus_max": {
            "value": 20,
            "min": 20,
            "max": 20
        },
        "http_req_connecting": {
            "p(50)": 0,
            "p(75)": 0,
            "p(90)": 0,
            "p(95)": 0,
            "p(99)": 6.684775000000016,
            "avg": 0.18975215517241378,
            "min": 0,
            "max": 21.6673
        }
    }
}