{
    "root_group": {
        "name": "",
        "path": "",
        "id": "d41d8cd98f00b204e9800998ecf8427e",
        "groups": {},
        "checks": {
                "products list ok": {
                    "name": "products list ok",
                    "path": "::products list ok",
                    "id": "9510a9eed98727c4f6d467383c223a18",
                    "passes": 8039,
                    "fails": 0
                },
                "product ok": {
                    "path": "::product ok",
                    "id": "716e252b0c1f95f7b69e330791590bce",
                    "passes": 8039,
                    "fails": 0,
                    "name": "product ok"
                }
            }
    },
    "metrics": {
        "vus": {
            "value": 23,
            "min": 1,
            "max": 100
        },
        "iterations": {
            "count": 8039,
            "rate": 53.27887166497352
        },
        "http_req_blocked": {
            "p(75)": 0,
            "p(90)": 0,
            "p(95)": 0,
            "p(99)": 0.517023,
            "avg": 0.013079226271924368,
            "min": 0,
            "max": 6.0255,
            "p(50)": 0
        },
        "http_req_tls_handshaking": {
            "p(99)": 0,
            "avg": 0,
            "min": 0,
            "max": 0,
            "p(50)": 0,
            "p(75)": 0,
            "p(90)": 0,
            "p(95)": 0
        },
        "http_req_receiving": {
            "p(99)": 0.6461139999999993,
            "avg": 0.08050164821495212,
            "min": 0,
            "max": 16.7231,
            "p(50)": 0,
            "p(75)": 0,
            "p(90)": 0.5067,
            "p(95)": 0.5263
        },
        "http_req_connecting": {
            "max": 3.0484,
            "p(50)": 0,
            "p(75)": 0,
            "p(90)": 0,
            "p(95)": 0,
            "p(99)": 0,
            "avg": 0.006213608657793256,
            "min": 0
        },
        "data_sent": {
            "count": 1471137,
            "rate": 9750.033514690154
        },
        "http_req_duration{expected_response:true}": {
            "avg": 5.412522670730177,
            "min": 1.7451,
            "max": 71.2959,
            "p(50)": 4.80855,
            "p(75)": 6.5407,
            "p(90)": 8.5708,
            "p(95)": 9.673580000000001,
            "p(99)": 12.8178
        },
        "http_req_failed": {
            "passes": 0,
            "fails": 16078,
            "thresholds": {
                "rate<0.05": false
            },
            "value": 0
        },
        "http_req_duration": {
            "p(50)": 4.80855,
            "p(75)": 6.5407,
            "p(90)": 8.5708,
            "p(95)": 9.673580000000001,
            "p(99)": 12.8178,
            "avg": 5.412522670730177,
            "min": 1.7451,
            "max": 71.2959
        },
        "vus_max": {
            "value": 100,
            "min": 100,
            "max": 100
        },
        "http_reqs": {
            "count": 16078,
            "rate": 106.55774332994704
        },
        "iteration_duration": {
            "min": 1005.2771,
            "max": 1078.5487,
            "p(50)": 1011.3911,
            "p(75)": 1014.28175,
            "p(90)": 1017.2434,
            "p(95)": 1019.26739,
            "p(99)": 1027.314054,
            "avg": 1012.1084582908402
        },
        "http_req_waiting": {
            "p(99)": 12.5454,
            "avg": 5.311890452792632,
            "min": 1.3341,
            "max": 71.2959,
            "p(50)": 4.7258,
            "p(75)": 6.429525,
            "p(90)": 8.452140000000002,
            "p(95)": 9.567624999999998
        },
        "data_received": {
            "count": 5064570,
            "rate": 33565.68914893332
        },
        "http_req_sending": {
            "p(99)": 0.5331689999999999,
            "avg": 0.02013056972260232,
            "min": 0,
            "max": 11.8029,
            "p(50)": 0,
            "p(75)": 0,
            "p(90)": 0,
            "p(95)": 0
        },
        "checks": {
            "passes": 16078,
            "fails": 0,
            "value": 1
        }
    }
}