{
    "root_group": {
        "name": "",
        "path": "",
        "id": "d41d8cd98f00b204e9800998ecf8427e",
        "groups": {},
        "checks": {
                "products list ok": {
                    "name": "products list ok",
                    "path": "::products list ok",
                    "id": "9510a9eed98727c4f6d467383c223a18",
                    "passes": 600,
                    "fails": 0
                },
                "product ok": {
                    "fails": 0,
                    "name": "product ok",
                    "path": "::product ok",
                    "id": "716e252b0c1f95f7b69e330791590bce",
                    "passes": 600
                }
            }
    },
    "metrics": {
        "http_req_tls_handshaking": {
            "avg": 0,
            "min": 0,
            "max": 0,
            "p(50)": 0,
            "p(75)": 0,
            "p(90)": 0,
            "p(95)": 0,
            "p(99)": 0
        },
        "iterations": {
            "count": 600,
            "rate": 19.627118635418558
        },
        "vus_max": {
            "min": 20,
            "max": 20,
            "value": 20
        },
        "http_req_connecting": {
            "max": 3.0585,
            "p(50)": 0,
            "p(75)": 0,
            "p(90)": 0,
            "p(95)": 0,
            "p(99)": 0.6922449999999954,
            "avg": 0.018582166666666674,
            "min": 0
        },
        "http_req_receiving": {
            "p(99)": 1.515739,
            "avg": 0.10861458333333332,
            "min": 0,
            "max": 3.7599,
            "p(50)": 0,
            "p(75)": 0,
            "p(90)": 0.506,
            "p(95)": 0.5323399999999999
        },
        "http_req_blocked": {
            "min": 0,
            "max": 9.3487,
            "p(50)": 0,
            "p(75)": 0,
            "p(90)": 0,
            "p(95)": 0,
            "p(99)": 7.4819,
            "avg": 0.13879658333333336
        },
        "data_sent": {
            "rate": 3591.7627102815964,
            "count": 109800
        },
        "iteration_duration": {
            "p(50)": 1017.0351,
            "p(75)": 1019.3323250000001,
            "p(90)": 1022.6750499999999,
            "p(95)": 1025.86588,
            "p(99)": 1064.4643,
            "avg": 1018.7990791666668,
            "min": 1009.64,
            "max": 1070.0289
        },
        "http_req_waiting": {
            "avg": 7.988366250000013,
            "min": 1.387,
            "max": 53.7508,
            "p(50)": 6.845549999999999,
            "p(75)": 9.37185,
            "p(90)": 11.3951,
            "p(95)": 13.35955499999999,
            "p(99)": 31.7676
        },
        "data_received": {
            "count": 378000,
            "rate": 12365.084740313692
        },
        "http_req_failed": {
            "fails": 1200,
            "passes": 0,
            "thresholds": {
                "rate<0.01": false
            },
            "value": 0
        },
        "http_req_duration{expected_response:true}": {
            "p(90)": 11.5638,
            "p(95)": 13.7006,
            "p(99)": 31.7676,
            "avg": 8.13595916666668,
            "min": 1.387,
            "max": 54.2984,
            "p(50)": 6.998049999999999,
            "p(75)": 9.4719
        },
        "vus": {
            "value": 20,
            "min": 20,
            "max": 20
        },
        "http_req_duration": {
            "max": 54.2984,
            "p(50)": 6.998049999999999,
            "p(75)": 9.4719,
            "p(90)": 11.5638,
            "p(95)": 13.7006,
            "p(99)": 31.7676,
            "avg": 8.13595916666668,
            "min": 1.387
        },
        "http_reqs": {
            "count": 1200,
            "rate": 39.254237270837116
        },
        "checks": {
            "passes": 1200,
            "fails": 0,
            "value": 1
        },
        "http_req_sending": {
            "max": 3.5577,
            "p(50)": 0,
            "p(75)": 0,
            "p(90)": 0,
            "p(95)": 0.16661499999999826,
            "p(99)": 1.011801,
            "avg": 0.038978333333333344,
            "min": 0
        }
    }
}