{
    "metrics": {
        "iterations": {
            "count": 300,
            "rate": 9.71277127308809
        },
        "http_req_connecting": {
            "avg": 0.007068666666666667,
            "min": 0,
            "max": 1.0603,
            "p(50)": 0,
            "p(75)": 0,
            "p(90)": 0,
            "p(95)": 0,
            "p(99)": 0
        },
        "vus_max": {
            "min": 10,
            "max": 10,
            "value": 10
        },
        "data_sent": {
            "rate": 28885.781766163982,
            "count": 892200
        },
        "http_req_sending": {
            "p(75)": 0,
            "p(90)": 0,
            "p(95)": 0.504935,
            "p(99)": 1.002319,
            "avg": 0.04653039999999998,
            "min": 0,
            "max": 3.4562,
            "p(50)": 0
        },
        "vus": {
            "value": 10,
            "min": 10,
            "max": 10
        },
        "http_req_receiving": {
            "avg": 0.07437340000000003,
            "min": 0,
            "max": 5.3197,
            "p(50)": 0,
            "p(75)": 0,
            "p(90)": 0.5039,
            "p(95)": 0.51292,
            "p(99)": 0.7551059999999998
        },
        "data_received": {
            "count": 600600,
            "rate": 19444.96808872236
        },
        "checks": {
            "passes": 1500,
            "fails": 0,
            "value": 1
        },
        "http_req_failed": {
            "passes": 0,
            "fails": 1500,
            "thresholds": {
                "rate<0.02": false
            },
            "value": 0
        },
        "http_req_duration": {
            "min": 1.2561,
            "max": 66.2919,
            "p(50)": 3.9472,
            "p(75)": 5.4051,
            "p(90)": 8.0029,
            "p(95)": 9.42097,
            "p(99)": 30.733,
            "avg": 5.190203000000002
        },
        "http_req_duration{expected_response:true}": {
            "p(75)": 5.4051,
            "p(90)": 8.0029,
            "p(95)": 9.42097,
            "p(99)": 30.733,
            "avg": 5.190203000000002,
            "min": 1.2561,
            "max": 66.2919,
            "p(50)": 3.9472
        },
        "http_req_waiting": {
            "max": 66.2919,
            "p(50)": 3.8725,
            "p(75)": 5.291,
            "p(90)": 7.836380000000006,
            "p(95)": 9.1786,
            "p(99)": 30.733,
            "avg": 5.069299199999998,
            "min": 1.1005
        },
        "http_req_blocked": {
            "avg": 0.07506313333333331,
            "min": 0,
            "max": 10.1121,
            "p(50)": 0,
            "p(75)": 0,
            "p(90)": 0,
            "p(95)": 0,
            "p(99)": 0.5160879999999999
        },
        "iteration_duration": {
            "p(50)": 1023.9349,
            "p(75)": 1028.8066,
            "p(90)": 1032.4672,
            "p(95)": 1036.61661,
            "p(99)": 1170.3555,
            "avg": 1029.4029030000008,
            "min": 1017.0949,
            "max": 1170.3555
        },
        "http_reqs": {
            "count": 1500,
            "rate": 48.56385636544045
        },
        "http_req_tls_handshaking": {
            "avg": 0,
            "min": 0,
            "max": 0,
            "p(50)": 0,
            "p(75)": 0,
            "p(90)": 0,
            "p(95)": 0,
            "p(99)": 0
        }
    },
    "root_group": {
        "path": "",
        "id": "d41d8cd98f00b204e9800998ecf8427e",
        "groups": {},
        "checks": {
                "login ok": {
                    "name": "login ok",
                    "path": "::login ok",
                    "id": "0ddcda49e3a8b9d6d2e015dafbaafe65",
                    "passes": 300,
                    "fails": 0
                },
                "cart add ok": {
                    "path": "::cart add ok",
                    "id": "3476b21dcb095c2f01deccc20115d127",
                    "passes": 300,
                    "fails": 0,
                    "name": "cart add ok"
                },
                "cart get ok": {
                    "fails": 0,
                    "name": "cart get ok",
                    "path": "::cart get ok",
                    "id": "9d960ca6baf25ee48d3f3c991473fca0",
                    "passes": 300
                },
                "cart update ok": {
                    "path": "::cart update ok",
                    "id": "07ee78e8bcccf32bc9963f8d3c17eecf",
                    "passes": 300,
                    "fails": 0,
                    "name": "cart update ok"
                },
                "cart remove ok": {
                    "name": "cart remove ok",
                    "path": "::cart remove ok",
                    "id": "31001ad0f6cf28a008d3b28f557b05a9",
                    "passes": 300,
                    "fails": 0
                }
            },
        "name": ""
    }
}