{
    "root_group": {
        "checks": {
            "products list ok": {
                "passes": 8019,
                "fails": 0,
                "name": "products list ok",
                "path": "::products list ok",
                "id": "9510a9eed98727c4f6d467383c223a18"
            },
            "product ok": {
                "path": "::product ok",
                "id": "716e252b0c1f95f7b69e330791590bce",
                "passes": 8019,
                "fails": 0,
                "name": "product ok"
            }
        },
        "name": "",
        "path": "",
        "id": "d41d8cd98f00b204e9800998ecf8427e",
        "groups": {}
    },
    "metrics": {
        "http_req_tls_handshaking": {
            "avg": 0,
            "min": 0,
            "max": 0,
            "p(50)": 0,
            "p(75)": 0,
            "p(90)": 0,
            "p(95)": 0,
            "p(99)": 0
        },
        "data_received": {
            "count": 5051970,
            "rate": 33473.72632347766
        },
        "http_req_failed": {
            "passes": 0,
            "fails": 16038,
            "thresholds": {
                "rate<0.05": false
            },
            "value": 0
        },
        "http_req_blocked": {
            "p(95)": 0,
            "p(99)": 0.5560339999999985,
            "avg": 0.018880658436213997,
            "min": 0,
            "max": 13.3459,
            "p(50)": 0,
            "p(75)": 0,
            "p(90)": 0
        },
        "http_req_duration": {
            "avg": 6.844684106497074,
            "min": 1.6361,
            "max": 41.1906,
            "p(50)": 6.4267,
            "p(75)": 8.72555,
            "p(90)": 10.4704,
            "p(95)": 11.56254,
            "p(99)": 14.274950999999986
        },
        "http_reqs": {
            "count": 16038,
            "rate": 106.26579785231004
        },
        "data_sent": {
            "count": 1467477,
            "rate": 9723.32050348637
        },
        "iterations": {
            "count": 8019,
            "rate": 53.13289892615502
        },
        "http_req_connecting": {
            "avg": 0.008284792368125703,
            "min": 0,
            "max": 4.2021,
            "p(50)": 0,
            "p(75)": 0,
            "p(90)": 0,
            "p(95)": 0,
            "p(99)": 0
        },
        "http_req_duration{expected_response:true}": {
            "min": 1.6361,
            "max": 41.1906,
            "p(50)": 6.4267,
            "p(75)": 8.72555,
            "p(90)": 10.4704,
            "p(95)": 11.56254,
            "p(99)": 14.274950999999986,
            "avg": 6.844684106497074
        },
        "http_req_waiting": {
            "p(90)": 10.353340000000003,
            "p(95)": 11.414055,
            "p(99)": 14.12140199999999,
            "avg": 6.742518930041145,
            "min": 1.5782,
            "max": 41.1906,
            "p(50)": 6.3437,
            "p(75)": 8.614474999999999
        },
        "vus": {
            "min": 1,
            "max": 100,
            "value": 22
        },
        "http_req_sending": {
            "p(95)": 0,
            "p(99)": 0.6248519999999997,
            "avg": 0.02680934031674773,
            "min": 0,
            "max": 12.4814,
            "p(50)": 0,
            "p(75)": 0,
            "p(90)": 0
        },
        "http_req_receiving": {
            "p(99)": 0.6667719999999965,
            "avg": 0.07535583613916923,
            "min": 0,
            "max": 6.9828,
            "p(50)": 0,
            "p(75)": 0,
            "p(90)": 0.5055,
            "p(95)": 0.524515
        },
        "checks": {
            "passes": 16038,
            "fails": 0,
            "value": 1
        },
        "vus_max": {
            "value": 100,
            "min": 100,
            "max": 100
        },
        "iteration_duration": {
            "avg": 1015.1201033420606,
            "min": 1005.2908,
            "max": 1055.5581,
            "p(50)": 1014.544,
            "p(75)": 1017.6122,
            "p(90)": 1020.8609,
            "p(95)": 1023.38597,
            "p(99)": 1029.352976
        }
    }
}