{
    "metrics": {
        "data_received": {
            "count": 378000,
            "rate": 12367.239240833944
        },
        "http_req_failed": {
            "fails": 1200,
            "passes": 0,
            "thresholds": {
                "rate<0.01": false
            },
            "value": 0
        },
        "http_req_duration{expected_response:true}": {
            "p(95)": 12.951184999999999,
            "p(99)": 35.6158,
            "avg": 8.059997916666656,
            "min": 2.5968,
            "max": 41.726,
            "p(50)": 6.8635,
            "p(75)": 9.3798,
            "p(90)": 11.242790000000005
        },
        "http_req_receiving": {
            "p(50)": 0,
            "p(75)": 0,
            "p(90)": 0.5162700000000002,
            "p(95)": 0.54916,
            "p(99)": 1.1781,
            "avg": 0.11179050000000001,
            "min": 0,
            "max": 3.5252
        },
        "data_sent": {
            "count": 109800,
            "rate": 3592.388541385098
        },
        "http_req_blocked": {
            "max": 9.2981,
            "p(50)": 0,
            "p(75)": 0,
            "p(90)": 0,
            "p(95)": 0,
            "p(99)": 8.668384999999999,
            "avg": 0.15457875,
            "min": 0
        },
        "checks": {
            "passes": 1200,
            "fails": 0,
            "value": 1
        },
        "http_req_connecting": {
            "p(50)": 0,
            "p(75)": 0,
            "p(90)": 0,
            "p(95)": 0,
            "p(99)": 0.5928539999999954,
            "avg": 0.01729933333333333,
            "min": 0,
            "max": 1.6211
        },
        "http_req_sending": {
            "min": 0,
            "max": 2.905,
            "p(50)": 0,
            "p(75)": 0,
            "p(90)": 0,
            "p(95)": 0.09911999999999971,
            "p(99)": 0.8244919999999998,
            "avg": 0.033189833333333335
        },
        "iterations": {
            "count": 600,
            "rate": 19.630538477514197
        },
        "vus_max": {
            "value": 20,
            "min": 20,
            "max": 20
        },
        "vus": {
            "min": 20,
            "max": 20,
            "value": 20
        },
        "http_req_duration": {
            "max": 41.726,
            "p(50)": 6.8635,
            "p(75)": 9.3798,
            "p(90)": 11.242790000000005,
            "p(95)": 12.951184999999999,
            "p(99)": 35.6158,
            "avg": 8.059997916666656,
            "min": 2.5968
        },
        "iteration_duration": {
            "min": 1010.2661,
            "max": 1070.7237,
            "p(50)": 1016.3986500000001,
            "p(75)": 1019.377475,
            "p(90)": 1022.8632799999999,
            "p(95)": 1025.353395,
            "p(99)": 1068.8098,
            "avg": 1018.6689910000022
        },
        "http_req_tls_handshaking": {
            "p(99)": 0,
            "avg": 0,
            "min": 0,
            "max": 0,
            "p(50)": 0,
            "p(75)": 0,
            "p(90)": 0,
            "p(95)": 0
        },
        "http_reqs": {
            "count": 1200,
            "rate": 39.26107695502839
        },
        "http_req_waiting": {
            "min": 2.5663,
            "max": 41.2206,
            "p(50)": 6.6404,
            "p(75)": 9.326625,
            "p(90)": 11.0135,
            "p(95)": 12.817279999999998,
            "p(99)": 34.5885,
            "avg": 7.915017583333323
        }
    },
    "root_group": {
        "checks": {
            "products list ok": {
                "path": "::products list ok",
                "id": "9510a9eed98727c4f6d467383c223a18",
                "passes": 600,
                "fails": 0,
                "name": "products list ok"
            },
            "product ok": {
                "id": "716e252b0c1f95f7b69e330791590bce",
                "passes": 600,
                "fails": 0,
                "name": "product ok",
                "path": "::product ok"
            }
        },
        "name": "",
        "path": "",
        "id": "d41d8cd98f00b204e9800998ecf8427e",
        "groups": {}
    }
}