{
    "root_group": {
        "name": "",
        "path": "",
        "id": "d41d8cd98f00b204e9800998ecf8427e",
        "groups": {},
        "checks": {
                "products list ok": {
                    "name": "products list ok",
                    "path": "::products list ok",
                    "id": "9510a9eed98727c4f6d467383c223a18",
                    "passes": 600,
                    "fails": 0
                },
                "product ok": {
                    "name": "product ok",
                    "path": "::product ok",
                    "id": "716e252b0c1f95f7b69e330791590bce",
                    "passes": 600,
                    "fails": 0
                }
            }
    },
    "metrics": {
        "http_req_sending": {
            "p(99)": 1.0149729999999995,
            "avg": 0.05012866666666667,
            "min": 0,
            "max": 4.3739,
            "p(50)": 0,
            "p(75)": 0,
            "p(90)": 0,
            "p(95)": 0.2535999999999998
        },
        "data_received": {
            "count": 378000,
            "rate": 12380.871410864396
        },
        "checks": {
            "passes": 1200,
            "fails": 0,
            "value": 1
        },
        "http_req_receiving": {
            "p(75)": 0,
            "p(90)": 0.5063,
            "p(95)": 0.529735,
            "p(99)": 1.014923999999999,
            "avg": 0.09421524999999992,
            "min": 0,
            "max": 4.0736,
            "p(50)": 0
        },
        "iteration_duration": {
            "p(99)": 1064.427737,
            "avg": 1017.4495623333315,
            "min": 1008.5444,
            "max": 1066.8165,
            "p(50)": 1015.6209,
            "p(75)": 1017.634525,
            "p(90)": 1019.98167,
            "p(95)": 1022.71034
        },
        "iterations": {
            "count": 600,
            "rate": 19.652176842641897
        },
        "http_req_duration": {
            "p(50)": 6.8126,
            "p(75)": 9.2512,
            "p(90)": 11.068470000000003,
            "p(95)": 13.032105,
            "p(99)": 32.243,
            "avg": 7.848690166666668,
            "min": 2.6341,
            "max": 38.4196
        },
        "http_req_failed": {
            "passes": 0,
            "fails": 1200,
            "thresholds": {
                "rate<0.01": false
            },
            "value": 0
        },
        "http_req_tls_handshaking": {
            "p(99)": 0,
            "avg": 0,
            "min": 0,
            "max": 0,
            "p(50)": 0,
            "p(75)": 0,
            "p(90)": 0,
            "p(95)": 0
        },
        "vus": {
            "value": 20,
            "min": 20,
            "max": 20
        },
        "data_sent": {
            "count": 109800,
            "rate": 3596.3483622034673
        },
        "http_req_duration{expected_response:true}": {
            "avg": 7.848690166666668,
            "min": 2.6341,
            "max": 38.4196,
            "p(50)": 6.8126,
            "p(75)": 9.2512,
            "p(90)": 11.068470000000003,
            "p(95)": 13.032105,
            "p(99)": 32.243
        },
        "http_req_blocked": {
            "min": 0,
            "max": 10.6822,
            "p(50)": 0,
            "p(75)": 0,
            "p(90)": 0,
            "p(95)": 0,
            "p(99)": 10.0871,
            "avg": 0.17950091666666662
        },
        "http_reqs": {
            "count": 1200,
            "rate": 39.30435368528379
        },
        "http_req_connecting": {
            "p(95)": 0,
            "p(99)": 1.0777,
            "avg": 0.016215166666666662,
            "min": 0,
            "max": 1.197,
            "p(50)": 0,
            "p(75)": 0,
            "p(90)": 0
        },
        "http_req_waiting": {
            "avg": 7.704346250000007,
            "min": 2.6341,
            "max": 38.4196,
            "p(50)": 6.6849,
            "p(75)": 9.1989,
            "p(90)": 10.962910000000006,
            "p(95)": 12.665634999999995,
            "p(99)": 32.1237
        },
        "vus_max": {
            "value": 20,
            "min": 20,
            "max": 20
        }
    }
}