{
    "root_group": {
        "name": "",
        "path": "",
        "id": "d41d8cd98f00b204e9800998ecf8427e",
        "groups": {},
        "checks": {
                "products list ok": {
                    "name": "products list ok",
                    "path": "::products list ok",
                    "id": "9510a9eed98727c4f6d467383c223a18",
                    "passes": 600,
                    "fails": 0
                },
                "product ok": {
                    "path": "::product ok",
                    "id": "716e252b0c1f95f7b69e330791590bce",
                    "passes": 600,
                    "fails": 0,
                    "name": "product ok"
                }
            }
    },
    "metrics": {
        "http_req_blocked": {
            "p(75)": 0,
            "p(90)": 0,
            "p(95)": 0,
            "p(99)": 9.4571,
            "avg": 0.16723116666666665,
            "min": 0,
            "max": 9.9688,
            "p(50)": 0
        },
        "http_req_connecting": {
            "avg": 0.016850416666666666,
            "min": 0,
            "max": 1.9059,
            "p(50)": 0,
            "p(75)": 0,
            "p(90)": 0,
            "p(95)": 0,
            "p(99)": 0.8266
        },
        "http_req_receiving": {
            "avg": 0.07775091666666666,
            "min": 0,
            "max": 1.8268,
            "p(50)": 0,
            "p(75)": 0,
            "p(90)": 0.5073,
            "p(95)": 0.52062,
            "p(99)": 0.986818
        },
        "http_req_failed": {
            "passes": 0,
            "fails": 1200,
            "thresholds": {
                "rate<0.01": false
            },
            "value": 0
        },
        "http_req_tls_handshaking": {
            "min": 0,
            "max": 0,
            "p(50)": 0,
            "p(75)": 0,
            "p(90)": 0,
            "p(95)": 0,
            "p(99)": 0,
            "avg": 0
        },
        "checks": {
            "passes": 1200,
            "fails": 0,
            "value": 1
        },
        "iteration_duration": {
            "p(99)": 1093.9504,
            "avg": 1019.2446905000004,
            "min": 1007.1147,
            "max": 1095.6095,
            "p(50)": 1014.46685,
            "p(75)": 1016.5535,
            "p(90)": 1029.45101,
            "p(95)": 1068.1765
        },
        "iterations": {
            "count": 600,
            "rate": 19.613959872427145
        },
        "vus_max": {
            "min": 20,
            "max": 20,
            "value": 20
        },
        "http_req_duration": {
            "p(90)": 10.1188,
            "p(95)": 13.23394,
            "p(99)": 40.9542,
            "avg": 7.534214250000019,
            "min": 2.1918,
            "max": 52.9732,
            "p(50)": 6.1272,
            "p(75)": 8.33765
        },
        "http_req_duration{expected_response:true}": {
            "p(50)": 6.1272,
            "p(75)": 8.33765,
            "p(90)": 10.1188,
            "p(95)": 13.23394,
            "p(99)": 40.9542,
            "avg": 7.534214250000019,
            "min": 2.1918,
            "max": 52.9732
        },
        "vus": {
            "value": 20,
            "min": 20,
            "max": 20
        },
        "http_req_sending": {
            "p(99)": 0.6658829999999997,
            "avg": 0.02081275,
            "min": 0,
            "max": 1.5253,
            "p(50)": 0,
            "p(75)": 0,
            "p(90)": 0,
            "p(95)": 0
        },
        "http_req_waiting": {
            "p(50)": 6.094049999999999,
            "p(75)": 8.23305,
            "p(90)": 10.0934,
            "p(95)": 13.23394,
            "p(99)": 40.422717,
            "avg": 7.4356505833333495,
            "min": 2.1918,
            "max": 52.9732
        },
        "data_received": {
            "count": 378000,
            "rate": 12356.7947196291
        },
        "data_sent": {
            "count": 109800,
            "rate": 3589.3546566541672
        },
        "http_reqs": {
            "count": 1200,
            "rate": 39.22791974485429
        }
    }
}