{
    "root_group": {
        "id": "d41d8cd98f00b204e9800998ecf8427e",
        "groups": {},
        "checks": {
                "products list ok": {
                    "name": "products list ok",
                    "path": "::products list ok",
                    "id": "9510a9eed98727c4f6d467383c223a18",
                    "passes": 8023,
                    "fails": 0
                },
                "product ok": {
                    "name": "product ok",
                    "path": "::product ok",
                    "id": "716e252b0c1f95f7b69e330791590bce",
                    "passes": 8023,
                    "fails": 0
                }
            },
        "name": "",
        "path": ""
    },
    "metrics": {
        "http_req_sending": {
            "p(75)": 0,
            "p(90)": 0,
            "p(95)": 0,
            "p(99)": 0.5622499999999993,
            "avg": 0.021641748722423016,
            "min": 0,
            "max": 3.2109,
            "p(50)": 0
        },
        "http_req_duration{expected_response:true}": {
            "p(75)": 8.4133,
            "p(90)": 10.246,
            "p(95)": 11.310925000000001,
            "p(99)": 13.763369999999998,
            "avg": 6.545153508662617,
            "min": 1.4075,
            "max": 57.8503,
            "p(50)": 6.06815
        },
        "http_req_blocked": {
            "p(99)": 0.5274299999999995,
            "avg": 0.012880674311354857,
            "min": 0,
            "max": 3.0016,
            "p(50)": 0,
            "p(75)": 0,
            "p(90)": 0,
            "p(95)": 0
        },
        "vus_max": {
            "max": 100,
            "value": 100,
            "min": 100
        },
        "http_reqs": {
            "count": 16046,
            "rate": 106.38732104576528
        },
        "http_req_tls_handshaking": {
            "min": 0,
            "max": 0,
            "p(50)": 0,
            "p(75)": 0,
            "p(90)": 0,
            "p(95)": 0,
            "p(99)": 0,
            "avg": 0
        },
        "http_req_connecting": {
            "max": 2.3469,
            "p(50)": 0,
            "p(75)": 0,
            "p(90)": 0,
            "p(95)": 0,
            "p(99)": 0,
            "avg": 0.006019437866134862,
            "min": 0
        },
        "http_req_waiting": {
            "min": 1.4075,
            "max": 57.8503,
            "p(50)": 5.9503,
            "p(75)": 8.29945,
            "p(90)": 10.1116,
            "p(95)": 11.1739,
            "p(99)": 13.6055,
            "avg": 6.452200018696256
        },
        "vus": {
            "value": 23,
            "min": 1,
            "max": 100
        },
        "http_req_duration": {
            "p(99)": 13.763369999999998,
            "avg": 6.545153508662617,
            "min": 1.4075,
            "max": 57.8503,
            "p(50)": 6.06815,
            "p(75)": 8.4133,
            "p(90)": 10.246,
            "p(95)": 11.310925000000001
        },
        "http_req_receiving": {
            "min": 0,
            "max": 2.0116,
            "p(50)": 0,
            "p(75)": 0,
            "p(90)": 0.5045,
            "p(95)": 0.5296749999999999,
            "p(99)": 0.6492949999999978,
            "avg": 0.07131174124392388
        },
        "data_sent": {
            "count": 1468209,
            "rate": 9734.439875687523
        },
        "http_req_failed": {
            "fails": 16046,
            "passes": 0,
            "thresholds": {
                "rate<0.05": false
            },
            "value": 0
        },
        "checks": {
            "passes": 16046,
            "fails": 0,
            "value": 1
        },
        "iterations": {
            "count": 8023,
            "rate": 53.19366052288264
        },
        "iteration_duration": {
            "p(90)": 1020.2402,
            "p(95)": 1022.41336,
            "p(99)": 1026.721934,
            "avg": 1014.0559784743865,
            "min": 1004.5192,
            "max": 1072.1111,
            "p(50)": 1013.3678,
            "p(75)": 1016.38105
        },
        "data_received": {
            "count": 5054490,
            "rate": 33512.00612941606
        }
    }
}