{
    "metrics": {
        "vus_max": {
            "value": 100,
            "min": 100,
            "max": 100
        },
        "http_req_receiving": {
            "p(75)": 0,
            "p(90)": 0.5045,
            "p(95)": 0.5223,
            "p(99)": 0.6295389999999997,
            "avg": 0.07194900323947162,
            "min": 0,
            "max": 7.655,
            "p(50)": 0
        },
        "http_req_failed": {
            "fails": 16052,
            "passes": 0,
            "thresholds": {
                "rate<0.05": false
            },
            "value": 0
        },
        "checks": {
            "passes": 16052,
            "fails": 0,
            "value": 1
        },
        "http_req_duration": {
            "p(75)": 7.3587,
            "p(90)": 9.22859,
            "p(95)": 10.352014999999994,
            "p(99)": 12.959843999999999,
            "avg": 5.919312179167667,
            "min": 1.0346,
            "max": 37.1022,
            "p(50)": 5.3299
        },
        "vus": {
            "value": 23,
            "min": 1,
            "max": 100
        },
        "iteration_duration": {
            "avg": 1012.8971796536284,
            "min": 1004.9015,
            "max": 1044.0982,
            "p(50)": 1012.49375,
            "p(75)": 1015.11855,
            "p(90)": 1018.0544,
            "p(95)": 1020.276,
            "p(99)": 1024.7056
        },
        "http_req_connecting": {
            "p(75)": 0,
            "p(90)": 0,
            "p(95)": 0,
            "p(99)": 0,
            "avg": 0.005375853476202339,
            "min": 0,
            "max": 4.487,
            "p(50)": 0
        },
        "iterations": {
            "count": 8026,
            "rate": 53.22777915004701
        },
        "http_reqs": {
            "count": 16052,
            "rate": 106.45555830009403
        },
        "http_req_tls_handshaking": {
            "p(99)": 0,
            "avg": 0,
            "min": 0,
            "max": 0,
            "p(50)": 0,
            "p(75)": 0,
            "p(90)": 0,
            "p(95)": 0
        },
        "data_sent": {
            "count": 1468758,
            "rate": 9740.683584458604
        },
        "http_req_waiting": {
            "min": 1.0346,
            "max": 37.1022,
            "p(50)": 5.2397,
            "p(75)": 7.242225,
            "p(90)": 9.104,
            "p(95)": 10.236529999999997,
            "p(99)": 12.7984,
            "avg": 5.829018950909501
        },
        "http_req_sending": {
            "p(75)": 0,
            "p(90)": 0,
            "p(95)": 0,
            "p(99)": 0.5377489999999999,
            "avg": 0.018344225018689243,
            "min": 0,
            "max": 3.4956,
            "p(50)": 0
        },
        "http_req_duration{expected_response:true}": {
            "max": 37.1022,
            "p(50)": 5.3299,
            "p(75)": 7.3587,
            "p(90)": 9.22859,
            "p(95)": 10.352014999999994,
            "p(99)": 12.959843999999999,
            "avg": 5.919312179167667,
            "min": 1.0346
        },
        "http_req_blocked": {
            "p(75)": 0,
            "p(90)": 0,
            "p(95)": 0,
            "p(99)": 0.509549,
            "avg": 0.011218290555693995,
            "min": 0,
            "max": 4.487,
            "p(50)": 0
        },
        "data_received": {
            "count": 5056380,
            "rate": 33533.50086452962
        }
    },
    "root_group": {
        "name": "",
        "path": "",
        "id": "d41d8cd98f00b204e9800998ecf8427e",
        "groups": {},
        "checks": {
                "products list ok": {
                    "name": "products list ok",
                    "path": "::products list ok",
                    "id": "9510a9eed98727c4f6d467383c223a18",
                    "passes": 8026,
                    "fails": 0
                },
                "product ok": {
                    "name": "product ok",
                    "path": "::product ok",
                    "id": "716e252b0c1f95f7b69e330791590bce",
                    "passes": 8026,
                    "fails": 0
                }
            }
    }
}