{
    "root_group": {
        "path": "",
        "id": "d41d8cd98f00b204e9800998ecf8427e",
        "groups": {},
        "checks": {
                "products list ok": {
                    "name": "products list ok",
                    "path": "::products list ok",
                    "id": "9510a9eed98727c4f6d467383c223a18",
                    "passes": 600,
                    "fails": 0
                },
                "product ok": {
                    "id": "716e252b0c1f95f7b69e330791590bce",
                    "passes": 600,
                    "fails": 0,
                    "name": "product ok",
                    "path": "::product ok"
                }
            },
        "name": ""
    },
    "metrics": {
        "vus_max": {
            "value": 20,
            "min": 20,
            "max": 20
        },
        "iterations": {
            "count": 600,
            "rate": 19.619382283356423
        },
        "http_req_duration": {
            "p(75)": 9.74915,
            "p(90)": 11.5917,
            "p(95)": 13.176044999999997,
            "p(99)": 38.97469599999998,
            "avg": 8.463908833333349,
            "min": 3.157,
            "max": 52.1822,
            "p(50)": 7.3739
        },
        "http_req_blocked": {
            "p(50)": 0,
            "p(75)": 0,
            "p(90)": 0,
            "p(95)": 0,
            "p(99)": 6.4945,
            "avg": 0.19348474999999998,
            "min": 0,
            "max": 17.0411
        },
        "data_received": {
            "count": 378000,
            "rate": 12360.210838514546
        },
        "http_req_tls_handshaking": {
            "p(50)": 0,
            "p(75)": 0,
            "p(90)": 0,
            "p(95)": 0,
            "p(99)": 0,
            "avg": 0,
            "min": 0,
            "max": 0
        },
        "http_req_sending": {
            "p(90)": 0,
            "p(95)": 0,
            "p(99)": 1.0034020000000001,
            "avg": 0.03124208333333332,
            "min": 0,
            "max": 5.5563,
            "p(50)": 0,
            "p(75)": 0
        },
        "vus": {
            "value": 20,
            "min": 20,
            "max": 20
        },
        "http_reqs": {
            "count": 1200,
            "rate": 39.238764566712845
        },
        "http_req_connecting": {
            "max": 11.0111,
            "p(50)": 0,
            "p(75)": 0,
            "p(90)": 0,
            "p(95)": 0,
            "p(99)": 1.0097,
            "avg": 0.08838041666666667,
            "min": 0
        },
        "http_req_failed": {
            "passes": 0,
            "fails": 1200,
            "thresholds": {
                "rate<0.01": false
            },
            "value": 0
        },
        "http_req_receiving": {
            "p(75)": 0,
            "p(90)": 0.5076200000000001,
            "p(95)": 0.5408649999999999,
            "p(99)": 1.2167479999999997,
            "avg": 0.09421766666666664,
            "min": 0,
            "max": 3.9332,
            "p(50)": 0
        },
        "iteration_duration": {
            "p(90)": 1021.8888,
            "p(95)": 1025.6687,
            "p(99)": 1074.1951,
            "avg": 1019.1372998333335,
            "min": 1010.5733,
            "max": 1078.2242,
            "p(50)": 1017.1747,
            "p(75)": 1019.1582
        },
        "checks": {
            "passes": 1200,
            "fails": 0,
            "value": 1
        },
        "http_req_duration{expected_response:true}": {
            "min": 3.157,
            "max": 52.1822,
            "p(50)": 7.3739,
            "p(75)": 9.74915,
            "p(90)": 11.5917,
            "p(95)": 13.176044999999997,
            "p(99)": 38.97469599999998,
            "avg": 8.463908833333349
        },
        "data_sent": {
            "count": 109800,
            "rate": 3590.346957854225
        },
        "http_req_waiting": {
            "p(90)": 11.4565,
            "p(95)": 13.0842,
            "p(99)": 38.971305999999984,
            "avg": 8.338449083333357,
            "min": 3.157,
            "max": 52.1822,
            "p(50)": 7.2572,
            "p(75)": 9.671225
        }
    }
}