{
    "root_group": {
        "groups": {},
        "checks": {
                "products list ok": {
                    "fails": 0,
                    "name": "products list ok",
                    "path": "::products list ok",
                    "id": "9510a9eed98727c4f6d467383c223a18",
                    "passes": 600
                },
                "product ok": {
                    "name": "product ok",
                    "path": "::product ok",
                    "id": "716e252b0c1f95f7b69e330791590bce",
                    "passes": 600,
                    "fails": 0
                }
            },
        "name": "",
        "path": "",
        "id": "d41d8cd98f00b204e9800998ecf8427e"
    },
    "metrics": {
        "http_req_receiving": {
            "max": 5.3601,
            "p(50)": 0,
            "p(75)": 0,
            "p(90)": 0.5111100000000001,
            "p(95)": 0.5624049999999997,
            "p(99)": 1.2039549999999994,
            "avg": 0.10868641666666666,
            "min": 0
        },
        "checks": {
            "passes": 1200,
            "fails": 0,
            "value": 1
        },
        "data_received": {
            "count": 378000,
            "rate": 12382.533367463264
        },
        "http_reqs": {
            "count": 1200,
            "rate": 39.30962973797862
        },
        "http_req_tls_handshaking": {
            "p(75)": 0,
            "p(90)": 0,
            "p(95)": 0,
            "p(99)": 0,
            "avg": 0,
            "min": 0,
            "max": 0,
            "p(50)": 0
        },
        "http_req_duration": {
            "min": 2.7438,
            "max": 41.9781,
            "p(50)": 6.731999999999999,
            "p(75)": 9.0431,
            "p(90)": 10.546920000000004,
            "p(95)": 12.2475,
            "p(99)": 34.335364,
            "avg": 7.762376333333327
        },
        "iteration_duration": {
            "p(90)": 1019.55647,
            "p(95)": 1021.74996,
            "p(99)": 1069.298958,
            "avg": 1017.3187581666667,
            "min": 1009.5834,
            "max": 1074.9524,
            "p(50)": 1015.2958,
            "p(75)": 1017.0327
        },
        "http_req_failed": {
            "passes": 0,
            "fails": 1200,
            "thresholds": {
                "rate<0.01": false
            },
            "value": 0
        },
        "http_req_duration{expected_response:true}": {
            "max": 41.9781,
            "p(50)": 6.731999999999999,
            "p(75)": 9.0431,
            "p(90)": 10.546920000000004,
            "p(95)": 12.2475,
            "p(99)": 34.335364,
            "avg": 7.762376333333327,
            "min": 2.7438
        },
        "vus_max": {
            "value": 20,
            "min": 20,
            "max": 20
        },
        "http_req_sending": {
            "p(50)": 0,
            "p(75)": 0,
            "p(90)": 0,
            "p(95)": 0.09018999999999901,
            "p(99)": 0.8764,
            "avg": 0.034091583333333314,
            "min": 0,
            "max": 4.2513
        },
        "data_sent": {
            "count": 109800,
            "rate": 3596.831121025043
        },
        "iterations": {
            "count": 600,
            "rate": 19.65481486898931
        },
        "http_req_blocked": {
            "p(75)": 0,
            "p(90)": 0,
            "p(95)": 0,
            "p(99)": 10.7379,
            "avg": 0.18762158333333329,
            "min": 0,
            "max": 11.2578,
            "p(50)": 0
        },
        "http_req_connecting": {
            "p(50)": 0,
            "p(75)": 0,
            "p(90)": 0,
            "p(95)": 0,
            "p(99)": 0.7200719999999953,
            "avg": 0.016491249999999995,
            "min": 0,
            "max": 1.2321
        },
        "http_req_waiting": {
            "avg": 7.61959833333332,
            "min": 2.7438,
            "max": 41.9781,
            "p(50)": 6.5586,
            "p(75)": 8.86965,
            "p(90)": 10.464,
            "p(95)": 12.12147,
            "p(99)": 33.7138
        },
        "vus": {
            "max": 20,
            "value": 20,
            "min": 20
        }
    }
}