{
    "root_group": {
        "checks": {
            "products list ok": {
                "passes": 582,
                "fails": 0,
                "name": "products list ok",
                "path": "::products list ok",
                "id": "9510a9eed98727c4f6d467383c223a18"
            },
            "product ok": {
                "id": "716e252b0c1f95f7b69e330791590bce",
                "passes": 582,
                "fails": 0,
                "name": "product ok",
                "path": "::product ok"
            }
        },
        "name": "",
        "path": "",
        "id": "d41d8cd98f00b204e9800998ecf8427e",
        "groups": {}
    },
    "metrics": {
        "vus": {
            "value": 20,
            "min": 20,
            "max": 20
        },
        "iterations": {
            "count": 582,
            "rate": 18.78236708924981
        },
        "http_req_sending": {
            "p(90)": 0,
            "p(95)": 0.17950999999999906,
            "p(99)": 1.0474489999999914,
            "avg": 0.04967302405498281,
            "min": 0,
            "max": 6.0848,
            "p(50)": 0,
            "p(75)": 0
        },
        "data_received": {
            "count": 366660,
            "rate": 11832.89126622738
        },
        "http_req_tls_handshaking": {
            "p(50)": 0,
            "p(75)": 0,
            "p(90)": 0,
            "p(95)": 0,
            "p(99)": 0,
            "avg": 0,
            "min": 0,
            "max": 0
        },
        "http_req_waiting": {
            "p(95)": 60.55347999999999,
            "p(99)": 127.1104,
            "avg": 21.06531219931273,
            "min": 4.3631,
            "max": 173.3555,
            "p(50)": 14.5641,
            "p(75)": 22.405,
            "p(90)": 39.11963000000002
        },
        "iteration_duration": {
            "p(99)": 1196.6815,
            "avg": 1048.2759020618573,
            "min": 1010.5631,
            "max": 1216.9541,
            "p(50)": 1035.2069000000001,
            "p(75)": 1048.6224499999998,
            "p(90)": 1108.77008,
            "p(95)": 1146.2741
        },
        "http_reqs": {
            "rate": 37.56473417849962,
            "count": 1164
        },
        "http_req_blocked": {
            "min": 0,
            "max": 25.0493,
            "p(50)": 0,
            "p(75)": 0,
            "p(90)": 0,
            "p(95)": 0,
            "p(99)": 23.2874,
            "avg": 0.412999914089347
        },
        "http_req_receiving": {
            "min": 0,
            "max": 24.6225,
            "p(50)": 0,
            "p(75)": 0,
            "p(90)": 0.52207,
            "p(95)": 0.9286449999999941,
            "p(99)": 1.7420029999999933,
            "avg": 0.1698913230240551
        },
        "http_req_failed": {
            "passes": 0,
            "fails": 1164,
            "thresholds": {
                "rate<0.01": false
            },
            "value": 0
        },
        "http_req_duration{expected_response:true}": {
            "p(75)": 22.656374999999997,
            "p(90)": 39.431430000000006,
            "p(95)": 61.4652599999999,
            "p(99)": 127.1104,
            "avg": 21.284876546391757,
            "min": 4.4362,
            "max": 173.3555,
            "p(50)": 14.8231
        },
        "checks": {
            "passes": 1164,
            "fails": 0,
            "value": 1
        },
        "data_sent": {
            "count": 106506,
            "rate": 3437.173177332715
        },
        "vus_max": {
            "value": 20,
            "min": 20,
            "max": 20
        },
        "http_req_duration": {
            "min": 4.4362,
            "max": 173.3555,
            "p(50)": 14.8231,
            "p(75)": 22.656374999999997,
            "p(90)": 39.431430000000006,
            "p(95)": 61.4652599999999,
            "p(99)": 127.1104,
            "avg": 21.284876546391757
        },
        "http_req_connecting": {
            "p(75)": 0,
            "p(90)": 0,
            "p(95)": 0,
            "p(99)": 4.181316999999932,
            "avg": 0.07629329896907218,
            "min": 0,
            "max": 6.9365,
            "p(50)": 0
        }
    }
}