{
    "root_group": {
        "name": "",
        "path": "",
        "id": "d41d8cd98f00b204e9800998ecf8427e",
        "groups": {},
        "checks": {
                "products list ok": {
                    "name": "products list ok",
                    "path": "::products list ok",
                    "id": "9510a9eed98727c4f6d467383c223a18",
                    "passes": 8025,
                    "fails": 0
                },
                "product ok": {
                    "passes": 8025,
                    "fails": 0,
                    "name": "product ok",
                    "path": "::product ok",
                    "id": "716e252b0c1f95f7b69e330791590bce"
                }
            }
    },
    "metrics": {
        "http_req_receiving": {
            "min": 0,
            "max": 3.1973,
            "p(50)": 0,
            "p(75)": 0,
            "p(90)": 0.5046,
            "p(95)": 0.5224549999999999,
            "p(99)": 0.6362590000000002,
            "avg": 0.07071142056074793
        },
        "http_req_duration": {
            "p(99)": 14.553871000000001,
            "avg": 6.469639657320878,
            "min": 1.517,
            "max": 47.378,
            "p(50)": 5.82085,
            "p(75)": 8.3222,
            "p(90)": 10.2446,
            "p(95)": 11.420589999999999
        },
        "vus": {
            "value": 23,
            "min": 1,
            "max": 100
        },
        "http_req_connecting": {
            "avg": 0.005920704049844237,
            "min": 0,
            "max": 2.5585,
            "p(50)": 0,
            "p(75)": 0,
            "p(90)": 0,
            "p(95)": 0,
            "p(99)": 0
        },
        "checks": {
            "passes": 16050,
            "fails": 0,
            "value": 1
        },
        "iterations": {
            "count": 8025,
            "rate": 53.218354030556895
        },
        "http_reqs": {
            "rate": 106.43670806111379,
            "count": 16050
        },
        "vus_max": {
            "max": 100,
            "value": 100,
            "min": 100
        },
        "http_req_blocked": {
            "min": 0,
            "max": 3.2594,
            "p(50)": 0,
            "p(75)": 0,
            "p(90)": 0,
            "p(95)": 0,
            "p(99)": 0.5170040000000001,
            "avg": 0.01256930218068536
        },
        "http_req_tls_handshaking": {
            "p(95)": 0,
            "p(99)": 0,
            "avg": 0,
            "min": 0,
            "max": 0,
            "p(50)": 0,
            "p(75)": 0,
            "p(90)": 0
        },
        "iteration_duration": {
            "avg": 1013.81395175078,
            "min": 1004.7453,
            "max": 1053.6557,
            "p(50)": 1013.0903,
            "p(75)": 1016.331,
            "p(90)": 1020.0164,
            "p(95)": 1022.40008,
            "p(99)": 1027.865996
        },
        "http_req_sending": {
            "p(99)": 0.5349570000000001,
            "avg": 0.019048361370716506,
            "min": 0,
            "max": 5.6571,
            "p(50)": 0,
            "p(75)": 0,
            "p(90)": 0,
            "p(95)": 0
        },
        "http_req_failed": {
            "passes": 0,
            "fails": 16050,
            "thresholds": {
                "rate<0.05": false
            },
            "value": 0
        },
        "http_req_waiting": {
            "max": 47.378,
            "p(50)": 5.7027,
            "p(75)": 8.207625,
            "p(90)": 10.14204,
            "p(95)": 11.295285,
            "p(99)": 14.531867000000002,
            "avg": 6.379879875389436,
            "min": 1.517
        },
        "data_sent": {
            "count": 1468575,
            "rate": 9738.958787591911
        },
        "data_received": {
            "count": 5055750,
            "rate": 33527.56303925085
        },
        "http_req_duration{expected_response:true}": {
            "avg": 6.469639657320878,
            "min": 1.517,
            "max": 47.378,
            "p(50)": 5.82085,
            "p(75)": 8.3222,
            "p(90)": 10.2446,
            "p(95)": 11.420589999999999,
            "p(99)": 14.553871000000001
        }
    }
}