{
    "root_group": {
        "name": "",
        "path": "",
        "id": "d41d8cd98f00b204e9800998ecf8427e",
        "groups": {},
        "checks": {
                "products list ok": {
                    "name": "products list ok",
                    "path": "::products list ok",
                    "id": "9510a9eed98727c4f6d467383c223a18",
                    "passes": 8022,
                    "fails": 0
                },
                "product ok": {
                    "path": "::product ok",
                    "id": "716e252b0c1f95f7b69e330791590bce",
                    "passes": 8022,
                    "fails": 0,
                    "name": "product ok"
                }
            }
    },
    "metrics": {
        "http_req_receiving": {
            "p(99)": 0.6453,
            "avg": 0.07781238469209675,
            "min": 0,
            "max": 14.6729,
            "p(50)": 0,
            "p(75)": 0,
            "p(90)": 0.5056,
            "p(95)": 0.5305
        },
        "http_req_waiting": {
            "p(90)": 10.2674,
            "p(95)": 11.323044999999997,
            "p(99)": 13.753703999999992,
            "avg": 6.38244054475191,
            "min": 1.575,
            "max": 43.1351,
            "p(50)": 5.8053,
            "p(75)": 8.283449999999998
        },
        "data_received": {
            "count": 5053860,
            "rate": 33481.69312045996
        },
        "http_req_tls_handshaking": {
            "avg": 0,
            "min": 0,
            "max": 0,
            "p(50)": 0,
            "p(75)": 0,
            "p(90)": 0,
            "p(95)": 0,
            "p(99)": 0
        },
        "http_req_duration{expected_response:true}": {
            "min": 1.575,
            "max": 43.1351,
            "p(50)": 5.90575,
            "p(75)": 8.3791,
            "p(90)": 10.358770000000003,
            "p(95)": 11.4613,
            "p(99)": 13.89425499999999,
            "avg": 6.478616972076761
        },
        "iteration_duration": {
            "p(50)": 1013.1320000000001,
            "p(75)": 1016.448175,
            "p(90)": 1020.3547500000001,
            "p(95)": 1022.4397700000001,
            "p(99)": 1027.004619,
            "avg": 1013.8716795686884,
            "min": 1004.6656,
            "max": 1059.221
        },
        "data_sent": {
            "count": 1468026,
            "rate": 9725.634668324084
        },
        "vus_max": {
            "value": 100,
            "min": 100,
            "max": 100
        },
        "iterations": {
            "count": 8022,
            "rate": 53.14554463565074
        },
        "http_req_duration": {
            "p(95)": 11.4613,
            "p(99)": 13.89425499999999,
            "avg": 6.478616972076761,
            "min": 1.575,
            "max": 43.1351,
            "p(50)": 5.90575,
            "p(75)": 8.3791,
            "p(90)": 10.358770000000003
        },
        "http_req_blocked": {
            "avg": 0.012884230865120925,
            "min": 0,
            "max": 3.5376,
            "p(50)": 0,
            "p(75)": 0,
            "p(90)": 0,
            "p(95)": 0,
            "p(99)": 0.5233849999999999
        },
        "checks": {
            "fails": 0,
            "passes": 16044,
            "value": 1
        },
        "vus": {
            "value": 22,
            "min": 1,
            "max": 100
        },
        "http_reqs": {
            "rate": 106.29108927130147,
            "count": 16044
        },
        "http_req_failed": {
            "passes": 0,
            "fails": 16044,
            "thresholds": {
                "rate<0.05": false
            },
            "value": 0
        },
        "http_req_connecting": {
            "max": 2.6037,
            "p(50)": 0,
            "p(75)": 0,
            "p(90)": 0,
            "p(95)": 0,
            "p(99)": 0,
            "avg": 0.005017607828471705,
            "min": 0
        },
        "http_req_sending": {
            "avg": 0.018364042632759894,
            "min": 0,
            "max": 8.6386,
            "p(50)": 0,
            "p(75)": 0,
            "p(90)": 0,
            "p(95)": 0,
            "p(99)": 0.5388419999999998
        }
    }
}