{
    "root_group": {
        "name": "",
        "path": "",
        "id": "d41d8cd98f00b204e9800998ecf8427e",
        "groups": {},
        "checks": {
                "products list ok": {
                    "name": "products list ok",
                    "path": "::products list ok",
                    "id": "9510a9eed98727c4f6d467383c223a18",
                    "passes": 8022,
                    "fails": 0
                },
                "product ok": {
                    "fails": 0,
                    "name": "product ok",
                    "path": "::product ok",
                    "id": "716e252b0c1f95f7b69e330791590bce",
                    "passes": 8022
                }
            }
    },
    "metrics": {
        "http_reqs": {
            "rate": 106.26199112077742,
            "count": 16044
        },
        "data_sent": {
            "count": 1468026,
            "rate": 9722.972187551133
        },
        "vus": {
            "value": 22,
            "min": 1,
            "max": 100
        },
        "data_received": {
            "count": 5053860,
            "rate": 33472.52720304489
        },
        "http_req_tls_handshaking": {
            "p(99)": 0,
            "avg": 0,
            "min": 0,
            "max": 0,
            "p(50)": 0,
            "p(75)": 0,
            "p(90)": 0,
            "p(95)": 0
        },
        "vus_max": {
            "value": 100,
            "min": 100,
            "max": 100
        },
        "iteration_duration": {
            "p(75)": 1016.1757,
            "p(90)": 1019.3898,
            "p(95)": 1021.335345,
            "p(99)": 1025.6658,
            "avg": 1013.8824964098723,
            "min": 1005.0044,
            "max": 1071.241,
            "p(50)": 1013.5273500000001
        },
        "http_req_duration": {
            "p(99)": 14.119681,
            "avg": 6.438706382448248,
            "min": 1.5294,
            "max": 48.43,
            "p(50)": 5.771850000000001,
            "p(75)": 8.277225000000001,
            "p(90)": 10.17073,
            "p(95)": 11.283419999999998
        },
        "checks": {
            "fails": 0,
            "passes": 16044,
            "value": 1
        },
        "http_req_failed": {
            "fails": 16044,
            "passes": 0,
            "thresholds": {
                "rate<0.05": false
            },
            "value": 0
        },
        "http_req_blocked": {
            "p(95)": 0,
            "p(99)": 0.515057,
            "avg": 0.013214123659935186,
            "min": 0,
            "max": 4.0082,
            "p(50)": 0,
            "p(75)": 0,
            "p(90)": 0
        },
        "http_req_waiting": {
            "p(50)": 5.6829,
            "p(75)": 8.158275,
            "p(90)": 10.032430000000003,
            "p(95)": 11.162889999999994,
            "p(99)": 13.984420999999989,
            "avg": 6.343095107205177,
            "min": 1.5294,
            "max": 48.43
        },
        "http_req_receiving": {
            "avg": 0.07561902268760921,
            "min": 0,
            "max": 7.3409,
            "p(50)": 0,
            "p(75)": 0,
            "p(90)": 0.505,
            "p(95)": 0.5236,
            "p(99)": 0.6448989999999998
        },
        "http_req_connecting": {
            "max": 3.1259,
            "p(50)": 0,
            "p(75)": 0,
            "p(90)": 0,
            "p(95)": 0,
            "p(99)": 0,
            "avg": 0.0063898653702318614,
            "min": 0
        },
        "http_req_duration{expected_response:true}": {
            "max": 48.43,
            "p(50)": 5.771850000000001,
            "p(75)": 8.277225000000001,
            "p(90)": 10.17073,
            "p(95)": 11.283419999999998,
            "p(99)": 14.119681,
            "avg": 6.438706382448248,
            "min": 1.5294
        },
        "http_req_sending": {
            "p(99)": 0.5464419999999999,
            "avg": 0.01999225255547245,
            "min": 0,
            "max": 5.7603,
            "p(50)": 0,
            "p(75)": 0,
            "p(90)": 0,
            "p(95)": 0
        },
        "iterations": {
            "count": 8022,
            "rate": 53.13099556038871
        }
    }
}