{
    "metrics": {
        "http_req_sending": {
            "p(50)": 0,
            "p(75)": 0,
            "p(90)": 0,
            "p(95)": 0.50501,
            "p(99)": 0.7432519999999996,
            "avg": 0.03502583333333333,
            "min": 0,
            "max": 1.6293
        },
        "iteration_duration": {
            "p(75)": 1014.925725,
            "p(90)": 1017.33117,
            "p(95)": 1019.4616,
            "p(99)": 1071.977223,
            "avg": 1015.275403833333,
            "min": 1005.6339,
            "max": 1074.8735,
            "p(50)": 1013.24135
        },
        "http_req_connecting": {
            "min": 0,
            "max": 3.477,
            "p(50)": 0,
            "p(75)": 0,
            "p(90)": 0,
            "p(95)": 0,
            "p(99)": 2.9513,
            "avg": 0.04561025
        },
        "http_req_receiving": {
            "p(75)": 0,
            "p(90)": 0.50631,
            "p(95)": 0.55041,
            "p(99)": 1.6212319999999982,
            "avg": 0.10003391666666668,
            "min": 0,
            "max": 4.4429,
            "p(50)": 0
        },
        "http_req_failed": {
            "passes": 0,
            "fails": 1200,
            "thresholds": {
                "rate<0.01": false
            },
            "value": 0
        },
        "data_sent": {
            "count": 109800,
            "rate": 3603.619309822752
        },
        "vus_max": {
            "value": 20,
            "min": 20,
            "max": 20
        },
        "data_received": {
            "count": 378000,
            "rate": 12405.902542012753
        },
        "http_req_waiting": {
            "min": 1.8168,
            "max": 57.5137,
            "p(50)": 5.56325,
            "p(75)": 7.252924999999999,
            "p(90)": 8.970710000000011,
            "p(95)": 10.459609999999994,
            "p(99)": 34.597514999999994,
            "avg": 6.689208833333331
        },
        "vus": {
            "value": 20,
            "min": 20,
            "max": 20
        },
        "iterations": {
            "count": 600,
            "rate": 19.691908796845638
        },
        "http_req_duration": {
            "p(50)": 5.76405,
            "p(75)": 7.3807,
            "p(90)": 9.349930000000002,
            "p(95)": 10.905784999999991,
            "p(99)": 34.60284599999999,
            "avg": 6.82426858333333,
            "min": 1.8168,
            "max": 58.5725
        },
        "checks": {
            "passes": 1200,
            "fails": 0,
            "value": 1
        },
        "http_req_blocked": {
            "avg": 0.20411233333333337,
            "min": 0,
            "max": 12.3547,
            "p(50)": 0,
            "p(75)": 0,
            "p(90)": 0,
            "p(95)": 0,
            "p(99)": 11.826
        },
        "http_req_tls_handshaking": {
            "max": 0,
            "p(50)": 0,
            "p(75)": 0,
            "p(90)": 0,
            "p(95)": 0,
            "p(99)": 0,
            "avg": 0,
            "min": 0
        },
        "http_req_duration{expected_response:true}": {
            "min": 1.8168,
            "max": 58.5725,
            "p(50)": 5.76405,
            "p(75)": 7.3807,
            "p(90)": 9.349930000000002,
            "p(95)": 10.905784999999991,
            "p(99)": 34.60284599999999,
            "avg": 6.82426858333333
        },
        "http_reqs": {
            "count": 1200,
            "rate": 39.383817593691276
        }
    },
    "root_group": {
        "name": "",
        "path": "",
        "id": "d41d8cd98f00b204e9800998ecf8427e",
        "groups": {},
        "checks": {
                "products list ok": {
                    "name": "products list ok",
                    "path": "::products list ok",
                    "id": "9510a9eed98727c4f6d467383c223a18",
                    "passes": 600,
                    "fails": 0
                },
                "product ok": {
                    "name": "product ok",
                    "path": "::product ok",
                    "id": "716e252b0c1f95f7b69e330791590bce",
                    "passes": 600,
                    "fails": 0
                }
            }
    }
}