{
    "metrics": {
        "http_req_duration": {
            "avg": 5.806705734744657,
            "min": 1.3756,
            "max": 48.8624,
            "p(50)": 5.0581,
            "p(75)": 7.287075,
            "p(90)": 9.414790000000002,
            "p(95)": 10.640394999999996,
            "p(99)": 13.525386999999995
        },
        "vus_max": {
            "value": 100,
            "min": 100,
            "max": 100
        },
        "http_req_failed": {
            "passes": 0,
            "fails": 16060,
            "thresholds": {
                "rate<0.05": false
            },
            "value": 0
        },
        "http_req_duration{expected_response:true}": {
            "p(75)": 7.287075,
            "p(90)": 9.414790000000002,
            "p(95)": 10.640394999999996,
            "p(99)": 13.525386999999995,
            "avg": 5.806705734744657,
            "min": 1.3756,
            "max": 48.8624,
            "p(50)": 5.0581
        },
        "http_req_connecting": {
            "p(99)": 0,
            "avg": 0.0067884122042341215,
            "min": 0,
            "max": 4.5286,
            "p(50)": 0,
            "p(75)": 0,
            "p(90)": 0,
            "p(95)": 0
        },
        "checks": {
            "passes": 16060,
            "fails": 0,
            "value": 1
        },
        "http_req_tls_handshaking": {
            "min": 0,
            "max": 0,
            "p(50)": 0,
            "p(75)": 0,
            "p(90)": 0,
            "p(95)": 0,
            "p(99)": 0,
            "avg": 0
        },
        "http_req_receiving": {
            "max": 10.5341,
            "p(50)": 0,
            "p(75)": 0,
            "p(90)": 0.508,
            "p(95)": 0.5357,
            "p(99)": 0.6693,
            "avg": 0.08293923412204225,
            "min": 0
        },
        "data_received": {
            "count": 5058900,
            "rate": 33513.65704445998
        },
        "iterations": {
            "count": 8030,
            "rate": 53.19628102295235
        },
        "http_req_sending": {
            "min": 0,
            "max": 15.901,
            "p(50)": 0,
            "p(75)": 0,
            "p(90)": 0,
            "p(95)": 0,
            "p(99)": 0.542082,
            "avg": 0.022319887920298893
        },
        "vus": {
            "value": 23,
            "min": 1,
            "max": 100
        },
        "data_sent": {
            "count": 1469490,
            "rate": 9734.919427200279
        },
        "iteration_duration": {
            "min": 1005.05,
            "max": 1075.593,
            "p(50)": 1011.8923,
            "p(75)": 1015.3280500000001,
            "p(90)": 1019.2763,
            "p(95)": 1021.95625,
            "p(99)": 1028.6151710000001,
            "avg": 1012.9710034495628
        },
        "http_req_blocked": {
            "avg": 0.01566897882938978,
            "min": 0,
            "max": 13.7693,
            "p(50)": 0,
            "p(75)": 0,
            "p(90)": 0,
            "p(95)": 0,
            "p(99)": 0.5293
        },
        "http_req_waiting": {
            "min": 1.1614,
            "max": 48.8624,
            "p(50)": 4.9718,
            "p(75)": 7.195475,
            "p(90)": 9.30796,
            "p(95)": 10.4642,
            "p(99)": 13.309494999999991,
            "avg": 5.70144661270231
        },
        "http_reqs": {
            "rate": 106.3925620459047,
            "count": 16060
        }
    },
    "root_group": {
        "name": "",
        "path": "",
        "id": "d41d8cd98f00b204e9800998ecf8427e",
        "groups": {},
        "checks": {
                "products list ok": {
                    "name": "products list ok",
                    "path": "::products list ok",
                    "id": "9510a9eed98727c4f6d467383c223a18",
                    "passes": 8030,
                    "fails": 0
                },
                "product ok": {
                    "path": "::product ok",
                    "id": "716e252b0c1f95f7b69e330791590bce",
                    "passes": 8030,
                    "fails": 0,
                    "name": "product ok"
                }
            }
    }
}