{
    "root_group": {
        "name": "",
        "path": "",
        "id": "d41d8cd98f00b204e9800998ecf8427e",
        "groups": {},
        "checks": {
                "products list ok": {
                    "name": "products list ok",
                    "path": "::products list ok",
                    "id": "9510a9eed98727c4f6d467383c223a18",
                    "passes": 600,
                    "fails": 0
                },
                "product ok": {
                    "passes": 600,
                    "fails": 0,
                    "name": "product ok",
                    "path": "::product ok",
                    "id": "716e252b0c1f95f7b69e330791590bce"
                }
            }
    },
    "metrics": {
        "data_sent": {
            "count": 109800,
            "rate": 3595.7027932755404
        },
        "http_req_duration{expected_response:true}": {
            "p(50)": 6.797000000000001,
            "p(75)": 9.102025000000001,
            "p(90)": 11.10324,
            "p(95)": 14.285949999999989,
            "p(99)": 41.519862999999994,
            "avg": 7.9547040833333496,
            "min": 2.8982,
            "max": 45.2047
        },
        "iteration_duration": {
            "max": 1076.1547,
            "p(50)": 1015.43205,
            "p(75)": 1017.41305,
            "p(90)": 1020.0176200000001,
            "p(95)": 1023.233135,
            "p(99)": 1072.487,
            "avg": 1017.584487666666,
            "min": 1008.9719
        },
        "http_req_waiting": {
            "p(75)": 8.960775,
            "p(90)": 10.873460000000009,
            "p(95)": 14.164605,
            "p(99)": 41.498563999999995,
            "avg": 7.811380750000009,
            "min": 2.8982,
            "max": 45.2047,
            "p(50)": 6.567399999999999
        },
        "iterations": {
            "count": 600,
            "rate": 19.64864914358219
        },
        "http_req_connecting": {
            "max": 2.0655,
            "p(50)": 0,
            "p(75)": 0,
            "p(90)": 0,
            "p(95)": 0,
            "p(99)": 0.5484,
            "avg": 0.019205750000000004,
            "min": 0
        },
        "http_req_sending": {
            "avg": 0.040280833333333335,
            "min": 0,
            "max": 4.3545,
            "p(50)": 0,
            "p(75)": 0,
            "p(90)": 0,
            "p(95)": 0.2584749999999995,
            "p(99)": 1.011419
        },
        "http_req_tls_handshaking": {
            "min": 0,
            "max": 0,
            "p(50)": 0,
            "p(75)": 0,
            "p(90)": 0,
            "p(95)": 0,
            "p(99)": 0,
            "avg": 0
        },
        "http_req_receiving": {
            "p(75)": 0,
            "p(90)": 0.5075,
            "p(95)": 0.5322,
            "p(99)": 1.097343,
            "avg": 0.10304249999999997,
            "min": 0,
            "max": 5.147,
            "p(50)": 0
        },
        "http_req_duration": {
            "p(75)": 9.102025000000001,
            "p(90)": 11.10324,
            "p(95)": 14.285949999999989,
            "p(99)": 41.519862999999994,
            "avg": 7.9547040833333496,
            "min": 2.8982,
            "max": 45.2047,
            "p(50)": 6.797000000000001
        },
        "http_req_blocked": {
            "p(50)": 0,
            "p(75)": 0,
            "p(90)": 0,
            "p(95)": 0,
            "p(99)": 8.3807,
            "avg": 0.15070808333333333,
            "min": 0,
            "max": 9.3902
        },
        "http_req_failed": {
            "passes": 0,
            "fails": 1200,
            "thresholds": {
                "rate<0.01": false
            },
            "value": 0
        },
        "data_received": {
            "count": 378000,
            "rate": 12378.64896045678
        },
        "vus": {
            "value": 20,
            "min": 20,
            "max": 20
        },
        "http_reqs": {
            "count": 1200,
            "rate": 39.29729828716438
        },
        "vus_max": {
            "value": 20,
            "min": 20,
            "max": 20
        },
        "checks": {
            "passes": 1200,
            "fails": 0,
            "value": 1
        }
    }
}