{
    "metrics": {
        "http_req_duration{expected_response:true}": {
            "min": 2.7615,
            "max": 55.6215,
            "p(50)": 6.59925,
            "p(75)": 8.5001,
            "p(90)": 10.420960000000003,
            "p(95)": 12.203299999999999,
            "p(99)": 26.689315999999998,
            "avg": 7.46926366666667
        },
        "data_received": {
            "rate": 12386.179083263432,
            "count": 378000
        },
        "iterations": {
            "count": 600,
            "rate": 19.660601719465763
        },
        "http_req_connecting": {
            "p(90)": 0,
            "p(95)": 0,
            "p(99)": 0.5819239999999998,
            "avg": 0.012963333333333332,
            "min": 0,
            "max": 1.1858,
            "p(50)": 0,
            "p(75)": 0
        },
        "http_req_waiting": {
            "p(75)": 8.4396,
            "p(90)": 10.156200000000004,
            "p(95)": 12.138269999999999,
            "p(99)": 26.688388,
            "avg": 7.356335583333334,
            "min": 2.7615,
            "max": 55.5622,
            "p(50)": 6.45315
        },
        "http_reqs": {
            "count": 1200,
            "rate": 39.321203438931526
        },
        "iteration_duration": {
            "p(75)": 1017.59385,
            "p(90)": 1020.8586,
            "p(95)": 1022.562875,
            "p(99)": 1060.1137,
            "avg": 1017.123515666667,
            "min": 1010.0087,
            "max": 1069.361,
            "p(50)": 1015.3148000000001
        },
        "http_req_receiving": {
            "p(75)": 0,
            "p(90)": 0.5068,
            "p(95)": 0.5277,
            "p(99)": 1.0257,
            "avg": 0.07923325,
            "min": 0,
            "max": 2.3335,
            "p(50)": 0
        },
        "vus": {
            "max": 20,
            "value": 20,
            "min": 20
        },
        "http_req_blocked": {
            "p(95)": 0,
            "p(99)": 10.2007,
            "avg": 0.18153483333333334,
            "min": 0,
            "max": 10.8048,
            "p(50)": 0,
            "p(75)": 0,
            "p(90)": 0
        },
        "checks": {
            "passes": 1200,
            "fails": 0,
            "value": 1
        },
        "http_req_failed": {
            "passes": 0,
            "fails": 1200,
            "thresholds": {
                "rate<0.01": false
            },
            "value": 0
        },
        "vus_max": {
            "value": 20,
            "min": 20,
            "max": 20
        },
        "data_sent": {
            "count": 109800,
            "rate": 3597.8901146622347
        },
        "http_req_sending": {
            "min": 0,
            "max": 7.1505,
            "p(50)": 0,
            "p(75)": 0,
            "p(90)": 0,
            "p(95)": 0,
            "p(99)": 0.8178039999999998,
            "avg": 0.033694833333333334
        },
        "http_req_duration": {
            "max": 55.6215,
            "p(50)": 6.59925,
            "p(75)": 8.5001,
            "p(90)": 10.420960000000003,
            "p(95)": 12.203299999999999,
            "p(99)": 26.689315999999998,
            "avg": 7.46926366666667,
            "min": 2.7615
        },
        "http_req_tls_handshaking": {
            "p(50)": 0,
            "p(75)": 0,
            "p(90)": 0,
            "p(95)": 0,
            "p(99)": 0,
            "avg": 0,
            "min": 0,
            "max": 0
        }
    },
    "root_group": {
        "groups": {},
        "checks": {
                "products list ok": {
                    "name": "products list ok",
                    "path": "::products list ok",
                    "id": "9510a9eed98727c4f6d467383c223a18",
                    "passes": 600,
                    "fails": 0
                },
                "product ok": {
                    "name": "product ok",
                    "path": "::product ok",
                    "id": "716e252b0c1f95f7b69e330791590bce",
                    "passes": 600,
                    "fails": 0
                }
            },
        "name": "",
        "path": "",
        "id": "d41d8cd98f00b204e9800998ecf8427e"
    }
}