{
    "root_group": {
        "name": "",
        "path": "",
        "id": "d41d8cd98f00b204e9800998ecf8427e",
        "groups": {},
        "checks": {
                "products list ok": {
                    "fails": 0,
                    "name": "products list ok",
                    "path": "::products list ok",
                    "id": "9510a9eed98727c4f6d467383c223a18",
                    "passes": 600
                },
                "product ok": {
                    "name": "product ok",
                    "path": "::product ok",
                    "id": "716e252b0c1f95f7b69e330791590bce",
                    "passes": 600,
                    "fails": 0
                }
            }
    },
    "metrics": {
        "vus_max": {
            "value": 20,
            "min": 20,
            "max": 20
        },
        "data_sent": {
            "count": 109800,
            "rate": 3595.9907179422976
        },
        "http_req_duration": {
            "p(99)": 36.942266,
            "avg": 7.889327166666671,
            "min": 2.7351,
            "max": 53.5361,
            "p(50)": 6.831300000000001,
            "p(75)": 9.164299999999999,
            "p(90)": 11.1288,
            "p(95)": 13.459594999999998
        },
        "iterations": {
            "count": 600,
            "rate": 19.650222502416927
        },
        "http_req_blocked": {
            "avg": 0.17899941666666672,
            "min": 0,
            "max": 20.8489,
            "p(50)": 0,
            "p(75)": 0,
            "p(90)": 0,
            "p(95)": 0,
            "p(99)": 4.8025
        },
        "http_req_waiting": {
            "p(75)": 9.001524999999999,
            "p(90)": 11.015000000000002,
            "p(95)": 13.380519999999999,
            "p(99)": 36.4283,
            "avg": 7.739231083333337,
            "min": 2.7351,
            "max": 53.5361,
            "p(50)": 6.6838
        },
        "vus": {
            "value": 20,
            "min": 20,
            "max": 20
        },
        "http_req_duration{expected_response:true}": {
            "p(90)": 11.1288,
            "p(95)": 13.459594999999998,
            "p(99)": 36.942266,
            "avg": 7.889327166666671,
            "min": 2.7351,
            "max": 53.5361,
            "p(50)": 6.831300000000001,
            "p(75)": 9.164299999999999
        },
        "http_req_tls_handshaking": {
            "min": 0,
            "max": 0,
            "p(50)": 0,
            "p(75)": 0,
            "p(90)": 0,
            "p(95)": 0,
            "p(99)": 0,
            "avg": 0
        },
        "data_received": {
            "count": 378000,
            "rate": 12379.640176522664
        },
        "http_reqs": {
            "count": 1200,
            "rate": 39.300445004833854
        },
        "checks": {
            "fails": 0,
            "passes": 1200,
            "value": 1
        },
        "http_req_failed": {
            "passes": 0,
            "fails": 1200,
            "thresholds": {
                "rate<0.01": false
            },
            "value": 0
        },
        "http_req_connecting": {
            "p(75)": 0,
            "p(90)": 0,
            "p(95)": 0,
            "p(99)": 1.495,
            "avg": 0.10644516666666667,
            "min": 0,
            "max": 17.5324,
            "p(50)": 0
        },
        "http_req_receiving": {
            "p(95)": 0.54675,
            "p(99)": 1.008,
            "avg": 0.09722874999999999,
            "min": 0,
            "max": 5.5669,
            "p(50)": 0,
            "p(75)": 0,
            "p(90)": 0.5094900000000001
        },
        "iteration_duration": {
            "min": 1009.0306,
            "max": 1072.6322,
            "p(50)": 1015.6166499999999,
            "p(75)": 1017.786425,
            "p(90)": 1020.30905,
            "p(95)": 1022.721185,
            "p(99)": 1067.941252,
            "avg": 1017.552697666667
        },
        "http_req_sending": {
            "p(90)": 0,
            "p(95)": 0.505535,
            "p(99)": 1.021222,
            "avg": 0.052867333333333336,
            "min": 0,
            "max": 5.4191,
            "p(50)": 0,
            "p(75)": 0
        }
    }
}