{
    "metrics": {
        "vus": {
            "value": 10,
            "min": 10,
            "max": 10
        },
        "iteration_duration": {
            "max": 1145.3063,
            "p(50)": 1024.0336,
            "p(75)": 1028.4336,
            "p(90)": 1029.9465,
            "p(95)": 1031.90758,
            "p(99)": 1144.344,
            "avg": 1027.9725703333338,
            "min": 1015.7251
        },
        "http_req_sending": {
            "p(50)": 0,
            "p(75)": 0,
            "p(90)": 0,
            "p(95)": 0,
            "p(99)": 0.551214,
            "avg": 0.028923533333333338,
            "min": 0,
            "max": 5.3007
        },
        "http_req_failed": {
            "passes": 0,
            "fails": 1500,
            "thresholds": {
                "rate<0.02": false
            },
            "value": 0
        },
        "http_reqs": {
            "count": 1500,
            "rate": 48.633461811807784
        },
        "http_req_blocked": {
            "max": 9.5843,
            "p(50)": 0,
            "p(75)": 0,
            "p(90)": 0,
            "p(95)": 0,
            "p(99)": 0.5324939999999988,
            "avg": 0.06925533333333334,
            "min": 0
        },
        "http_req_duration{expected_response:true}": {
            "avg": 4.977303866666662,
            "min": 1.3669,
            "max": 56.7285,
            "p(50)": 3.9461,
            "p(75)": 5.4535,
            "p(90)": 7.8991100000000065,
            "p(95)": 9.130129999999998,
            "p(99)": 24.8973
        },
        "data_received": {
            "count": 600600,
            "rate": 19472.838109447835
        },
        "iterations": {
            "count": 300,
            "rate": 9.726692362361556
        },
        "http_req_connecting": {
            "p(99)": 0,
            "avg": 0.0039113333333333335,
            "min": 0,
            "max": 0.593,
            "p(50)": 0,
            "p(75)": 0,
            "p(90)": 0,
            "p(95)": 0
        },
        "http_req_waiting": {
            "p(99)": 24.8973,
            "avg": 4.8721599999999965,
            "min": 1.3314,
            "max": 56.7229,
            "p(50)": 3.8055000000000003,
            "p(75)": 5.3256,
            "p(90)": 7.8419,
            "p(95)": 9.0346
        },
        "data_sent": {
            "count": 892200,
            "rate": 28927.18308566327
        },
        "http_req_duration": {
            "p(99)": 24.8973,
            "avg": 4.977303866666662,
            "min": 1.3669,
            "max": 56.7285,
            "p(50)": 3.9461,
            "p(75)": 5.4535,
            "p(90)": 7.8991100000000065,
            "p(95)": 9.130129999999998
        },
        "http_req_tls_handshaking": {
            "p(90)": 0,
            "p(95)": 0,
            "p(99)": 0,
            "avg": 0,
            "min": 0,
            "max": 0,
            "p(50)": 0,
            "p(75)": 0
        },
        "http_req_receiving": {
            "max": 4.2127,
            "p(50)": 0,
            "p(75)": 0,
            "p(90)": 0.5051,
            "p(95)": 0.5275449999999999,
            "p(99)": 0.6450529999999999,
            "avg": 0.0762203333333333,
            "min": 0
        },
        "checks": {
            "passes": 1500,
            "fails": 0,
            "value": 1
        },
        "vus_max": {
            "value": 10,
            "min": 10,
            "max": 10
        }
    },
    "root_group": {
        "name": "",
        "path": "",
        "id": "d41d8cd98f00b204e9800998ecf8427e",
        "groups": {},
        "checks": {
                "login ok": {
                    "id": "0ddcda49e3a8b9d6d2e015dafbaafe65",
                    "passes": 300,
                    "fails": 0,
                    "name": "login ok",
                    "path": "::login ok"
                },
                "cart add ok": {
                    "name": "cart add ok",
                    "path": "::cart add ok",
                    "id": "3476b21dcb095c2f01deccc20115d127",
                    "passes": 300,
                    "fails": 0
                },
                "cart get ok": {
                    "name": "cart get ok",
                    "path": "::cart get ok",
                    "id": "9d960ca6baf25ee48d3f3c991473fca0",
                    "passes": 300,
                    "fails": 0
                },
                "cart update ok": {
                    "name": "cart update ok",
                    "path": "::cart update ok",
                    "id": "07ee78e8bcccf32bc9963f8d3c17eecf",
                    "passes": 300,
                    "fails": 0
                },
                "cart remove ok": {
                    "name": "cart remove ok",
                    "path": "::cart remove ok",
                    "id": "31001ad0f6cf28a008d3b28f557b05a9",
                    "passes": 300,
                    "fails": 0
                }
            }
    }
}