{
    "root_group": {
        "name": "",
        "path": "",
        "id": "d41d8cd98f00b204e9800998ecf8427e",
        "groups": {},
        "checks": {
                "products list ok": {
                    "fails": 0,
                    "name": "products list ok",
                    "path": "::products list ok",
                    "id": "9510a9eed98727c4f6d467383c223a18",
                    "passes": 600
                },
                "product ok": {
                    "name": "product ok",
                    "path": "::product ok",
                    "id": "716e252b0c1f95f7b69e330791590bce",
                    "passes": 600,
                    "fails": 0
                }
            }
    },
    "metrics": {
        "vus_max": {
            "min": 20,
            "max": 20,
            "value": 20
        },
        "checks": {
            "passes": 1200,
            "fails": 0,
            "value": 1
        },
        "iterations": {
            "count": 600,
            "rate": 19.663273261989822
        },
        "http_req_duration{expected_response:true}": {
            "min": 3.3044,
            "max": 41.4385,
            "p(50)": 6.2338,
            "p(75)": 8.673875,
            "p(90)": 10.2716,
            "p(95)": 11.771449999999996,
            "p(99)": 34.192966,
            "avg": 7.557008250000006
        },
        "data_sent": {
            "count": 109800,
            "rate": 3598.3790069441375
        },
        "http_req_waiting": {
            "min": 3.3044,
            "max": 41.4385,
            "p(50)": 6.117850000000001,
            "p(75)": 8.5414,
            "p(90)": 10.1489,
            "p(95)": 11.424704999999998,
            "p(99)": 34.1917,
            "avg": 7.436729083333347
        },
        "iteration_duration": {
            "p(95)": 1020.8378,
            "p(99)": 1070.9984570000001,
            "avg": 1016.9074698333347,
            "min": 1008.4637,
            "max": 1075.4853,
            "p(50)": 1015.0309,
            "p(75)": 1016.6961,
            "p(90)": 1018.6989
        },
        "http_req_receiving": {
            "p(75)": 0,
            "p(90)": 0.5069300000000001,
            "p(95)": 0.5374,
            "p(99)": 0.9668219999999996,
            "avg": 0.08341524999999995,
            "min": 0,
            "max": 2.7983,
            "p(50)": 0
        },
        "http_req_sending": {
            "p(50)": 0,
            "p(75)": 0,
            "p(90)": 0,
            "p(95)": 0.11472499999999942,
            "p(99)": 0.9067709999999994,
            "avg": 0.03686391666666667,
            "min": 0,
            "max": 3.3567
        },
        "http_req_duration": {
            "p(50)": 6.2338,
            "p(75)": 8.673875,
            "p(90)": 10.2716,
            "p(95)": 11.771449999999996,
            "p(99)": 34.192966,
            "avg": 7.557008250000006,
            "min": 3.3044,
            "max": 41.4385
        },
        "http_req_tls_handshaking": {
            "p(75)": 0,
            "p(90)": 0,
            "p(95)": 0,
            "p(99)": 0,
            "avg": 0,
            "min": 0,
            "max": 0,
            "p(50)": 0
        },
        "http_req_connecting": {
            "p(50)": 0,
            "p(75)": 0,
            "p(90)": 0,
            "p(95)": 0,
            "p(99)": 1.1662,
            "avg": 0.019956416666666664,
            "min": 0,
            "max": 1.8638
        },
        "http_req_failed": {
            "passes": 0,
            "fails": 1200,
            "thresholds": {
                "rate<0.01": false
            },
            "value": 0
        },
        "vus": {
            "value": 20,
            "min": 20,
            "max": 20
        },
        "http_req_blocked": {
            "min": 0,
            "max": 9.2255,
            "p(50)": 0,
            "p(75)": 0,
            "p(90)": 0,
            "p(95)": 0,
            "p(99)": 8.5279,
            "avg": 0.15832933333333327
        },
        "data_received": {
            "count": 378000,
            "rate": 12387.862155053588
        },
        "http_reqs": {
            "count": 1200,
            "rate": 39.326546523979644
        }
    }
}