{
    "metrics": {
        "http_req_connecting": {
            "p(95)": 0,
            "p(99)": 0.6682,
            "avg": 0.015295666666666667,
            "min": 0,
            "max": 1.2775,
            "p(50)": 0,
            "p(75)": 0,
            "p(90)": 0
        },
        "iteration_duration": {
            "p(90)": 1023.3739300000001,
            "p(95)": 1027.692785,
            "p(99)": 1073.7651,
            "avg": 1018.8588631666677,
            "min": 1009.9331,
            "max": 1080.5458,
            "p(50)": 1016.4556,
            "p(75)": 1019.0792
        },
        "http_req_tls_handshaking": {
            "p(95)": 0,
            "p(99)": 0,
            "avg": 0,
            "min": 0,
            "max": 0,
            "p(50)": 0,
            "p(75)": 0,
            "p(90)": 0
        },
        "http_req_sending": {
            "p(50)": 0,
            "p(75)": 0,
            "p(90)": 0,
            "p(95)": 0.1374499999999993,
            "p(99)": 1.003501,
            "avg": 0.03946441666666667,
            "min": 0,
            "max": 3.6796
        },
        "iterations": {
            "count": 600,
            "rate": 19.622142613372777
        },
        "data_sent": {
            "count": 109800,
            "rate": 3590.852098247218
        },
        "http_req_blocked": {
            "p(99)": 8.5076,
            "avg": 0.15604733333333334,
            "min": 0,
            "max": 9.1169,
            "p(50)": 0,
            "p(75)": 0,
            "p(90)": 0,
            "p(95)": 0
        },
        "http_req_failed": {
            "passes": 0,
            "fails": 1200,
            "thresholds": {
                "rate<0.01": false
            },
            "value": 0
        },
        "http_req_duration": {
            "p(95)": 15.683329999999987,
            "p(99)": 40.0987,
            "avg": 8.362134416666658,
            "min": 3.3912,
            "max": 48.9719,
            "p(50)": 6.9467,
            "p(75)": 9.708675,
            "p(90)": 11.923400000000004
        },
        "http_req_waiting": {
            "p(99)": 40.0987,
            "avg": 8.231262249999986,
            "min": 3.3912,
            "max": 48.9719,
            "p(50)": 6.7692499999999995,
            "p(75)": 9.6292,
            "p(90)": 11.460980000000024,
            "p(95)": 15.6684
        },
        "vus_max": {
            "min": 20,
            "max": 20,
            "value": 20
        },
        "vus": {
            "value": 20,
            "min": 20,
            "max": 20
        },
        "http_reqs": {
            "count": 1200,
            "rate": 39.24428522674555
        },
        "http_req_duration{expected_response:true}": {
            "p(95)": 15.683329999999987,
            "p(99)": 40.0987,
            "avg": 8.362134416666658,
            "min": 3.3912,
            "max": 48.9719,
            "p(50)": 6.9467,
            "p(75)": 9.708675,
            "p(90)": 11.923400000000004
        },
        "checks": {
            "passes": 1200,
            "fails": 0,
            "value": 1
        },
        "data_received": {
            "count": 378000,
            "rate": 12361.949846424848
        },
        "http_req_receiving": {
            "p(95)": 0.5296249999999999,
            "p(99)": 1.065518999999999,
            "avg": 0.09140775000000005,
            "min": 0,
            "max": 3.7493,
            "p(50)": 0,
            "p(75)": 0,
            "p(90)": 0.5057
        }
    },
    "root_group": {
        "name": "",
        "path": "",
        "id": "d41d8cd98f00b204e9800998ecf8427e",
        "groups": {},
        "checks": {
                "products list ok": {
                    "fails": 0,
                    "name": "products list ok",
                    "path": "::products list ok",
                    "id": "9510a9eed98727c4f6d467383c223a18",
                    "passes": 600
                },
                "product ok": {
                    "passes": 600,
                    "fails": 0,
                    "name": "product ok",
                    "path": "::product ok",
                    "id": "716e252b0c1f95f7b69e330791590bce"
                }
            }
    }
}