{
    "metrics": {
        "http_req_blocked": {
            "p(50)": 0,
            "p(75)": 0,
            "p(90)": 0,
            "p(95)": 0,
            "p(99)": 0.6286839999999996,
            "avg": 0.08388153333333333,
            "min": 0,
            "max": 11.4315
        },
        "vus": {
            "max": 10,
            "value": 10,
            "min": 10
        },
        "http_req_tls_handshaking": {
            "p(75)": 0,
            "p(90)": 0,
            "p(95)": 0,
            "p(99)": 0,
            "avg": 0,
            "min": 0,
            "max": 0,
            "p(50)": 0
        },
        "http_req_sending": {
            "min": 0,
            "max": 1.5344,
            "p(50)": 0,
            "p(75)": 0,
            "p(90)": 0,
            "p(95)": 0.08342499999999999,
            "p(99)": 0.7675,
            "avg": 0.029777333333333333
        },
        "http_reqs": {
            "count": 1500,
            "rate": 48.6347292839714
        },
        "checks": {
            "passes": 1500,
            "fails": 0,
            "value": 1
        },
        "data_received": {
            "count": 600600,
            "rate": 19473.34560530215
        },
        "http_req_receiving": {
            "min": 0,
            "max": 3.623,
            "p(50)": 0,
            "p(75)": 0,
            "p(90)": 0.5046100000000001,
            "p(95)": 0.52278,
            "p(99)": 0.9218789999999993,
            "avg": 0.07415053333333337
        },
        "data_sent": {
            "count": 892200,
            "rate": 28927.93697810619
        },
        "http_req_connecting": {
            "p(99)": 0,
            "avg": 0.006122666666666666,
            "min": 0,
            "max": 0.9184,
            "p(50)": 0,
            "p(75)": 0,
            "p(90)": 0,
            "p(95)": 0
        },
        "vus_max": {
            "value": 10,
            "min": 10,
            "max": 10
        },
        "http_req_duration{expected_response:true}": {
            "max": 55.8919,
            "p(50)": 3.8299,
            "p(75)": 5.6627,
            "p(90)": 8.2765,
            "p(95)": 9.314544999999999,
            "p(99)": 23.9642,
            "avg": 5.033955999999992,
            "min": 1.2376
        },
        "http_req_waiting": {
            "min": 1.0635,
            "max": 55.8919,
            "p(50)": 3.71,
            "p(75)": 5.5435,
            "p(90)": 8.083600000000017,
            "p(95)": 9.2915,
            "p(99)": 23.9642,
            "avg": 4.930028133333333
        },
        "iterations": {
            "count": 300,
            "rate": 9.72694585679428
        },
        "iteration_duration": {
            "p(75)": 1027.554225,
            "p(90)": 1029.9851800000001,
            "p(95)": 1031.56295,
            "p(99)": 1139.3339,
            "avg": 1027.8919826666672,
            "min": 1017.2065,
            "max": 1139.8537,
            "p(50)": 1023.8905500000001
        },
        "http_req_failed": {
            "passes": 0,
            "fails": 1500,
            "thresholds": {
                "rate<0.02": false
            },
            "value": 0
        },
        "http_req_duration": {
            "p(50)": 3.8299,
            "p(75)": 5.6627,
            "p(90)": 8.2765,
            "p(95)": 9.314544999999999,
            "p(99)": 23.9642,
            "avg": 5.033955999999992,
            "min": 1.2376,
            "max": 55.8919
        }
    },
    "root_group": {
        "name": "",
        "path": "",
        "id": "d41d8cd98f00b204e9800998ecf8427e",
        "groups": {},
        "checks": {
                "login ok": {
                    "id": "0ddcda49e3a8b9d6d2e015dafbaafe65",
                    "passes": 300,
                    "fails": 0,
                    "name": "login ok",
                    "path": "::login ok"
                },
                "cart add ok": {
                    "name": "cart add ok",
                    "path": "::cart add ok",
                    "id": "3476b21dcb095c2f01deccc20115d127",
                    "passes": 300,
                    "fails": 0
                },
                "cart get ok": {
                    "name": "cart get ok",
                    "path": "::cart get ok",
                    "id": "9d960ca6baf25ee48d3f3c991473fca0",
                    "passes": 300,
                    "fails": 0
                },
                "cart update ok": {
                    "name": "cart update ok",
                    "path": "::cart update ok",
                    "id": "07ee78e8bcccf32bc9963f8d3c17eecf",
                    "passes": 300,
                    "fails": 0
                },
                "cart remove ok": {
                    "passes": 300,
                    "fails": 0,
                    "name": "cart remove ok",
                    "path": "::cart remove ok",
                    "id": "31001ad0f6cf28a008d3b28f557b05a9"
                }
            }
    }
}