{
    "root_group": {
        "name": "",
        "path": "",
        "id": "d41d8cd98f00b204e9800998ecf8427e",
        "groups": {},
        "checks": {
                "products list ok": {
                    "name": "products list ok",
                    "path": "::products list ok",
                    "id": "9510a9eed98727c4f6d467383c223a18",
                    "passes": 8023,
                    "fails": 0
                },
                "product ok": {
                    "fails": 0,
                    "name": "product ok",
                    "path": "::product ok",
                    "id": "716e252b0c1f95f7b69e330791590bce",
                    "passes": 8023
                }
            }
    },
    "metrics": {
        "data_received": {
            "count": 5054490,
            "rate": 33499.36980267011
        },
        "iterations": {
            "rate": 53.17360286138112,
            "count": 8023
        },
        "http_reqs": {
            "count": 16046,
            "rate": 106.34720572276224
        },
        "iteration_duration": {
            "avg": 1013.3785144708912,
            "min": 1004.6154,
            "max": 1094.2794,
            "p(50)": 1012.8677,
            "p(75)": 1015.34115,
            "p(90)": 1018.42046,
            "p(95)": 1020.6702,
            "p(99)": 1027.766578
        },
        "http_req_connecting": {
            "avg": 0.004383079895301009,
            "min": 0,
            "max": 2.084,
            "p(50)": 0,
            "p(75)": 0,
            "p(90)": 0,
            "p(95)": 0,
            "p(99)": 0
        },
        "vus": {
            "value": 22,
            "min": 1,
            "max": 100
        },
        "vus_max": {
            "value": 100,
            "min": 100,
            "max": 100
        },
        "http_req_tls_handshaking": {
            "p(90)": 0,
            "p(95)": 0,
            "p(99)": 0,
            "avg": 0,
            "min": 0,
            "max": 0,
            "p(50)": 0,
            "p(75)": 0
        },
        "http_req_waiting": {
            "p(75)": 7.7561,
            "p(90)": 9.4481,
            "p(95)": 10.5289,
            "p(99)": 13.7063,
            "avg": 6.1360485666209765,
            "min": 1.6425,
            "max": 89.2175,
            "p(50)": 5.455399999999999
        },
        "data_sent": {
            "count": 1468209,
            "rate": 9730.769323632745
        },
        "checks": {
            "passes": 16046,
            "fails": 0,
            "value": 1
        },
        "http_req_receiving": {
            "p(50)": 0,
            "p(75)": 0,
            "p(90)": 0.5047,
            "p(95)": 0.5255749999999999,
            "p(99)": 0.6474299999999981,
            "avg": 0.07155478623956128,
            "min": 0,
            "max": 6.3911
        },
        "http_req_sending": {
            "p(90)": 0,
            "p(95)": 0,
            "p(99)": 0.5347399999999994,
            "avg": 0.017127776392870515,
            "min": 0,
            "max": 4.0136,
            "p(50)": 0,
            "p(75)": 0
        },
        "http_req_failed": {
            "passes": 0,
            "fails": 16046,
            "thresholds": {
                "rate<0.05": false
            },
            "value": 0
        },
        "http_req_duration": {
            "p(90)": 9.57715,
            "p(95)": 10.6308,
            "p(99)": 13.900479999999998,
            "avg": 6.224731129253406,
            "min": 1.6425,
            "max": 89.2175,
            "p(50)": 5.5322,
            "p(75)": 7.8477500000000004
        },
        "http_req_duration{expected_response:true}": {
            "min": 1.6425,
            "max": 89.2175,
            "p(50)": 5.5322,
            "p(75)": 7.8477500000000004,
            "p(90)": 9.57715,
            "p(95)": 10.6308,
            "p(99)": 13.900479999999998,
            "avg": 6.224731129253406
        },
        "http_req_blocked": {
            "max": 3.1122,
            "p(50)": 0,
            "p(75)": 0,
            "p(90)": 0,
            "p(95)": 0,
            "p(99)": 0.5135549999999999,
            "avg": 0.011599526361710086,
            "min": 0
        }
    }
}