{
    "root_group": {
        "path": "",
        "id": "d41d8cd98f00b204e9800998ecf8427e",
        "groups": {},
        "checks": {
                "products list ok": {
                    "id": "9510a9eed98727c4f6d467383c223a18",
                    "passes": 8018,
                    "fails": 0,
                    "name": "products list ok",
                    "path": "::products list ok"
                },
                "product ok": {
                    "fails": 0,
                    "name": "product ok",
                    "path": "::product ok",
                    "id": "716e252b0c1f95f7b69e330791590bce",
                    "passes": 8018
                }
            },
        "name": ""
    },
    "metrics": {
        "iterations": {
            "count": 8018,
            "rate": 53.11123730347571
        },
        "http_req_receiving": {
            "p(50)": 0,
            "p(75)": 0,
            "p(90)": 0.5057,
            "p(95)": 0.5288,
            "p(99)": 0.6636,
            "avg": 0.07517574208031931,
            "min": 0,
            "max": 2.2758
        },
        "checks": {
            "passes": 16036,
            "fails": 0,
            "value": 1
        },
        "http_reqs": {
            "count": 16036,
            "rate": 106.22247460695142
        },
        "data_sent": {
            "count": 1467294,
            "rate": 9719.356426536055
        },
        "http_req_connecting": {
            "p(90)": 0,
            "p(95)": 0,
            "p(99)": 0,
            "avg": 0.006708194063357446,
            "min": 0,
            "max": 3.6531,
            "p(50)": 0,
            "p(75)": 0
        },
        "vus_max": {
            "max": 100,
            "value": 100,
            "min": 100
        },
        "data_received": {
            "count": 5051340,
            "rate": 33460.0795011897
        },
        "http_req_duration": {
            "min": 1.2107,
            "max": 62.1536,
            "p(50)": 6.47485,
            "p(75)": 8.7833,
            "p(90)": 10.72675,
            "p(95)": 11.868,
            "p(99)": 14.879644999999979,
            "avg": 6.870957252431995
        },
        "http_req_duration{expected_response:true}": {
            "min": 1.2107,
            "max": 62.1536,
            "p(50)": 6.47485,
            "p(75)": 8.7833,
            "p(90)": 10.72675,
            "p(95)": 11.868,
            "p(99)": 14.879644999999979,
            "avg": 6.870957252431995
        },
        "http_req_failed": {
            "passes": 0,
            "fails": 16036,
            "thresholds": {
                "rate<0.05": false
            },
            "value": 0
        },
        "http_req_blocked": {
            "avg": 0.013237515589922678,
            "min": 0,
            "max": 3.6531,
            "p(50)": 0,
            "p(75)": 0,
            "p(90)": 0,
            "p(95)": 0,
            "p(99)": 0.51903
        },
        "http_req_sending": {
            "max": 6.5433,
            "p(50)": 0,
            "p(75)": 0,
            "p(90)": 0,
            "p(95)": 0,
            "p(99)": 0.5611249999999999,
            "avg": 0.02254722499376403,
            "min": 0
        },
        "iteration_duration": {
            "p(95)": 1023.0275200000001,
            "p(99)": 1027.77248,
            "avg": 1014.6922513469715,
            "min": 1004.8493,
            "max": 1068.4202,
            "p(50)": 1014.0767,
            "p(75)": 1017.41085,
            "p(90)": 1020.89181
        },
        "http_req_waiting": {
            "p(75)": 8.666975,
            "p(90)": 10.55855,
            "p(95)": 11.75625,
            "p(99)": 14.694054999999999,
            "avg": 6.773234285357891,
            "min": 1.2107,
            "max": 62.1536,
            "p(50)": 6.380599999999999
        },
        "vus": {
            "min": 1,
            "max": 100,
            "value": 22
        },
        "http_req_tls_handshaking": {
            "p(90)": 0,
            "p(95)": 0,
            "p(99)": 0,
            "avg": 0,
            "min": 0,
            "max": 0,
            "p(50)": 0,
            "p(75)": 0
        }
    }
}