{
    "root_group": {
        "name": "",
        "path": "",
        "id": "d41d8cd98f00b204e9800998ecf8427e",
        "groups": {},
        "checks": {
                "products list ok": {
                    "name": "products list ok",
                    "path": "::products list ok",
                    "id": "9510a9eed98727c4f6d467383c223a18",
                    "passes": 600,
                    "fails": 0
                },
                "product ok": {
                    "name": "product ok",
                    "path": "::product ok",
                    "id": "716e252b0c1f95f7b69e330791590bce",
                    "passes": 600,
                    "fails": 0
                }
            }
    },
    "metrics": {
        "http_req_tls_handshaking": {
            "avg": 0,
            "min": 0,
            "max": 0,
            "p(50)": 0,
            "p(75)": 0,
            "p(90)": 0,
            "p(95)": 0,
            "p(99)": 0
        },
        "http_req_sending": {
            "avg": 0.03740566666666665,
            "min": 0,
            "max": 4.3987,
            "p(50)": 0,
            "p(75)": 0,
            "p(90)": 0,
            "p(95)": 0.1411399999999997,
            "p(99)": 1.008827
        },
        "vus": {
            "max": 20,
            "value": 20,
            "min": 20
        },
        "http_reqs": {
            "count": 1200,
            "rate": 39.28072372821808
        },
        "data_received": {
            "count": 378000,
            "rate": 12373.427974388693
        },
        "http_req_waiting": {
            "max": 46.301,
            "p(50)": 6.5797,
            "p(75)": 9.3407,
            "p(90)": 11.899620000000004,
            "p(95)": 13.337729999999997,
            "p(99)": 37.25854099999999,
            "avg": 7.9706415000000135,
            "min": 2.7752
        },
        "iterations": {
            "count": 600,
            "rate": 19.64036186410904
        },
        "http_req_duration{expected_response:true}": {
            "p(90)": 12.0785,
            "p(95)": 13.740054999999995,
            "p(99)": 37.25854099999999,
            "avg": 8.100739666666675,
            "min": 2.7752,
            "max": 46.301,
            "p(50)": 6.67,
            "p(75)": 9.54895
        },
        "http_req_receiving": {
            "p(95)": 0.5226099999999999,
            "p(99)": 1.2152,
            "avg": 0.0926925,
            "min": 0,
            "max": 2.3686,
            "p(50)": 0,
            "p(75)": 0,
            "p(90)": 0.5066
        },
        "http_req_failed": {
            "passes": 0,
            "fails": 1200,
            "thresholds": {
                "rate<0.01": false
            },
            "value": 0
        },
        "http_req_blocked": {
            "max": 12.115,
            "p(50)": 0,
            "p(75)": 0,
            "p(90)": 0,
            "p(95)": 0,
            "p(99)": 9.29,
            "avg": 0.17446041666666665,
            "min": 0
        },
        "vus_max": {
            "max": 20,
            "value": 20,
            "min": 20
        },
        "data_sent": {
            "count": 109800,
            "rate": 3594.186221131954
        },
        "checks": {
            "passes": 1200,
            "fails": 0,
            "value": 1
        },
        "http_req_connecting": {
            "p(99)": 1.0578929999999984,
            "avg": 0.022344833333333338,
            "min": 0,
            "max": 3.0976,
            "p(50)": 0,
            "p(75)": 0,
            "p(90)": 0,
            "p(95)": 0
        },
        "iteration_duration": {
            "p(95)": 1022.99623,
            "p(99)": 1070.481967,
            "avg": 1018.1835593333361,
            "min": 1007.5986,
            "max": 1076.8694,
            "p(50)": 1016.192,
            "p(75)": 1018.243825,
            "p(90)": 1020.74721
        },
        "http_req_duration": {
            "p(99)": 37.25854099999999,
            "avg": 8.100739666666675,
            "min": 2.7752,
            "max": 46.301,
            "p(50)": 6.67,
            "p(75)": 9.54895,
            "p(90)": 12.0785,
            "p(95)": 13.740054999999995
        }
    }
}