{
    "metrics": {
        "iteration_duration": {
            "p(95)": 1020.708775,
            "p(99)": 1025.305333,
            "avg": 1013.3277796264043,
            "min": 1004.8991,
            "max": 1069.0052,
            "p(50)": 1012.6305,
            "p(75)": 1015.7149,
            "p(90)": 1018.6628
        },
        "http_req_connecting": {
            "max": 1.9113,
            "p(50)": 0,
            "p(75)": 0,
            "p(90)": 0,
            "p(95)": 0,
            "p(99)": 0,
            "avg": 0.0055445828144458295,
            "min": 0
        },
        "data_sent": {
            "count": 1469490,
            "rate": 9732.656073269252
        },
        "data_received": {
            "count": 5058900,
            "rate": 33505.8651702712
        },
        "http_req_blocked": {
            "p(75)": 0,
            "p(90)": 0,
            "p(95)": 0,
            "p(99)": 0.5169459999999999,
            "avg": 0.011883966376089657,
            "min": 0,
            "max": 5.7364,
            "p(50)": 0
        },
        "vus_max": {
            "min": 100,
            "max": 100,
            "value": 100
        },
        "vus": {
            "value": 23,
            "min": 1,
            "max": 100
        },
        "http_reqs": {
            "count": 16060,
            "rate": 106.36782593736888
        },
        "http_req_duration": {
            "p(50)": 5.5748,
            "p(75)": 7.8883,
            "p(90)": 9.660070000000001,
            "p(95)": 10.714939999999995,
            "p(99)": 13.355302,
            "avg": 6.236257851805692,
            "min": 1.2017,
            "max": 61.3011
        },
        "http_req_duration{expected_response:true}": {
            "max": 61.3011,
            "p(50)": 5.5748,
            "p(75)": 7.8883,
            "p(90)": 9.660070000000001,
            "p(95)": 10.714939999999995,
            "p(99)": 13.355302,
            "avg": 6.236257851805692,
            "min": 1.2017
        },
        "http_req_tls_handshaking": {
            "max": 0,
            "p(50)": 0,
            "p(75)": 0,
            "p(90)": 0,
            "p(95)": 0,
            "p(99)": 0,
            "avg": 0,
            "min": 0
        },
        "http_req_receiving": {
            "min": 0,
            "max": 3.5829,
            "p(50)": 0,
            "p(75)": 0,
            "p(90)": 0.5056,
            "p(95)": 0.530005,
            "p(99)": 0.6351329999999998,
            "avg": 0.07504468866749715
        },
        "iterations": {
            "count": 8030,
            "rate": 53.18391296868444
        },
        "http_req_failed": {
            "passes": 0,
            "fails": 16060,
            "thresholds": {
                "rate<0.05": false
            },
            "value": 0
        },
        "http_req_sending": {
            "p(90)": 0,
            "p(95)": 0,
            "p(99)": 0.5374819999999999,
            "avg": 0.01679285803237858,
            "min": 0,
            "max": 4.067,
            "p(50)": 0,
            "p(75)": 0
        },
        "http_req_waiting": {
            "max": 61.3011,
            "p(50)": 5.493650000000001,
            "p(75)": 7.78545,
            "p(90)": 9.5548,
            "p(95)": 10.559749999999996,
            "p(99)": 13.2729,
            "avg": 6.144420305105815,
            "min": 1.2017
        },
        "checks": {
            "passes": 16060,
            "fails": 0,
            "value": 1
        }
    },
    "root_group": {
        "path": "",
        "id": "d41d8cd98f00b204e9800998ecf8427e",
        "groups": {},
        "checks": {
                "products list ok": {
                    "name": "products list ok",
                    "path": "::products list ok",
                    "id": "9510a9eed98727c4f6d467383c223a18",
                    "passes": 8030,
                    "fails": 0
                },
                "product ok": {
                    "name": "product ok",
                    "path": "::product ok",
                    "id": "716e252b0c1f95f7b69e330791590bce",
                    "passes": 8030,
                    "fails": 0
                }
            },
        "name": ""
    }
}