{
    "metrics": {
        "http_req_receiving": {
            "p(75)": 0,
            "p(90)": 0.5070100000000001,
            "p(95)": 0.5417449999999999,
            "p(99)": 1.0158649999999991,
            "avg": 0.08357006666666669,
            "min": 0,
            "max": 3.3218,
            "p(50)": 0
        },
        "http_req_connecting": {
            "p(90)": 0,
            "p(95)": 0,
            "p(99)": 0,
            "avg": 0.006277999999999999,
            "min": 0,
            "max": 1.3211,
            "p(50)": 0,
            "p(75)": 0
        },
        "http_req_sending": {
            "p(95)": 0.1453499999999995,
            "p(99)": 0.5672,
            "avg": 0.028881599999999986,
            "min": 0,
            "max": 1.9493,
            "p(50)": 0,
            "p(75)": 0,
            "p(90)": 0
        },
        "iterations": {
            "count": 300,
            "rate": 9.729781239717546
        },
        "data_sent": {
            "count": 892200,
            "rate": 28936.369406919985
        },
        "http_req_duration{expected_response:true}": {
            "p(50)": 4.005,
            "p(75)": 5.3849,
            "p(90)": 7.644710000000005,
            "p(95)": 8.8095,
            "p(99)": 24.8975,
            "avg": 4.9884021333333255,
            "min": 1.1757,
            "max": 60.8358
        },
        "http_req_blocked": {
            "max": 9.4449,
            "p(50)": 0,
            "p(75)": 0,
            "p(90)": 0,
            "p(95)": 0,
            "p(99)": 0.5125629999999999,
            "avg": 0.06548566666666668,
            "min": 0
        },
        "checks": {
            "passes": 1500,
            "fails": 0,
            "value": 1
        },
        "http_req_tls_handshaking": {
            "p(95)": 0,
            "p(99)": 0,
            "avg": 0,
            "min": 0,
            "max": 0,
            "p(50)": 0,
            "p(75)": 0,
            "p(90)": 0
        },
        "http_req_duration": {
            "min": 1.1757,
            "max": 60.8358,
            "p(50)": 4.005,
            "p(75)": 5.3849,
            "p(90)": 7.644710000000005,
            "p(95)": 8.8095,
            "p(99)": 24.8975,
            "avg": 4.9884021333333255
        },
        "data_received": {
            "rate": 19479.02204191453,
            "count": 600600
        },
        "iteration_duration": {
            "p(75)": 1026.0922,
            "p(90)": 1032.9478,
            "p(95)": 1037.492,
            "p(99)": 1147.3104,
            "avg": 1027.7182019999993,
            "min": 1015.4982,
            "max": 1147.8171,
            "p(50)": 1023.1768500000001
        },
        "http_reqs": {
            "count": 1500,
            "rate": 48.64890619858773
        },
        "http_req_waiting": {
            "p(95)": 8.50563,
            "p(99)": 24.8975,
            "avg": 4.8759504666666595,
            "min": 1.1757,
            "max": 60.8358,
            "p(50)": 3.894,
            "p(75)": 5.167175,
            "p(90)": 7.482540000000003
        },
        "vus_max": {
            "value": 10,
            "min": 10,
            "max": 10
        },
        "vus": {
            "value": 10,
            "min": 10,
            "max": 10
        },
        "http_req_failed": {
            "passes": 0,
            "fails": 1500,
            "thresholds": {
                "rate<0.02": false
            },
            "value": 0
        }
    },
    "root_group": {
        "path": "",
        "id": "d41d8cd98f00b204e9800998ecf8427e",
        "groups": {},
        "checks": {
                "login ok": {
                    "name": "login ok",
                    "path": "::login ok",
                    "id": "0ddcda49e3a8b9d6d2e015dafbaafe65",
                    "passes": 300,
                    "fails": 0
                },
                "cart add ok": {
                    "name": "cart add ok",
                    "path": "::cart add ok",
                    "id": "3476b21dcb095c2f01deccc20115d127",
                    "passes": 300,
                    "fails": 0
                },
                "cart get ok": {
                    "name": "cart get ok",
                    "path": "::cart get ok",
                    "id": "9d960ca6baf25ee48d3f3c991473fca0",
                    "passes": 300,
                    "fails": 0
                },
                "cart update ok": {
                    "id": "07ee78e8bcccf32bc9963f8d3c17eecf",
                    "passes": 300,
                    "fails": 0,
                    "name": "cart update ok",
                    "path": "::cart update ok"
                },
                "cart remove ok": {
                    "fails": 0,
                    "name": "cart remove ok",
                    "path": "::cart remove ok",
                    "id": "31001ad0f6cf28a008d3b28f557b05a9",
                    "passes": 300
                }
            },
        "name": ""
    }
}