{
    "metrics": {
        "data_sent": {
            "count": 1466928,
            "rate": 9717.396451269518
        },
        "http_req_failed": {
            "fails": 16032,
            "passes": 0,
            "thresholds": {
                "rate<0.05": false
            },
            "value": 0
        },
        "http_req_connecting": {
            "p(50)": 0,
            "p(75)": 0,
            "p(90)": 0,
            "p(95)": 0,
            "p(99)": 0,
            "avg": 0.009770958083832335,
            "min": 0,
            "max": 5.2307
        },
        "data_received": {
            "count": 5050080,
            "rate": 33453.33204535408
        },
        "http_reqs": {
            "count": 16032,
            "rate": 106.20105411223518
        },
        "http_req_waiting": {
            "avg": 6.741526690369308,
            "min": 1.3682,
            "max": 43.3591,
            "p(50)": 6.44365,
            "p(75)": 8.625575000000001,
            "p(90)": 10.2708,
            "p(95)": 11.2619,
            "p(99)": 14.078683000000007
        },
        "vus": {
            "max": 100,
            "value": 22,
            "min": 1
        },
        "http_req_tls_handshaking": {
            "min": 0,
            "max": 0,
            "p(50)": 0,
            "p(75)": 0,
            "p(90)": 0,
            "p(95)": 0,
            "p(99)": 0,
            "avg": 0
        },
        "checks": {
            "fails": 0,
            "passes": 16032,
            "value": 1
        },
        "http_req_duration": {
            "p(95)": 11.3817,
            "p(99)": 14.1843,
            "avg": 6.84788935878249,
            "min": 1.3682,
            "max": 43.9907,
            "p(50)": 6.55935,
            "p(75)": 8.759,
            "p(90)": 10.4216
        },
        "vus_max": {
            "max": 100,
            "value": 100,
            "min": 100
        },
        "iteration_duration": {
            "max": 1067.1421,
            "p(50)": 1014.3657,
            "p(75)": 1017.5708999999999,
            "p(90)": 1020.8245,
            "p(95)": 1022.7614000000001,
            "p(99)": 1027.0254,
            "avg": 1014.9967059506024,
            "min": 1005.3626
        },
        "http_req_sending": {
            "p(95)": 0,
            "p(99)": 0.6185070000000001,
            "avg": 0.02861049775449102,
            "min": 0,
            "max": 9.3029,
            "p(50)": 0,
            "p(75)": 0,
            "p(90)": 0
        },
        "http_req_receiving": {
            "p(95)": 0.5242,
            "p(99)": 0.6281690000000001,
            "avg": 0.0777521706586823,
            "min": 0,
            "max": 11.4745,
            "p(50)": 0,
            "p(75)": 0,
            "p(90)": 0.506
        },
        "http_req_duration{expected_response:true}": {
            "max": 43.9907,
            "p(50)": 6.55935,
            "p(75)": 8.759,
            "p(90)": 10.4216,
            "p(95)": 11.3817,
            "p(99)": 14.1843,
            "avg": 6.84788935878249,
            "min": 1.3682
        },
        "iterations": {
            "count": 8016,
            "rate": 53.10052705611759
        },
        "http_req_blocked": {
            "p(90)": 0,
            "p(95)": 0,
            "p(99)": 0.5472690000000001,
            "avg": 0.01813418787425149,
            "min": 0,
            "max": 5.2307,
            "p(50)": 0,
            "p(75)": 0
        }
    },
    "root_group": {
        "checks": {
            "products list ok": {
                "name": "products list ok",
                "path": "::products list ok",
                "id": "9510a9eed98727c4f6d467383c223a18",
                "passes": 8016,
                "fails": 0
            },
            "product ok": {
                "name": "product ok",
                "path": "::product ok",
                "id": "716e252b0c1f95f7b69e330791590bce",
                "passes": 8016,
                "fails": 0
            }
        },
        "name": "",
        "path": "",
        "id": "d41d8cd98f00b204e9800998ecf8427e",
        "groups": {}
    }
}