{
    "metrics": {
        "http_req_blocked": {
            "p(50)": 0,
            "p(75)": 0,
            "p(90)": 0,
            "p(95)": 0,
            "p(99)": 12.2987,
            "avg": 0.21256749999999996,
            "min": 0,
            "max": 12.823
        },
        "http_req_tls_handshaking": {
            "avg": 0,
            "min": 0,
            "max": 0,
            "p(50)": 0,
            "p(75)": 0,
            "p(90)": 0,
            "p(95)": 0,
            "p(99)": 0
        },
        "http_req_waiting": {
            "p(75)": 8.868500000000001,
            "p(90)": 10.7764,
            "p(95)": 13.921124999999996,
            "p(99)": 33.12329099999998,
            "avg": 7.797348249999995,
            "min": 2.5684,
            "max": 55.5874,
            "p(50)": 6.5617
        },
        "vus": {
            "max": 20,
            "value": 20,
            "min": 20
        },
        "http_req_sending": {
            "p(50)": 0,
            "p(75)": 0,
            "p(90)": 0,
            "p(95)": 0.11448999999999791,
            "p(99)": 0.999694,
            "avg": 0.03831891666666667,
            "min": 0,
            "max": 3.1196
        },
        "vus_max": {
            "value": 20,
            "min": 20,
            "max": 20
        },
        "iteration_duration": {
            "p(95)": 1026.6562,
            "p(99)": 1070.1522949999999,
            "avg": 1018.3707033333337,
            "min": 1009.4743,
            "max": 1073.3326,
            "p(50)": 1016.3851,
            "p(75)": 1018.101075,
            "p(90)": 1021.71387
        },
        "checks": {
            "passes": 1200,
            "fails": 0,
            "value": 1
        },
        "iterations": {
            "count": 600,
            "rate": 19.636106103476788
        },
        "http_req_receiving": {
            "avg": 0.10207541666666667,
            "min": 0,
            "max": 4.2614,
            "p(50)": 0,
            "p(75)": 0,
            "p(90)": 0.50651,
            "p(95)": 0.5291,
            "p(99)": 1.2674919999999976
        },
        "http_req_duration": {
            "min": 2.5684,
            "max": 55.5874,
            "p(50)": 6.6899,
            "p(75)": 9.1132,
            "p(90)": 10.85105,
            "p(95)": 14.042989999999994,
            "p(99)": 33.12329099999998,
            "avg": 7.937742583333326
        },
        "http_req_duration{expected_response:true}": {
            "max": 55.5874,
            "p(50)": 6.6899,
            "p(75)": 9.1132,
            "p(90)": 10.85105,
            "p(95)": 14.042989999999994,
            "p(99)": 33.12329099999998,
            "avg": 7.937742583333326,
            "min": 2.5684
        },
        "data_sent": {
            "count": 109800,
            "rate": 3593.4074169362525
        },
        "http_reqs": {
            "count": 1200,
            "rate": 39.272212206953576
        },
        "data_received": {
            "count": 378000,
            "rate": 12370.746845190377
        },
        "http_req_failed": {
            "passes": 0,
            "fails": 1200,
            "thresholds": {
                "rate<0.01": false
            },
            "value": 0
        },
        "http_req_connecting": {
            "p(75)": 0,
            "p(90)": 0,
            "p(95)": 0,
            "p(99)": 1.309,
            "avg": 0.022599000000000005,
            "min": 0,
            "max": 2.0068,
            "p(50)": 0
        }
    },
    "root_group": {
        "name": "",
        "path": "",
        "id": "d41d8cd98f00b204e9800998ecf8427e",
        "groups": {},
        "checks": {
                "products list ok": {
                    "passes": 600,
                    "fails": 0,
                    "name": "products list ok",
                    "path": "::products list ok",
                    "id": "9510a9eed98727c4f6d467383c223a18"
                },
                "product ok": {
                    "passes": 600,
                    "fails": 0,
                    "name": "product ok",
                    "path": "::product ok",
                    "id": "716e252b0c1f95f7b69e330791590bce"
                }
            }
    }
}