{
    "root_group": {
        "name": "",
        "path": "",
        "id": "d41d8cd98f00b204e9800998ecf8427e",
        "groups": {},
        "checks": {
                "login ok": {
                    "path": "::login ok",
                    "id": "0ddcda49e3a8b9d6d2e015dafbaafe65",
                    "passes": 300,
                    "fails": 0,
                    "name": "login ok"
                },
                "cart add ok": {
                    "id": "3476b21dcb095c2f01deccc20115d127",
                    "passes": 300,
                    "fails": 0,
                    "name": "cart add ok",
                    "path": "::cart add ok"
                },
                "cart get ok": {
                    "name": "cart get ok",
                    "path": "::cart get ok",
                    "id": "9d960ca6baf25ee48d3f3c991473fca0",
                    "passes": 300,
                    "fails": 0
                },
                "cart update ok": {
                    "fails": 0,
                    "name": "cart update ok",
                    "path": "::cart update ok",
                    "id": "07ee78e8bcccf32bc9963f8d3c17eecf",
                    "passes": 300
                },
                "cart remove ok": {
                    "name": "cart remove ok",
                    "path": "::cart remove ok",
                    "id": "31001ad0f6cf28a008d3b28f557b05a9",
                    "passes": 300,
                    "fails": 0
                }
            }
    },
    "metrics": {
        "data_received": {
            "count": 600600,
            "rate": 19450.04495920316
        },
        "iteration_duration": {
            "p(95)": 1033.63517,
            "p(99)": 1144.142402,
            "avg": 1029.1895436666662,
            "min": 1016.3711,
            "max": 1145.5868,
            "p(50)": 1025.3064,
            "p(75)": 1027.84745,
            "p(90)": 1032.07368
        },
        "vus_max": {
            "max": 10,
            "value": 10,
            "min": 10
        },
        "http_req_blocked": {
            "min": 0,
            "max": 9.7944,
            "p(50)": 0,
            "p(75)": 0,
            "p(90)": 0,
            "p(95)": 0,
            "p(99)": 0.5305469999999999,
            "avg": 0.07183126666666663
        },
        "http_req_tls_handshaking": {
            "p(95)": 0,
            "p(99)": 0,
            "avg": 0,
            "min": 0,
            "max": 0,
            "p(50)": 0,
            "p(75)": 0,
            "p(90)": 0
        },
        "checks": {
            "passes": 1500,
            "fails": 0,
            "value": 1
        },
        "data_sent": {
            "count": 892200,
            "rate": 28893.323530804293
        },
        "iterations": {
            "count": 300,
            "rate": 9.71530717242915
        },
        "http_req_duration": {
            "p(99)": 24.2327,
            "avg": 5.230099733333341,
            "min": 1.5477,
            "max": 60.1709,
            "p(50)": 4.0584,
            "p(75)": 5.8683,
            "p(90)": 8.2407,
            "p(95)": 9.676
        },
        "http_req_duration{expected_response:true}": {
            "p(50)": 4.0584,
            "p(75)": 5.8683,
            "p(90)": 8.2407,
            "p(95)": 9.676,
            "p(99)": 24.2327,
            "avg": 5.230099733333341,
            "min": 1.5477,
            "max": 60.1709
        },
        "http_req_receiving": {
            "p(95)": 0.5227999999999999,
            "p(99)": 0.6757109999999998,
            "avg": 0.07802860000000007,
            "min": 0,
            "max": 6.5155,
            "p(50)": 0,
            "p(75)": 0,
            "p(90)": 0.5049
        },
        "vus": {
            "value": 10,
            "min": 10,
            "max": 10
        },
        "http_req_connecting": {
            "p(99)": 0,
            "avg": 0.005785999999999999,
            "min": 0,
            "max": 0.8679,
            "p(50)": 0,
            "p(75)": 0,
            "p(90)": 0,
            "p(95)": 0
        },
        "http_reqs": {
            "count": 1500,
            "rate": 48.57653586214575
        },
        "http_req_failed": {
            "passes": 0,
            "fails": 1500,
            "thresholds": {
                "rate<0.02": false
            },
            "value": 0
        },
        "http_req_waiting": {
            "p(90)": 8.063600000000001,
            "p(95)": 9.56777,
            "p(99)": 24.2327,
            "avg": 5.115339400000007,
            "min": 1.0285,
            "max": 60.1709,
            "p(50)": 3.97465,
            "p(75)": 5.716225
        },
        "http_req_sending": {
            "p(90)": 0,
            "p(95)": 0.16666499999999995,
            "p(99)": 0.9202619999999992,
            "avg": 0.036731733333333336,
            "min": 0,
            "max": 3.5747,
            "p(50)": 0,
            "p(75)": 0
        }
    }
}