{
    "metrics": {
        "http_req_blocked": {
            "max": 11.226,
            "p(50)": 0,
            "p(75)": 0,
            "p(90)": 0,
            "p(95)": 0,
            "p(99)": 0.5259439999999997,
            "avg": 0.07992126666666666,
            "min": 0
        },
        "vus_max": {
            "value": 10,
            "min": 10,
            "max": 10
        },
        "http_req_waiting": {
            "p(50)": 4.0868,
            "p(75)": 6.5733250000000005,
            "p(90)": 8.4647,
            "p(95)": 10.16809499999999,
            "p(99)": 49.59005499999999,
            "avg": 5.731867533333324,
            "min": 1.5435,
            "max": 57.7687
        },
        "http_req_failed": {
            "passes": 0,
            "fails": 1500,
            "thresholds": {
                "rate<0.02": false
            },
            "value": 0
        },
        "http_req_tls_handshaking": {
            "p(90)": 0,
            "p(95)": 0,
            "p(99)": 0,
            "avg": 0,
            "min": 0,
            "max": 0,
            "p(50)": 0,
            "p(75)": 0
        },
        "http_req_sending": {
            "p(95)": 0.11518499999999947,
            "p(99)": 0.7889689999999996,
            "avg": 0.03875526666666666,
            "min": 0,
            "max": 5.5447,
            "p(50)": 0,
            "p(75)": 0,
            "p(90)": 0
        },
        "http_req_duration{expected_response:true}": {
            "p(90)": 8.5952,
            "p(95)": 10.351854999999995,
            "p(99)": 49.59005499999999,
            "avg": 5.843116599999987,
            "min": 1.5435,
            "max": 59.3983,
            "p(50)": 4.1622,
            "p(75)": 6.83545
        },
        "data_received": {
            "count": 600600,
            "rate": 19391.66312237153
        },
        "iteration_duration": {
            "max": 1152.3633,
            "p(50)": 1026.0767,
            "p(75)": 1030.0914,
            "p(90)": 1033.5656,
            "p(95)": 1081.6214,
            "p(99)": 1151.748487,
            "avg": 1032.3157276666677,
            "min": 1016.1764
        },
        "vus": {
            "value": 10,
            "min": 10,
            "max": 10
        },
        "iterations": {
            "count": 300,
            "rate": 9.686145415769996
        },
        "http_reqs": {
            "rate": 48.430727078849976,
            "count": 1500
        },
        "http_req_connecting": {
            "p(50)": 0,
            "p(75)": 0,
            "p(90)": 0,
            "p(95)": 0,
            "p(99)": 0,
            "avg": 0.006254400000000002,
            "min": 0,
            "max": 1.0425
        },
        "http_req_receiving": {
            "p(99)": 0.9077,
            "avg": 0.07249379999999998,
            "min": 0,
            "max": 3.7172,
            "p(50)": 0,
            "p(75)": 0,
            "p(90)": 0.5038,
            "p(95)": 0.5195549999999999
        },
        "checks": {
            "passes": 1500,
            "fails": 0,
            "value": 1
        },
        "data_sent": {
            "rate": 28806.596466499966,
            "count": 892200
        },
        "http_req_duration": {
            "max": 59.3983,
            "p(50)": 4.1622,
            "p(75)": 6.83545,
            "p(90)": 8.5952,
            "p(95)": 10.351854999999995,
            "p(99)": 49.59005499999999,
            "avg": 5.843116599999987,
            "min": 1.5435
        }
    },
    "root_group": {
        "name": "",
        "path": "",
        "id": "d41d8cd98f00b204e9800998ecf8427e",
        "groups": {},
        "checks": {
                "login ok": {
                    "name": "login ok",
                    "path": "::login ok",
                    "id": "0ddcda49e3a8b9d6d2e015dafbaafe65",
                    "passes": 300,
                    "fails": 0
                },
                "cart add ok": {
                    "name": "cart add ok",
                    "path": "::cart add ok",
                    "id": "3476b21dcb095c2f01deccc20115d127",
                    "passes": 300,
                    "fails": 0
                },
                "cart get ok": {
                    "name": "cart get ok",
                    "path": "::cart get ok",
                    "id": "9d960ca6baf25ee48d3f3c991473fca0",
                    "passes": 300,
                    "fails": 0
                },
                "cart update ok": {
                    "name": "cart update ok",
                    "path": "::cart update ok",
                    "id": "07ee78e8bcccf32bc9963f8d3c17eecf",
                    "passes": 300,
                    "fails": 0
                },
                "cart remove ok": {
                    "fails": 0,
                    "name": "cart remove ok",
                    "path": "::cart remove ok",
                    "id": "31001ad0f6cf28a008d3b28f557b05a9",
                    "passes": 300
                }
            }
    }
}