{
    "metrics": {
        "checks": {
            "passes": 16022,
            "fails": 0,
            "value": 1
        },
        "http_req_connecting": {
            "avg": 0.009084614904506301,
            "min": 0,
            "max": 14.1367,
            "p(50)": 0,
            "p(75)": 0,
            "p(90)": 0,
            "p(95)": 0,
            "p(99)": 0
        },
        "vus_max": {
            "value": 100,
            "min": 100,
            "max": 100
        },
        "http_req_duration": {
            "avg": 6.911060054924441,
            "min": 1.614,
            "max": 65.7591,
            "p(50)": 6.43065,
            "p(75)": 8.832,
            "p(90)": 10.71824,
            "p(95)": 11.849,
            "p(99)": 15.207316
        },
        "http_req_duration{expected_response:true}": {
            "min": 1.614,
            "max": 65.7591,
            "p(50)": 6.43065,
            "p(75)": 8.832,
            "p(90)": 10.71824,
            "p(95)": 11.849,
            "p(99)": 15.207316,
            "avg": 6.911060054924441
        },
        "vus": {
            "min": 1,
            "max": 100,
            "value": 21
        },
        "http_reqs": {
            "count": 16022,
            "rate": 106.21123325203325
        },
        "data_received": {
            "count": 5046930,
            "rate": 33456.53847439047
        },
        "http_req_blocked": {
            "p(99)": 0.5410479999999989,
            "avg": 0.017380077393583823,
            "min": 0,
            "max": 14.1367,
            "p(50)": 0,
            "p(75)": 0,
            "p(90)": 0,
            "p(95)": 0
        },
        "iterations": {
            "count": 8011,
            "rate": 53.10561662601663
        },
        "iteration_duration": {
            "p(99)": 1033.8923200000002,
            "avg": 1015.3020398202514,
            "min": 1004.5451,
            "max": 1084.5607,
            "p(50)": 1014.5124,
            "p(75)": 1017.83515,
            "p(90)": 1021.5192,
            "p(95)": 1024.1497
        },
        "http_req_failed": {
            "passes": 0,
            "fails": 16022,
            "thresholds": {
                "rate<0.05": false
            },
            "value": 0
        },
        "http_req_receiving": {
            "min": 0,
            "max": 16.5908,
            "p(50)": 0,
            "p(75)": 0,
            "p(90)": 0.50569,
            "p(95)": 0.5247949999999999,
            "p(99)": 0.6241949999999995,
            "avg": 0.07561082261889909
        },
        "http_req_waiting": {
            "p(90)": 10.552869999999999,
            "p(95)": 11.697064999999997,
            "p(99)": 14.962691999999995,
            "avg": 6.807398433404022,
            "min": 1.614,
            "max": 65.7591,
            "p(50)": 6.33095,
            "p(75)": 8.721525
        },
        "http_req_tls_handshaking": {
            "p(95)": 0,
            "p(99)": 0,
            "avg": 0,
            "min": 0,
            "max": 0,
            "p(50)": 0,
            "p(75)": 0,
            "p(90)": 0
        },
        "http_req_sending": {
            "p(90)": 0,
            "p(95)": 0,
            "p(99)": 0.6143899999999991,
            "avg": 0.028050798901510413,
            "min": 0,
            "max": 12.5726,
            "p(50)": 0,
            "p(75)": 0
        },
        "data_sent": {
            "count": 1466013,
            "rate": 9718.327842561042
        }
    },
    "root_group": {
        "name": "",
        "path": "",
        "id": "d41d8cd98f00b204e9800998ecf8427e",
        "groups": {},
        "checks": {
                "products list ok": {
                    "name": "products list ok",
                    "path": "::products list ok",
                    "id": "9510a9eed98727c4f6d467383c223a18",
                    "passes": 8011,
                    "fails": 0
                },
                "product ok": {
                    "passes": 8011,
                    "fails": 0,
                    "name": "product ok",
                    "path": "::product ok",
                    "id": "716e252b0c1f95f7b69e330791590bce"
                }
            }
    }
}