{
    "root_group": {
        "name": "",
        "path": "",
        "id": "d41d8cd98f00b204e9800998ecf8427e",
        "groups": {},
        "checks": {
                "products list ok": {
                    "name": "products list ok",
                    "path": "::products list ok",
                    "id": "9510a9eed98727c4f6d467383c223a18",
                    "passes": 8013,
                    "fails": 0
                },
                "product ok": {
                    "path": "::product ok",
                    "id": "716e252b0c1f95f7b69e330791590bce",
                    "passes": 8013,
                    "fails": 0,
                    "name": "product ok"
                }
            }
    },
    "metrics": {
        "http_req_duration{expected_response:true}": {
            "p(95)": 11.4,
            "p(99)": 14.46625,
            "avg": 6.751797903406917,
            "min": 1.5988,
            "max": 80.8238,
            "p(50)": 6.2492,
            "p(75)": 8.64085,
            "p(90)": 10.3668
        },
        "iterations": {
            "rate": 53.09709947621715,
            "count": 8013
        },
        "http_reqs": {
            "count": 16026,
            "rate": 106.1941989524343
        },
        "checks": {
            "fails": 0,
            "passes": 16026,
            "value": 1
        },
        "data_sent": {
            "count": 1466379,
            "rate": 9716.76920414774
        },
        "http_req_tls_handshaking": {
            "p(75)": 0,
            "p(90)": 0,
            "p(95)": 0,
            "p(99)": 0,
            "avg": 0,
            "min": 0,
            "max": 0,
            "p(50)": 0
        },
        "data_received": {
            "count": 5048190,
            "rate": 33451.17267001681
        },
        "http_req_duration": {
            "max": 80.8238,
            "p(50)": 6.2492,
            "p(75)": 8.64085,
            "p(90)": 10.3668,
            "p(95)": 11.4,
            "p(99)": 14.46625,
            "avg": 6.751797903406917,
            "min": 1.5988
        },
        "http_req_blocked": {
            "p(50)": 0,
            "p(75)": 0,
            "p(90)": 0,
            "p(95)": 0,
            "p(99)": 0.559925,
            "avg": 0.018239610632721823,
            "min": 0,
            "max": 5.7175
        },
        "vus_max": {
            "min": 100,
            "max": 100,
            "value": 100
        },
        "http_req_connecting": {
            "p(90)": 0,
            "p(95)": 0,
            "p(99)": 0,
            "avg": 0.008736646699113941,
            "min": 0,
            "max": 5.7175,
            "p(50)": 0,
            "p(75)": 0
        },
        "http_req_receiving": {
            "max": 44.1208,
            "p(50)": 0,
            "p(75)": 0,
            "p(90)": 0.50595,
            "p(95)": 0.5289,
            "p(99)": 0.769225,
            "avg": 0.08348177336827664,
            "min": 0
        },
        "http_req_failed": {
            "passes": 0,
            "fails": 16026,
            "thresholds": {
                "rate<0.05": false
            },
            "value": 0
        },
        "http_req_sending": {
            "p(75)": 0,
            "p(90)": 0,
            "p(95)": 0,
            "p(99)": 0.6146,
            "avg": 0.027798558592287533,
            "min": 0,
            "max": 19.002,
            "p(50)": 0
        },
        "iteration_duration": {
            "p(99)": 1027.899224,
            "avg": 1014.9065135904116,
            "min": 1004.8347,
            "max": 1105.018,
            "p(50)": 1014.2636,
            "p(75)": 1017.462,
            "p(90)": 1020.6616,
            "p(95)": 1022.82908
        },
        "http_req_waiting": {
            "p(99)": 14.11815,
            "avg": 6.640517571446322,
            "min": 1.5988,
            "max": 80.8238,
            "p(50)": 6.14025,
            "p(75)": 8.508575,
            "p(90)": 10.2333,
            "p(95)": 11.2373
        },
        "vus": {
            "max": 100,
            "value": 22,
            "min": 1
        }
    }
}