{
    "metrics": {
        "http_req_waiting": {
            "avg": 7.632049666666644,
            "min": 2.8493,
            "max": 43.6903,
            "p(50)": 6.4358,
            "p(75)": 8.901,
            "p(90)": 10.861060000000002,
            "p(95)": 11.896319999999992,
            "p(99)": 34.591367999999996
        },
        "vus": {
            "value": 20,
            "min": 20,
            "max": 20
        },
        "http_req_connecting": {
            "avg": 0.01855541666666666,
            "min": 0,
            "max": 1.9675,
            "p(50)": 0,
            "p(75)": 0,
            "p(90)": 0,
            "p(95)": 0,
            "p(99)": 0.9363
        },
        "data_sent": {
            "rate": 3596.1444850677763,
            "count": 109800
        },
        "data_received": {
            "count": 378000,
            "rate": 12380.169538757918
        },
        "iteration_duration": {
            "max": 1074.8194,
            "p(50)": 1015.4756500000001,
            "p(75)": 1017.2571,
            "p(90)": 1020.9441,
            "p(95)": 1024.6899099999998,
            "p(99)": 1070.2349829999998,
            "avg": 1017.4748996666666,
            "min": 1009.2525
        },
        "http_req_failed": {
            "passes": 0,
            "fails": 1200,
            "thresholds": {
                "rate<0.01": false
            },
            "value": 0
        },
        "http_reqs": {
            "count": 1200,
            "rate": 39.30212551986641
        },
        "http_req_tls_handshaking": {
            "min": 0,
            "max": 0,
            "p(50)": 0,
            "p(75)": 0,
            "p(90)": 0,
            "p(95)": 0,
            "p(99)": 0,
            "avg": 0
        },
        "vus_max": {
            "value": 20,
            "min": 20,
            "max": 20
        },
        "http_req_duration{expected_response:true}": {
            "p(50)": 6.5291,
            "p(75)": 9.1048,
            "p(90)": 11.028860000000002,
            "p(95)": 12.454399999999996,
            "p(99)": 34.591367999999996,
            "avg": 7.78657641666665,
            "min": 2.8493,
            "max": 44.2177
        },
        "iterations": {
            "count": 600,
            "rate": 19.651062759933204
        },
        "http_req_sending": {
            "min": 0,
            "max": 3.7836,
            "p(50)": 0,
            "p(75)": 0,
            "p(90)": 0,
            "p(95)": 0.24129999999999827,
            "p(99)": 1.3986689999999988,
            "avg": 0.05119191666666666
        },
        "http_req_duration": {
            "p(99)": 34.591367999999996,
            "avg": 7.78657641666665,
            "min": 2.8493,
            "max": 44.2177,
            "p(50)": 6.5291,
            "p(75)": 9.1048,
            "p(90)": 11.028860000000002,
            "p(95)": 12.454399999999996
        },
        "http_req_blocked": {
            "p(75)": 0,
            "p(90)": 0,
            "p(95)": 0,
            "p(99)": 11.0364,
            "avg": 0.19970266666666667,
            "min": 0,
            "max": 13.0187,
            "p(50)": 0
        },
        "http_req_receiving": {
            "avg": 0.10333483333333339,
            "min": 0,
            "max": 4.289,
            "p(50)": 0,
            "p(75)": 0,
            "p(90)": 0.5073,
            "p(95)": 0.526205,
            "p(99)": 1.0385129999999998
        },
        "checks": {
            "passes": 1200,
            "fails": 0,
            "value": 1
        }
    },
    "root_group": {
        "name": "",
        "path": "",
        "id": "d41d8cd98f00b204e9800998ecf8427e",
        "groups": {},
        "checks": {
                "products list ok": {
                    "passes": 600,
                    "fails": 0,
                    "name": "products list ok",
                    "path": "::products list ok",
                    "id": "9510a9eed98727c4f6d467383c223a18"
                },
                "product ok": {
                    "name": "product ok",
                    "path": "::product ok",
                    "id": "716e252b0c1f95f7b69e330791590bce",
                    "passes": 600,
                    "fails": 0
                }
            }
    }
}