{
    "metrics": {
        "http_req_duration": {
            "p(75)": 9.0294,
            "p(90)": 12.721220000000006,
            "p(95)": 16.202054999999994,
            "p(99)": 33.755391,
            "avg": 8.103885833333308,
            "min": 2.8145,
            "max": 64.1297,
            "p(50)": 6.7781
        },
        "vus": {
            "value": 20,
            "min": 20,
            "max": 20
        },
        "checks": {
            "passes": 1200,
            "fails": 0,
            "value": 1
        },
        "iteration_duration": {
            "avg": 1018.2736008333324,
            "min": 1008.9771,
            "max": 1071.2704,
            "p(50)": 1016.265,
            "p(75)": 1019.637675,
            "p(90)": 1023.70896,
            "p(95)": 1027.472315,
            "p(99)": 1059.2178
        },
        "vus_max": {
            "value": 20,
            "min": 20,
            "max": 20
        },
        "data_received": {
            "count": 378000,
            "rate": 12371.501055987801
        },
        "http_req_waiting": {
            "p(50)": 6.6066,
            "p(75)": 8.724625,
            "p(90)": 12.43444,
            "p(95)": 15.628839999999997,
            "p(99)": 33.20444799999999,
            "avg": 7.902060999999973,
            "min": 2.8145,
            "max": 63.603
        },
        "http_req_blocked": {
            "p(90)": 0,
            "p(95)": 0,
            "p(99)": 3.2691,
            "avg": 0.06447175,
            "min": 0,
            "max": 4.1185,
            "p(50)": 0,
            "p(75)": 0
        },
        "iterations": {
            "count": 600,
            "rate": 19.6373032634727
        },
        "http_reqs": {
            "count": 1200,
            "rate": 39.2746065269454
        },
        "http_req_tls_handshaking": {
            "p(75)": 0,
            "p(90)": 0,
            "p(95)": 0,
            "p(99)": 0,
            "avg": 0,
            "min": 0,
            "max": 0,
            "p(50)": 0
        },
        "http_req_receiving": {
            "p(50)": 0,
            "p(75)": 0,
            "p(90)": 0.51244,
            "p(95)": 0.594,
            "p(99)": 1.5059,
            "avg": 0.13118258333333335,
            "min": 0,
            "max": 7.7779
        },
        "http_req_sending": {
            "p(50)": 0,
            "p(75)": 0,
            "p(90)": 0,
            "p(95)": 0.5063399999999999,
            "p(99)": 1.4214549999999997,
            "avg": 0.07064224999999998,
            "min": 0,
            "max": 9.0959
        },
        "http_req_connecting": {
            "p(90)": 0,
            "p(95)": 0,
            "p(99)": 1.5656579999999942,
            "avg": 0.03570824999999999,
            "min": 0,
            "max": 3.0761,
            "p(50)": 0,
            "p(75)": 0
        },
        "http_req_failed": {
            "passes": 0,
            "fails": 1200,
            "thresholds": {
                "rate<0.01": false
            },
            "value": 0
        },
        "http_req_duration{expected_response:true}": {
            "p(95)": 16.202054999999994,
            "p(99)": 33.755391,
            "avg": 8.103885833333308,
            "min": 2.8145,
            "max": 64.1297,
            "p(50)": 6.7781,
            "p(75)": 9.0294,
            "p(90)": 12.721220000000006
        },
        "data_sent": {
            "count": 109800,
            "rate": 3593.626497215504
        }
    },
    "root_group": {
        "name": "",
        "path": "",
        "id": "d41d8cd98f00b204e9800998ecf8427e",
        "groups": {},
        "checks": {
                "products list ok": {
                    "name": "products list ok",
                    "path": "::products list ok",
                    "id": "9510a9eed98727c4f6d467383c223a18",
                    "passes": 600,
                    "fails": 0
                },
                "product ok": {
                    "name": "product ok",
                    "path": "::product ok",
                    "id": "716e252b0c1f95f7b69e330791590bce",
                    "passes": 600,
                    "fails": 0
                }
            }
    }
}