{
    "root_group": {
        "name": "",
        "path": "",
        "id": "d41d8cd98f00b204e9800998ecf8427e",
        "groups": {},
        "checks": {
                "products list ok": {
                    "path": "::products list ok",
                    "id": "9510a9eed98727c4f6d467383c223a18",
                    "passes": 600,
                    "fails": 0,
                    "name": "products list ok"
                },
                "product ok": {
                    "id": "716e252b0c1f95f7b69e330791590bce",
                    "passes": 600,
                    "fails": 0,
                    "name": "product ok",
                    "path": "::product ok"
                }
            }
    },
    "metrics": {
        "vus_max": {
            "max": 20,
            "value": 20,
            "min": 20
        },
        "vus": {
            "value": 20,
            "min": 20,
            "max": 20
        },
        "http_reqs": {
            "count": 1200,
            "rate": 39.32060933706534
        },
        "http_req_blocked": {
            "p(75)": 0,
            "p(90)": 0,
            "p(95)": 0,
            "p(99)": 10.353,
            "avg": 0.1855830833333334,
            "min": 0,
            "max": 11.5288,
            "p(50)": 0
        },
        "iteration_duration": {
            "p(99)": 1067.190335,
            "avg": 1017.0842906666679,
            "min": 1010.0614,
            "max": 1069.4822,
            "p(50)": 1015.4384,
            "p(75)": 1016.9914,
            "p(90)": 1019.4724,
            "p(95)": 1021.4435
        },
        "checks": {
            "passes": 1200,
            "fails": 0,
            "value": 1
        },
        "http_req_duration": {
            "p(75)": 8.626,
            "p(90)": 10.96446,
            "p(95)": 13.149194999999999,
            "p(99)": 31.139416999999973,
            "avg": 7.704333833333328,
            "min": 3.1284,
            "max": 54.0506,
            "p(50)": 6.5929
        },
        "data_sent": {
            "rate": 3597.8357543414786,
            "count": 109800
        },
        "http_req_waiting": {
            "min": 2.5216,
            "max": 54.0506,
            "p(50)": 6.4725,
            "p(75)": 8.4659,
            "p(90)": 10.673930000000002,
            "p(95)": 12.854329999999996,
            "p(99)": 31.12874099999998,
            "avg": 7.563343499999997
        },
        "http_req_connecting": {
            "p(75)": 0,
            "p(90)": 0,
            "p(95)": 0,
            "p(99)": 1.0463,
            "avg": 0.0165755,
            "min": 0,
            "max": 1.0463,
            "p(50)": 0
        },
        "http_req_tls_handshaking": {
            "min": 0,
            "max": 0,
            "p(50)": 0,
            "p(75)": 0,
            "p(90)": 0,
            "p(95)": 0,
            "p(99)": 0,
            "avg": 0
        },
        "data_received": {
            "count": 378000,
            "rate": 12385.991941175582
        },
        "iterations": {
            "count": 600,
            "rate": 19.66030466853267
        },
        "http_req_failed": {
            "passes": 0,
            "fails": 1200,
            "thresholds": {
                "rate<0.01": false
            },
            "value": 0
        },
        "http_req_receiving": {
            "p(75)": 0,
            "p(90)": 0.5111100000000001,
            "p(95)": 0.5557,
            "p(99)": 1.4955459999999998,
            "avg": 0.10952141666666665,
            "min": 0,
            "max": 3.1669,
            "p(50)": 0
        },
        "http_req_duration{expected_response:true}": {
            "p(90)": 10.96446,
            "p(95)": 13.149194999999999,
            "p(99)": 31.139416999999973,
            "avg": 7.704333833333328,
            "min": 3.1284,
            "max": 54.0506,
            "p(50)": 6.5929,
            "p(75)": 8.626
        },
        "http_req_sending": {
            "p(50)": 0,
            "p(75)": 0,
            "p(90)": 0,
            "p(95)": 0,
            "p(99)": 0.5684409999999991,
            "avg": 0.031468916666666666,
            "min": 0,
            "max": 4.5318
        }
    }
}