{
    "root_group": {
        "path": "",
        "id": "d41d8cd98f00b204e9800998ecf8427e",
        "groups": {},
        "checks": {
                "login ok": {
                    "name": "login ok",
                    "path": "::login ok",
                    "id": "0ddcda49e3a8b9d6d2e015dafbaafe65",
                    "passes": 300,
                    "fails": 0
                },
                "cart add ok": {
                    "fails": 0,
                    "name": "cart add ok",
                    "path": "::cart add ok",
                    "id": "3476b21dcb095c2f01deccc20115d127",
                    "passes": 300
                },
                "cart get ok": {
                    "passes": 300,
                    "fails": 0,
                    "name": "cart get ok",
                    "path": "::cart get ok",
                    "id": "9d960ca6baf25ee48d3f3c991473fca0"
                },
                "cart update ok": {
                    "name": "cart update ok",
                    "path": "::cart update ok",
                    "id": "07ee78e8bcccf32bc9963f8d3c17eecf",
                    "passes": 300,
                    "fails": 0
                },
                "cart remove ok": {
                    "name": "cart remove ok",
                    "path": "::cart remove ok",
                    "id": "31001ad0f6cf28a008d3b28f557b05a9",
                    "passes": 300,
                    "fails": 0
                }
            },
        "name": ""
    },
    "metrics": {
        "data_received": {
            "count": 600600,
            "rate": 19387.636873254247
        },
        "vus_max": {
            "value": 10,
            "min": 10,
            "max": 10
        },
        "http_req_duration": {
            "p(75)": 4.8782,
            "p(90)": 6.7093,
            "p(95)": 8.900685,
            "p(99)": 42.496659,
            "avg": 5.40746173333334,
            "min": 1.0433,
            "max": 110.8818,
            "p(50)": 3.8013500000000002
        },
        "http_req_receiving": {
            "p(75)": 0,
            "p(90)": 0.50751,
            "p(95)": 0.5331699999999999,
            "p(99)": 1.00774,
            "avg": 0.1343393333333333,
            "min": 0,
            "max": 35.4708,
            "p(50)": 0
        },
        "http_req_connecting": {
            "avg": 0.0376334,
            "min": 0,
            "max": 8.6956,
            "p(50)": 0,
            "p(75)": 0,
            "p(90)": 0,
            "p(95)": 0,
            "p(99)": 0
        },
        "http_req_tls_handshaking": {
            "p(90)": 0,
            "p(95)": 0,
            "p(99)": 0,
            "avg": 0,
            "min": 0,
            "max": 0,
            "p(50)": 0,
            "p(75)": 0
        },
        "checks": {
            "fails": 0,
            "passes": 1500,
            "value": 1
        },
        "vus": {
            "value": 10,
            "min": 10,
            "max": 10
        },
        "http_req_sending": {
            "p(75)": 0,
            "p(90)": 0,
            "p(95)": 0.0029099999999973535,
            "p(99)": 0.551438,
            "avg": 0.02533793333333334,
            "min": 0,
            "max": 1.6319,
            "p(50)": 0
        },
        "http_req_waiting": {
            "p(95)": 8.398034999999991,
            "p(99)": 42.4911,
            "avg": 5.247784466666672,
            "min": 1.0173,
            "max": 110.8818,
            "p(50)": 3.6686,
            "p(75)": 4.744025,
            "p(90)": 6.377090000000008
        },
        "data_sent": {
            "count": 892200,
            "rate": 28800.615415113953
        },
        "http_reqs": {
            "rate": 48.42067151162399,
            "count": 1500
        },
        "http_req_duration{expected_response:true}": {
            "p(50)": 3.8013500000000002,
            "p(75)": 4.8782,
            "p(90)": 6.7093,
            "p(95)": 8.900685,
            "p(99)": 42.496659,
            "avg": 5.40746173333334,
            "min": 1.0433,
            "max": 110.8818
        },
        "http_req_blocked": {
            "p(50)": 0,
            "p(75)": 0,
            "p(90)": 0,
            "p(95)": 0,
            "p(99)": 0.514831,
            "avg": 0.05719299999999999,
            "min": 0,
            "max": 10.9267
        },
        "iterations": {
            "count": 300,
            "rate": 9.6841343023248
        },
        "http_req_failed": {
            "passes": 0,
            "fails": 1500,
            "thresholds": {
                "rate<0.02": false
            },
            "value": 0
        },
        "iteration_duration": {
            "p(75)": 1023.9037,
            "p(90)": 1031.5932400000002,
            "p(95)": 1066.4233,
            "p(99)": 1306.3001,
            "avg": 1032.259839333334,
            "min": 1011.6242,
            "max": 1306.8146,
            "p(50)": 1020.6221
        }
    }
}