{
    "metrics": {
        "http_req_connecting": {
            "p(50)": 0,
            "p(75)": 0,
            "p(90)": 0,
            "p(95)": 0,
            "p(99)": 0,
            "avg": 0.00666379396358194,
            "min": 0,
            "max": 4.1327
        },
        "http_req_sending": {
            "avg": 0.0239817909703168,
            "min": 0,
            "max": 15.1504,
            "p(50)": 0,
            "p(75)": 0,
            "p(90)": 0,
            "p(95)": 0,
            "p(99)": 0.5904349999999986
        },
        "http_req_waiting": {
            "min": 1.5581,
            "max": 108.1581,
            "p(50)": 5.84155,
            "p(75)": 8.568425000000001,
            "p(90)": 10.487300000000001,
            "p(95)": 11.52145,
            "p(99)": 13.699719999999996,
            "avg": 6.503361879521026
        },
        "http_req_duration{expected_response:true}": {
            "p(99)": 13.860834999999991,
            "avg": 6.603093009478629,
            "min": 1.6035,
            "max": 108.1581,
            "p(50)": 5.9295,
            "p(75)": 8.67185,
            "p(90)": 10.66175,
            "p(95)": 11.6336
        },
        "data_sent": {
            "count": 1467294,
            "rate": 9723.111232262881
        },
        "http_req_duration": {
            "avg": 6.603093009478629,
            "min": 1.6035,
            "max": 108.1581,
            "p(50)": 5.9295,
            "p(75)": 8.67185,
            "p(90)": 10.66175,
            "p(95)": 11.6336,
            "p(99)": 13.860834999999991
        },
        "vus": {
            "value": 22,
            "min": 1,
            "max": 100
        },
        "vus_max": {
            "value": 100,
            "min": 100,
            "max": 100
        },
        "http_req_failed": {
            "passes": 0,
            "fails": 16036,
            "thresholds": {
                "rate<0.05": false
            },
            "value": 0
        },
        "http_req_receiving": {
            "p(90)": 0.5059,
            "p(95)": 0.529825,
            "p(99)": 0.6492749999999995,
            "avg": 0.07574933898727887,
            "min": 0,
            "max": 11.9392,
            "p(50)": 0,
            "p(75)": 0
        },
        "http_req_tls_handshaking": {
            "p(95)": 0,
            "p(99)": 0,
            "avg": 0,
            "min": 0,
            "max": 0,
            "p(50)": 0,
            "p(75)": 0,
            "p(90)": 0
        },
        "http_req_blocked": {
            "max": 4.3752,
            "p(50)": 0,
            "p(75)": 0,
            "p(90)": 0,
            "p(95)": 0,
            "p(99)": 0.5293249999999998,
            "avg": 0.014745547518084327,
            "min": 0
        },
        "checks": {
            "fails": 0,
            "passes": 16036,
            "value": 1
        },
        "http_reqs": {
            "count": 16036,
            "rate": 106.26351073511346
        },
        "data_received": {
            "count": 5051340,
            "rate": 33473.00588156074
        },
        "iteration_duration": {
            "p(90)": 1021.5685,
            "p(95)": 1023.5632800000001,
            "p(99)": 1027.372918,
            "avg": 1014.4536337989502,
            "min": 1004.4139,
            "max": 1117.1458,
            "p(50)": 1013.60735,
            "p(75)": 1017.642525
        },
        "iterations": {
            "count": 8018,
            "rate": 53.13175536755673
        }
    },
    "root_group": {
        "id": "d41d8cd98f00b204e9800998ecf8427e",
        "groups": {},
        "checks": {
                "products list ok": {
                    "name": "products list ok",
                    "path": "::products list ok",
                    "id": "9510a9eed98727c4f6d467383c223a18",
                    "passes": 8018,
                    "fails": 0
                },
                "product ok": {
                    "name": "product ok",
                    "path": "::product ok",
                    "id": "716e252b0c1f95f7b69e330791590bce",
                    "passes": 8018,
                    "fails": 0
                }
            },
        "name": "",
        "path": ""
    }
}