{
    "metrics": {
        "http_req_connecting": {
            "max": 5.0672,
            "p(50)": 0,
            "p(75)": 0,
            "p(90)": 0,
            "p(95)": 0,
            "p(99)": 2.2982519999999957,
            "avg": 0.05387783333333334,
            "min": 0
        },
        "iteration_duration": {
            "p(90)": 1020.16305,
            "p(95)": 1023.286,
            "p(99)": 1068.0072590000002,
            "avg": 1017.3674011666672,
            "min": 1009.39,
            "max": 1070.6905,
            "p(50)": 1015.3548499999999,
            "p(75)": 1017.254575
        },
        "http_req_receiving": {
            "p(99)": 0.7537929999999998,
            "avg": 0.07626633333333331,
            "min": 0,
            "max": 2.1692,
            "p(50)": 0,
            "p(75)": 0,
            "p(90)": 0.5061500000000001,
            "p(95)": 0.5336699999999999
        },
        "data_sent": {
            "count": 109800,
            "rate": 3596.9444487604505
        },
        "data_received": {
            "rate": 12382.92351212614,
            "count": 378000
        },
        "vus": {
            "max": 20,
            "value": 20,
            "min": 20
        },
        "iterations": {
            "rate": 19.65543414623197,
            "count": 600
        },
        "http_req_tls_handshaking": {
            "p(75)": 0,
            "p(90)": 0,
            "p(95)": 0,
            "p(99)": 0,
            "avg": 0,
            "min": 0,
            "max": 0,
            "p(50)": 0
        },
        "http_req_duration": {
            "p(90)": 10.6201,
            "p(95)": 12.0672,
            "p(99)": 31.988753999999997,
            "avg": 7.606168000000008,
            "min": 2.847,
            "max": 40.5833,
            "p(50)": 6.5182,
            "p(75)": 9.0869
        },
        "http_reqs": {
            "count": 1200,
            "rate": 39.31086829246394
        },
        "http_req_duration{expected_response:true}": {
            "p(99)": 31.988753999999997,
            "avg": 7.606168000000008,
            "min": 2.847,
            "max": 40.5833,
            "p(50)": 6.5182,
            "p(75)": 9.0869,
            "p(90)": 10.6201,
            "p(95)": 12.0672
        },
        "http_req_blocked": {
            "p(95)": 0,
            "p(99)": 14.685236999999997,
            "avg": 0.2593853333333332,
            "min": 0,
            "max": 16.4875,
            "p(50)": 0,
            "p(75)": 0,
            "p(90)": 0
        },
        "http_req_sending": {
            "min": 0,
            "max": 4.538,
            "p(50)": 0,
            "p(75)": 0,
            "p(90)": 0,
            "p(95)": 0.23528999999999692,
            "p(99)": 1.0325819999999968,
            "avg": 0.04838008333333333
        },
        "vus_max": {
            "value": 20,
            "min": 20,
            "max": 20
        },
        "http_req_waiting": {
            "p(50)": 6.47215,
            "p(75)": 8.8795,
            "p(90)": 10.5562,
            "p(95)": 11.9764,
            "p(99)": 31.417632,
            "avg": 7.48152158333333,
            "min": 2.847,
            "max": 40.5833
        },
        "checks": {
            "passes": 1200,
            "fails": 0,
            "value": 1
        },
        "http_req_failed": {
            "passes": 0,
            "fails": 1200,
            "thresholds": {
                "rate<0.01": false
            },
            "value": 0
        }
    },
    "root_group": {
        "path": "",
        "id": "d41d8cd98f00b204e9800998ecf8427e",
        "groups": {},
        "checks": {
                "products list ok": {
                    "path": "::products list ok",
                    "id": "9510a9eed98727c4f6d467383c223a18",
                    "passes": 600,
                    "fails": 0,
                    "name": "products list ok"
                },
                "product ok": {
                    "name": "product ok",
                    "path": "::product ok",
                    "id": "716e252b0c1f95f7b69e330791590bce",
                    "passes": 600,
                    "fails": 0
                }
            },
        "name": ""
    }
}