{
    "metrics": {
        "http_reqs": {
            "count": 1500,
            "rate": 48.38295238413675
        },
        "iterations": {
            "count": 300,
            "rate": 9.67659047682735
        },
        "http_req_duration": {
            "p(95)": 10.40762999999999,
            "p(99)": 63.2351,
            "avg": 6.026156999999988,
            "min": 1.035,
            "max": 77.5669,
            "p(50)": 4.2551,
            "p(75)": 6.479075,
            "p(90)": 8.482709999999999
        },
        "vus_max": {
            "value": 10,
            "min": 10,
            "max": 10
        },
        "data_sent": {
            "count": 892200,
            "rate": 28778.18007808454
        },
        "http_req_waiting": {
            "max": 77.0562,
            "p(50)": 4.0713,
            "p(75)": 6.312,
            "p(90)": 8.365320000000002,
            "p(95)": 10.219084999999998,
            "p(99)": 63.2351,
            "avg": 5.896594599999993,
            "min": 0.5302
        },
        "http_req_duration{expected_response:true}": {
            "min": 1.035,
            "max": 77.5669,
            "p(50)": 4.2551,
            "p(75)": 6.479075,
            "p(90)": 8.482709999999999,
            "p(95)": 10.40762999999999,
            "p(99)": 63.2351,
            "avg": 6.026156999999988
        },
        "vus": {
            "value": 10,
            "min": 10,
            "max": 10
        },
        "http_req_receiving": {
            "p(95)": 0.5191,
            "p(99)": 1.0004759999999997,
            "avg": 0.0912993333333333,
            "min": 0,
            "max": 3.6179,
            "p(50)": 0,
            "p(75)": 0,
            "p(90)": 0.5069100000000001
        },
        "checks": {
            "passes": 1500,
            "fails": 0,
            "value": 1
        },
        "http_req_tls_handshaking": {
            "max": 0,
            "p(50)": 0,
            "p(75)": 0,
            "p(90)": 0,
            "p(95)": 0,
            "p(99)": 0,
            "avg": 0,
            "min": 0
        },
        "http_req_blocked": {
            "min": 0,
            "max": 10.0373,
            "p(50)": 0,
            "p(75)": 0,
            "p(90)": 0,
            "p(95)": 0,
            "p(99)": 0.5271659999999999,
            "avg": 0.07449153333333333
        },
        "http_req_sending": {
            "p(99)": 1.017906,
            "avg": 0.03826306666666666,
            "min": 0,
            "max": 2.3978,
            "p(50)": 0,
            "p(75)": 0,
            "p(90)": 0,
            "p(95)": 0.22565499999999974
        },
        "iteration_duration": {
            "min": 1016.6324,
            "max": 1154.7974,
            "p(50)": 1026.02625,
            "p(75)": 1030.929525,
            "p(90)": 1034.58075,
            "p(95)": 1120.4118,
            "p(99)": 1154.293,
            "avg": 1033.3549996666666
        },
        "http_req_connecting": {
            "p(99)": 0,
            "avg": 0.003981666666666667,
            "min": 0,
            "max": 0.6489,
            "p(50)": 0,
            "p(75)": 0,
            "p(90)": 0,
            "p(95)": 0
        },
        "data_received": {
            "count": 600600,
            "rate": 19372.534134608355
        },
        "http_req_failed": {
            "passes": 0,
            "fails": 1500,
            "thresholds": {
                "rate<0.02": false
            },
            "value": 0
        }
    },
    "root_group": {
        "id": "d41d8cd98f00b204e9800998ecf8427e",
        "groups": {},
        "checks": {
                "login ok": {
                    "passes": 300,
                    "fails": 0,
                    "name": "login ok",
                    "path": "::login ok",
                    "id": "0ddcda49e3a8b9d6d2e015dafbaafe65"
                },
                "cart add ok": {
                    "name": "cart add ok",
                    "path": "::cart add ok",
                    "id": "3476b21dcb095c2f01deccc20115d127",
                    "passes": 300,
                    "fails": 0
                },
                "cart get ok": {
                    "fails": 0,
                    "name": "cart get ok",
                    "path": "::cart get ok",
                    "id": "9d960ca6baf25ee48d3f3c991473fca0",
                    "passes": 300
                },
                "cart update ok": {
                    "name": "cart update ok",
                    "path": "::cart update ok",
                    "id": "07ee78e8bcccf32bc9963f8d3c17eecf",
                    "passes": 300,
                    "fails": 0
                },
                "cart remove ok": {
                    "name": "cart remove ok",
                    "path": "::cart remove ok",
                    "id": "31001ad0f6cf28a008d3b28f557b05a9",
                    "passes": 300,
                    "fails": 0
                }
            },
        "name": "",
        "path": ""
    }
}