{
    "root_group": {
        "name": "",
        "path": "",
        "id": "d41d8cd98f00b204e9800998ecf8427e",
        "groups": {},
        "checks": {
                "products list ok": {
                    "name": "products list ok",
                    "path": "::products list ok",
                    "id": "9510a9eed98727c4f6d467383c223a18",
                    "passes": 8019,
                    "fails": 0
                },
                "product ok": {
                    "path": "::product ok",
                    "id": "716e252b0c1f95f7b69e330791590bce",
                    "passes": 8019,
                    "fails": 0,
                    "name": "product ok"
                }
            }
    },
    "metrics": {
        "data_received": {
            "count": 5051970,
            "rate": 33454.94221859776
        },
        "iterations": {
            "count": 8019,
            "rate": 53.1030828866631
        },
        "http_req_duration": {
            "p(90)": 10.499460000000001,
            "p(95)": 11.655,
            "p(99)": 15.027221999999993,
            "avg": 6.740222072577568,
            "min": 1.5704,
            "max": 45.2028,
            "p(50)": 6.2089,
            "p(75)": 8.5973
        },
        "http_req_connecting": {
            "p(90)": 0,
            "p(95)": 0,
            "p(99)": 0,
            "avg": 0.008655842374360888,
            "min": 0,
            "max": 6.3628,
            "p(50)": 0,
            "p(75)": 0
        },
        "http_req_waiting": {
            "p(95)": 11.483509999999999,
            "p(99)": 14.826983999999994,
            "avg": 6.636744032921767,
            "min": 1.5565,
            "max": 45.2028,
            "p(50)": 6.1117,
            "p(75)": 8.4596,
            "p(90)": 10.337270000000002
        },
        "vus": {
            "min": 1,
            "max": 100,
            "value": 2
        },
        "data_sent": {
            "count": 1467477,
            "rate": 9717.864168259348
        },
        "http_req_duration{expected_response:true}": {
            "max": 45.2028,
            "p(50)": 6.2089,
            "p(75)": 8.5973,
            "p(90)": 10.499460000000001,
            "p(95)": 11.655,
            "p(99)": 15.027221999999993,
            "avg": 6.740222072577568,
            "min": 1.5704
        },
        "iteration_duration": {
            "max": 1071.7282,
            "p(50)": 1014.0406,
            "p(75)": 1017.6404,
            "p(90)": 1021.26438,
            "p(95)": 1023.75648,
            "p(99)": 1030.3202840000001,
            "avg": 1014.9826775907218,
            "min": 1005.133
        },
        "http_reqs": {
            "count": 16038,
            "rate": 106.2061657733262
        },
        "http_req_receiving": {
            "p(99)": 0.6577189999999989,
            "avg": 0.07791800099763052,
            "min": 0,
            "max": 6.0442,
            "p(50)": 0,
            "p(75)": 0,
            "p(90)": 0.5060300000000001,
            "p(95)": 0.5271
        },
        "http_req_sending": {
            "p(90)": 0,
            "p(95)": 0,
            "p(99)": 0.6011119999999981,
            "avg": 0.025560038658186787,
            "min": 0,
            "max": 8.5027,
            "p(50)": 0,
            "p(75)": 0
        },
        "checks": {
            "passes": 16038,
            "fails": 0,
            "value": 1
        },
        "http_req_tls_handshaking": {
            "p(99)": 0,
            "avg": 0,
            "min": 0,
            "max": 0,
            "p(50)": 0,
            "p(75)": 0,
            "p(90)": 0,
            "p(95)": 0
        },
        "http_req_failed": {
            "passes": 0,
            "fails": 16038,
            "thresholds": {
                "rate<0.05": false
            },
            "value": 0
        },
        "http_req_blocked": {
            "p(75)": 0,
            "p(90)": 0,
            "p(95)": 0,
            "p(99)": 0.5419,
            "avg": 0.016740110986407278,
            "min": 0,
            "max": 6.3628,
            "p(50)": 0
        },
        "vus_max": {
            "min": 100,
            "max": 100,
            "value": 100
        }
    }
}