{
    "root_group": {
        "groups": {},
        "checks": {
                "products list ok": {
                    "path": "::products list ok",
                    "id": "9510a9eed98727c4f6d467383c223a18",
                    "passes": 8026,
                    "fails": 0,
                    "name": "products list ok"
                },
                "product ok": {
                    "path": "::product ok",
                    "id": "716e252b0c1f95f7b69e330791590bce",
                    "passes": 8026,
                    "fails": 0,
                    "name": "product ok"
                }
            },
        "name": "",
        "path": "",
        "id": "d41d8cd98f00b204e9800998ecf8427e"
    },
    "metrics": {
        "http_req_sending": {
            "p(90)": 0,
            "p(95)": 0,
            "p(99)": 0.5485449999999998,
            "avg": 0.020524377024669815,
            "min": 0,
            "max": 2.6995,
            "p(50)": 0,
            "p(75)": 0
        },
        "data_received": {
            "count": 5056380,
            "rate": 33495.95095356717
        },
        "iterations": {
            "count": 8026,
            "rate": 53.168176116773274
        },
        "http_req_receiving": {
            "p(75)": 0,
            "p(90)": 0.5041,
            "p(95)": 0.5200449999999999,
            "p(99)": 0.6331899999999998,
            "avg": 0.06785413032643889,
            "min": 0,
            "max": 3.5023,
            "p(50)": 0
        },
        "http_reqs": {
            "count": 16052,
            "rate": 106.33635223354655
        },
        "vus": {
            "value": 23,
            "min": 1,
            "max": 100
        },
        "iteration_duration": {
            "avg": 1013.8409623099931,
            "min": 1005.035,
            "max": 1083.8663,
            "p(50)": 1013.47335,
            "p(75)": 1015.9465,
            "p(90)": 1018.78045,
            "p(95)": 1020.74325,
            "p(99)": 1026.53825
        },
        "http_req_duration{expected_response:true}": {
            "avg": 6.402315269125351,
            "min": 1.6359,
            "max": 62.2716,
            "p(50)": 5.7598,
            "p(75)": 8.233575,
            "p(90)": 9.91829,
            "p(95)": 10.9642,
            "p(99)": 14.4756
        },
        "http_req_tls_handshaking": {
            "p(99)": 0,
            "avg": 0,
            "min": 0,
            "max": 0,
            "p(50)": 0,
            "p(75)": 0,
            "p(90)": 0,
            "p(95)": 0
        },
        "data_sent": {
            "count": 1468758,
            "rate": 9729.77622936951
        },
        "http_req_failed": {
            "passes": 0,
            "fails": 16052,
            "thresholds": {
                "rate<0.05": false
            },
            "value": 0
        },
        "checks": {
            "fails": 0,
            "passes": 16052,
            "value": 1
        },
        "http_req_duration": {
            "p(99)": 14.4756,
            "avg": 6.402315269125351,
            "min": 1.6359,
            "max": 62.2716,
            "p(50)": 5.7598,
            "p(75)": 8.233575,
            "p(90)": 9.91829,
            "p(95)": 10.9642
        },
        "http_req_blocked": {
            "avg": 0.01378950909543983,
            "min": 0,
            "max": 7.3194,
            "p(50)": 0,
            "p(75)": 0,
            "p(90)": 0,
            "p(95)": 0,
            "p(99)": 0.5233469999999999
        },
        "http_req_connecting": {
            "max": 2.9356,
            "p(50)": 0,
            "p(75)": 0,
            "p(90)": 0,
            "p(95)": 0,
            "p(99)": 0,
            "avg": 0.006101027909294794,
            "min": 0
        },
        "vus_max": {
            "value": 100,
            "min": 100,
            "max": 100
        },
        "http_req_waiting": {
            "p(95)": 10.864294999999998,
            "p(99)": 14.353576999999992,
            "avg": 6.313936761774239,
            "min": 1.0678,
            "max": 62.2716,
            "p(50)": 5.6558,
            "p(75)": 8.118475,
            "p(90)": 9.809689999999998
        }
    }
}