{
    "root_group": {
        "checks": {
            "products list ok": {
                "name": "products list ok",
                "path": "::products list ok",
                "id": "9510a9eed98727c4f6d467383c223a18",
                "passes": 600,
                "fails": 0
            },
            "product ok": {
                "id": "716e252b0c1f95f7b69e330791590bce",
                "passes": 600,
                "fails": 0,
                "name": "product ok",
                "path": "::product ok"
            }
        },
        "name": "",
        "path": "",
        "id": "d41d8cd98f00b204e9800998ecf8427e",
        "groups": {}
    },
    "metrics": {
        "vus": {
            "value": 20,
            "min": 20,
            "max": 20
        },
        "iterations": {
            "count": 600,
            "rate": 19.653739564687292
        },
        "http_req_duration{expected_response:true}": {
            "p(90)": 10.6868,
            "p(95)": 12.515594999999998,
            "p(99)": 37.5424,
            "avg": 7.735899583333338,
            "min": 3.0899,
            "max": 45.3694,
            "p(50)": 6.5357,
            "p(75)": 8.9613
        },
        "http_req_blocked": {
            "p(50)": 0,
            "p(75)": 0,
            "p(90)": 0,
            "p(95)": 0,
            "p(99)": 9.335759999999997,
            "avg": 0.1792443333333333,
            "min": 0,
            "max": 10.9012
        },
        "http_req_waiting": {
            "p(50)": 6.371700000000001,
            "p(75)": 8.828375,
            "p(90)": 10.466390000000002,
            "p(95)": 11.870684999999998,
            "p(99)": 36.5147,
            "avg": 7.591800333333328,
            "min": 3.0899,
            "max": 44.8635
        },
        "http_req_receiving": {
            "p(99)": 1.1962259999999998,
            "avg": 0.09586874999999993,
            "min": 0,
            "max": 4.4492,
            "p(50)": 0,
            "p(75)": 0,
            "p(90)": 0.5066,
            "p(95)": 0.522815
        },
        "checks": {
            "passes": 1200,
            "fails": 0,
            "value": 1
        },
        "http_reqs": {
            "count": 1200,
            "rate": 39.307479129374585
        },
        "iteration_duration": {
            "p(95)": 1023.92538,
            "p(99)": 1069.966909,
            "avg": 1017.4757003333332,
            "min": 1009.1437,
            "max": 1071.3308,
            "p(50)": 1015.5672999999999,
            "p(75)": 1017.3795250000001,
            "p(90)": 1019.86844
        },
        "http_req_sending": {
            "p(95)": 0.5044249999999999,
            "p(99)": 1.0887349999999998,
            "avg": 0.04823050000000001,
            "min": 0,
            "max": 2.0301,
            "p(50)": 0,
            "p(75)": 0,
            "p(90)": 0
        },
        "vus_max": {
            "value": 20,
            "min": 20,
            "max": 20
        },
        "http_req_failed": {
            "passes": 0,
            "fails": 1200,
            "thresholds": {
                "rate<0.01": false
            },
            "value": 0
        },
        "http_req_duration": {
            "avg": 7.735899583333338,
            "min": 3.0899,
            "max": 45.3694,
            "p(50)": 6.5357,
            "p(75)": 8.9613,
            "p(90)": 10.6868,
            "p(95)": 12.515594999999998,
            "p(99)": 37.5424
        },
        "data_sent": {
            "rate": 3596.634340337774,
            "count": 109800
        },
        "data_received": {
            "count": 378000,
            "rate": 12381.855925752994
        },
        "http_req_connecting": {
            "min": 0,
            "max": 3.2333,
            "p(50)": 0,
            "p(75)": 0,
            "p(90)": 0,
            "p(95)": 0,
            "p(99)": 1.1502949999999998,
            "avg": 0.02312266666666667
        },
        "http_req_tls_handshaking": {
            "p(95)": 0,
            "p(99)": 0,
            "avg": 0,
            "min": 0,
            "max": 0,
            "p(50)": 0,
            "p(75)": 0,
            "p(90)": 0
        }
    }
}