{
    "metrics": {
        "checks": {
            "passes": 16044,
            "fails": 0,
            "value": 1
        },
        "http_req_duration{expected_response:true}": {
            "avg": 6.459879730740439,
            "min": 1.4415,
            "max": 69.2174,
            "p(50)": 5.85445,
            "p(75)": 8.3951,
            "p(90)": 10.258230000000003,
            "p(95)": 11.264654999999998,
            "p(99)": 13.471441999999998
        },
        "vus": {
            "value": 3,
            "min": 1,
            "max": 100
        },
        "vus_max": {
            "value": 100,
            "min": 100,
            "max": 100
        },
        "http_req_failed": {
            "passes": 0,
            "fails": 16044,
            "thresholds": {
                "rate<0.05": false
            },
            "value": 0
        },
        "http_reqs": {
            "count": 16044,
            "rate": 106.25485277432836
        },
        "http_req_waiting": {
            "avg": 6.359480653203688,
            "min": 1.4415,
            "max": 69.2174,
            "p(50)": 5.7786,
            "p(75)": 8.2494,
            "p(90)": 10.1272,
            "p(95)": 11.1298,
            "p(99)": 13.176459999999999
        },
        "http_req_blocked": {
            "p(50)": 0,
            "p(75)": 0,
            "p(90)": 0,
            "p(95)": 0,
            "p(99)": 0.5405,
            "avg": 0.015863413113936665,
            "min": 0,
            "max": 3.8273
        },
        "http_req_connecting": {
            "max": 3.8273,
            "p(50)": 0,
            "p(75)": 0,
            "p(90)": 0,
            "p(95)": 0,
            "p(99)": 0,
            "avg": 0.007057448267265022,
            "min": 0
        },
        "http_req_receiving": {
            "p(75)": 0,
            "p(90)": 0.5053,
            "p(95)": 0.5232849999999999,
            "p(99)": 0.6142849999999999,
            "avg": 0.07303477935676889,
            "min": 0,
            "max": 6.9688,
            "p(50)": 0
        },
        "data_received": {
            "count": 5053860,
            "rate": 33470.27862391343
        },
        "http_req_tls_handshaking": {
            "avg": 0,
            "min": 0,
            "max": 0,
            "p(50)": 0,
            "p(75)": 0,
            "p(90)": 0,
            "p(95)": 0,
            "p(99)": 0
        },
        "data_sent": {
            "rate": 9722.319028851045,
            "count": 1468026
        },
        "iteration_duration": {
            "p(99)": 1026.134559,
            "avg": 1014.0613399775563,
            "min": 1004.705,
            "max": 1081.1048,
            "p(50)": 1013.4014,
            "p(75)": 1016.77205,
            "p(90)": 1020.23507,
            "p(95)": 1021.99613
        },
        "iterations": {
            "count": 8022,
            "rate": 53.12742638716418
        },
        "http_req_duration": {
            "p(95)": 11.264654999999998,
            "p(99)": 13.471441999999998,
            "avg": 6.459879730740439,
            "min": 1.4415,
            "max": 69.2174,
            "p(50)": 5.85445,
            "p(75)": 8.3951,
            "p(90)": 10.258230000000003
        },
        "http_req_sending": {
            "p(99)": 0.6111239999999991,
            "avg": 0.027364298180004965,
            "min": 0,
            "max": 13.6299,
            "p(50)": 0,
            "p(75)": 0,
            "p(90)": 0,
            "p(95)": 0
        }
    },
    "root_group": {
        "checks": {
            "products list ok": {
                "passes": 8022,
                "fails": 0,
                "name": "products list ok",
                "path": "::products list ok",
                "id": "9510a9eed98727c4f6d467383c223a18"
            },
            "product ok": {
                "passes": 8022,
                "fails": 0,
                "name": "product ok",
                "path": "::product ok",
                "id": "716e252b0c1f95f7b69e330791590bce"
            }
        },
        "name": "",
        "path": "",
        "id": "d41d8cd98f00b204e9800998ecf8427e",
        "groups": {}
    }
}