{
    "root_group": {
        "checks": {
            "login ok": {
                "name": "login ok",
                "path": "::login ok",
                "id": "0ddcda49e3a8b9d6d2e015dafbaafe65",
                "passes": 300,
                "fails": 0
            },
            "cart add ok": {
                "id": "3476b21dcb095c2f01deccc20115d127",
                "passes": 300,
                "fails": 0,
                "name": "cart add ok",
                "path": "::cart add ok"
            },
            "cart get ok": {
                "name": "cart get ok",
                "path": "::cart get ok",
                "id": "9d960ca6baf25ee48d3f3c991473fca0",
                "passes": 300,
                "fails": 0
            },
            "cart update ok": {
                "path": "::cart update ok",
                "id": "07ee78e8bcccf32bc9963f8d3c17eecf",
                "passes": 300,
                "fails": 0,
                "name": "cart update ok"
            },
            "cart remove ok": {
                "fails": 0,
                "name": "cart remove ok",
                "path": "::cart remove ok",
                "id": "31001ad0f6cf28a008d3b28f557b05a9",
                "passes": 300
            }
        },
        "name": "",
        "path": "",
        "id": "d41d8cd98f00b204e9800998ecf8427e",
        "groups": {}
    },
    "metrics": {
        "vus_max": {
            "value": 10,
            "min": 10,
            "max": 10
        },
        "http_req_sending": {
            "p(95)": 0.0927249999999998,
            "p(99)": 0.6545719999999998,
            "avg": 0.035364066666666666,
            "min": 0,
            "max": 5.2823,
            "p(50)": 0,
            "p(75)": 0,
            "p(90)": 0
        },
        "http_req_duration{expected_response:true}": {
            "avg": 5.610008599999998,
            "min": 1.1076,
            "max": 103.5088,
            "p(50)": 3.8737,
            "p(75)": 5.8294,
            "p(90)": 8.360800000000006,
            "p(95)": 9.645709999999994,
            "p(99)": 36.1055
        },
        "data_received": {
            "count": 600600,
            "rate": 19411.63659159043
        },
        "http_req_receiving": {
            "min": 0,
            "max": 4.0714,
            "p(50)": 0,
            "p(75)": 0,
            "p(90)": 0.5064,
            "p(95)": 0.5317,
            "p(99)": 1.010568,
            "avg": 0.08889746666666663
        },
        "vus": {
            "max": 10,
            "value": 10,
            "min": 10
        },
        "http_req_connecting": {
            "max": 2.2499,
            "p(50)": 0,
            "p(75)": 0,
            "p(90)": 0,
            "p(95)": 0,
            "p(99)": 0,
            "avg": 0.013498266666666666,
            "min": 0
        },
        "http_req_tls_handshaking": {
            "p(75)": 0,
            "p(90)": 0,
            "p(95)": 0,
            "p(99)": 0,
            "avg": 0,
            "min": 0,
            "max": 0,
            "p(50)": 0
        },
        "data_sent": {
            "count": 892200,
            "rate": 28836.267344350625
        },
        "iteration_duration": {
            "max": 1233.482,
            "p(50)": 1024.247,
            "p(75)": 1027.715925,
            "p(90)": 1030.32512,
            "p(95)": 1032.841575,
            "p(99)": 1233.482,
            "avg": 1031.296457666667,
            "min": 1015.6433
        },
        "http_req_failed": {
            "passes": 0,
            "fails": 1500,
            "thresholds": {
                "rate<0.02": false
            },
            "value": 0
        },
        "http_req_duration": {
            "p(75)": 5.8294,
            "p(90)": 8.360800000000006,
            "p(95)": 9.645709999999994,
            "p(99)": 36.1055,
            "avg": 5.610008599999998,
            "min": 1.1076,
            "max": 103.5088,
            "p(50)": 3.8737
        },
        "http_req_waiting": {
            "p(95)": 9.617584999999998,
            "p(99)": 36.1055,
            "avg": 5.485747066666662,
            "min": 1.1076,
            "max": 102.8544,
            "p(50)": 3.7975,
            "p(75)": 5.708925,
            "p(90)": 8.2443
        },
        "http_reqs": {
            "count": 1500,
            "rate": 48.48061086810797
        },
        "iterations": {
            "count": 300,
            "rate": 9.696122173621594
        },
        "http_req_blocked": {
            "p(50)": 0,
            "p(75)": 0,
            "p(90)": 0,
            "p(95)": 0,
            "p(99)": 0.5094179999999998,
            "avg": 0.12263839999999997,
            "min": 0,
            "max": 17.6395
        },
        "checks": {
            "passes": 1500,
            "fails": 0,
            "value": 1
        }
    }
}