{
    "metrics": {
        "data_received": {
            "count": 378000,
            "rate": 12388.850096529626
        },
        "http_reqs": {
            "count": 1200,
            "rate": 39.3296828461258
        },
        "vus_max": {
            "value": 20,
            "min": 20,
            "max": 20
        },
        "vus": {
            "min": 20,
            "max": 20,
            "value": 20
        },
        "http_req_failed": {
            "passes": 0,
            "fails": 1200,
            "thresholds": {
                "rate<0.01": false
            },
            "value": 0
        },
        "http_req_duration{expected_response:true}": {
            "min": 2.9986,
            "max": 42.8596,
            "p(50)": 6.31005,
            "p(75)": 8.884,
            "p(90)": 10.60463,
            "p(95)": 11.7559,
            "p(99)": 32.11123299999998,
            "avg": 7.44384241666668
        },
        "checks": {
            "passes": 1200,
            "fails": 0,
            "value": 1
        },
        "http_req_sending": {
            "min": 0,
            "max": 5.4165,
            "p(50)": 0,
            "p(75)": 0,
            "p(90)": 0,
            "p(95)": 0.4494,
            "p(99)": 0.683309,
            "avg": 0.04071983333333333
        },
        "http_req_duration": {
            "min": 2.9986,
            "max": 42.8596,
            "p(50)": 6.31005,
            "p(75)": 8.884,
            "p(90)": 10.60463,
            "p(95)": 11.7559,
            "p(99)": 32.11123299999998,
            "avg": 7.44384241666668
        },
        "http_req_blocked": {
            "p(90)": 0,
            "p(95)": 0,
            "p(99)": 7.4458,
            "avg": 0.16526658333333338,
            "min": 0,
            "max": 35.9069,
            "p(50)": 0,
            "p(75)": 0
        },
        "http_req_tls_handshaking": {
            "p(75)": 0,
            "p(90)": 0,
            "p(95)": 0,
            "p(99)": 0,
            "avg": 0,
            "min": 0,
            "max": 0,
            "p(50)": 0
        },
        "http_req_waiting": {
            "p(95)": 11.5949,
            "p(99)": 32.10617499999998,
            "avg": 7.3157226666666775,
            "min": 2.9986,
            "max": 42.3317,
            "p(50)": 6.14835,
            "p(75)": 8.7174,
            "p(90)": 10.3388
        },
        "http_req_receiving": {
            "p(99)": 1.0072,
            "avg": 0.08739991666666666,
            "min": 0,
            "max": 1.5373,
            "p(50)": 0,
            "p(75)": 0,
            "p(90)": 0.5067200000000001,
            "p(95)": 0.53908
        },
        "iterations": {
            "rate": 19.6648414230629,
            "count": 600
        },
        "iteration_duration": {
            "max": 1067.4643,
            "p(50)": 1015.0989500000001,
            "p(75)": 1017.1527,
            "p(90)": 1019.7997399999999,
            "p(95)": 1023.647745,
            "p(99)": 1061.5353,
            "avg": 1016.8519021666663,
            "min": 1008.542
        },
        "data_sent": {
            "count": 109800,
            "rate": 3598.6659804205106
        },
        "http_req_connecting": {
            "p(99)": 1.2031669999999992,
            "avg": 0.05661408333333334,
            "min": 0,
            "max": 30.4375,
            "p(50)": 0,
            "p(75)": 0,
            "p(90)": 0,
            "p(95)": 0
        }
    },
    "root_group": {
        "name": "",
        "path": "",
        "id": "d41d8cd98f00b204e9800998ecf8427e",
        "groups": {},
        "checks": {
                "products list ok": {
                    "name": "products list ok",
                    "path": "::products list ok",
                    "id": "9510a9eed98727c4f6d467383c223a18",
                    "passes": 600,
                    "fails": 0
                },
                "product ok": {
                    "name": "product ok",
                    "path": "::product ok",
                    "id": "716e252b0c1f95f7b69e330791590bce",
                    "passes": 600,
                    "fails": 0
                }
            }
    }
}