{
    "root_group": {
        "name": "",
        "path": "",
        "id": "d41d8cd98f00b204e9800998ecf8427e",
        "groups": {},
        "checks": {
                "products list ok": {
                    "path": "::products list ok",
                    "id": "9510a9eed98727c4f6d467383c223a18",
                    "passes": 8025,
                    "fails": 0,
                    "name": "products list ok"
                },
                "product ok": {
                    "name": "product ok",
                    "path": "::product ok",
                    "id": "716e252b0c1f95f7b69e330791590bce",
                    "passes": 8025,
                    "fails": 0
                }
            }
    },
    "metrics": {
        "http_req_sending": {
            "p(75)": 0,
            "p(90)": 0,
            "p(95)": 0,
            "p(99)": 0.5595550000000001,
            "avg": 0.0211469595015576,
            "min": 0,
            "max": 4.5508,
            "p(50)": 0
        },
        "http_req_receiving": {
            "p(99)": 0.6254160000000003,
            "avg": 0.07021442367601256,
            "min": 0,
            "max": 3.298,
            "p(50)": 0,
            "p(75)": 0,
            "p(90)": 0.5043,
            "p(95)": 0.5193549999999999
        },
        "data_sent": {
            "count": 1468575,
            "rate": 9725.614737841111
        },
        "http_reqs": {
            "count": 16050,
            "rate": 106.29087145181543
        },
        "http_req_duration{expected_response:true}": {
            "p(90)": 9.96075,
            "p(95)": 11.034214999999998,
            "p(99)": 14.4262,
            "avg": 6.523381109034183,
            "min": 1.5122,
            "max": 53.4288,
            "p(50)": 6.0093,
            "p(75)": 8.2899
        },
        "vus_max": {
            "max": 100,
            "value": 100,
            "min": 100
        },
        "data_received": {
            "count": 5055750,
            "rate": 33481.62450732186
        },
        "http_req_blocked": {
            "max": 4.2283,
            "p(50)": 0,
            "p(75)": 0,
            "p(90)": 0,
            "p(95)": 0,
            "p(99)": 0.5151040000000001,
            "avg": 0.012318305295950157,
            "min": 0
        },
        "iteration_duration": {
            "p(75)": 1016.108,
            "p(90)": 1019.08556,
            "p(95)": 1021.31,
            "p(99)": 1026.9491,
            "avg": 1014.1174576573179,
            "min": 1005.0123,
            "max": 1060.2042,
            "p(50)": 1013.7283
        },
        "iterations": {
            "count": 8025,
            "rate": 53.14543572590772
        },
        "http_req_duration": {
            "p(99)": 14.4262,
            "avg": 6.523381109034183,
            "min": 1.5122,
            "max": 53.4288,
            "p(50)": 6.0093,
            "p(75)": 8.2899,
            "p(90)": 9.96075,
            "p(95)": 11.034214999999998
        },
        "vus": {
            "value": 3,
            "min": 1,
            "max": 100
        },
        "http_req_waiting": {
            "min": 1.5122,
            "max": 53.4288,
            "p(50)": 5.8944,
            "p(75)": 8.1846,
            "p(90)": 9.822519999999999,
            "p(95)": 10.896919999999998,
            "p(99)": 14.162785000000012,
            "avg": 6.432019725856635
        },
        "http_req_failed": {
            "passes": 0,
            "fails": 16050,
            "thresholds": {
                "rate<0.05": false
            },
            "value": 0
        },
        "checks": {
            "passes": 16050,
            "fails": 0,
            "value": 1
        },
        "http_req_connecting": {
            "p(90)": 0,
            "p(95)": 0,
            "p(99)": 0,
            "avg": 0.00574622429906542,
            "min": 0,
            "max": 3.0446,
            "p(50)": 0,
            "p(75)": 0
        },
        "http_req_tls_handshaking": {
            "p(75)": 0,
            "p(90)": 0,
            "p(95)": 0,
            "p(99)": 0,
            "avg": 0,
            "min": 0,
            "max": 0,
            "p(50)": 0
        }
    }
}