{
    "root_group": {
        "path": "",
        "id": "d41d8cd98f00b204e9800998ecf8427e",
        "groups": {},
        "checks": {
                "products list ok": {
                    "name": "products list ok",
                    "path": "::products list ok",
                    "id": "9510a9eed98727c4f6d467383c223a18",
                    "passes": 8043,
                    "fails": 0
                },
                "product ok": {
                    "path": "::product ok",
                    "id": "716e252b0c1f95f7b69e330791590bce",
                    "passes": 8043,
                    "fails": 0,
                    "name": "product ok"
                }
            },
        "name": ""
    },
    "metrics": {
        "http_req_waiting": {
            "max": 60.1589,
            "p(50)": 4.3436,
            "p(75)": 5.669625,
            "p(90)": 7.499,
            "p(95)": 8.697125,
            "p(99)": 11.887519999999999,
            "avg": 4.844106216585859,
            "min": 1.5238
        },
        "http_req_blocked": {
            "p(99)": 0.5102599999999998,
            "avg": 0.01190793858013179,
            "min": 0,
            "max": 4.1543,
            "p(50)": 0,
            "p(75)": 0,
            "p(90)": 0,
            "p(95)": 0
        },
        "data_received": {
            "count": 5067090,
            "rate": 33558.976096776525
        },
        "iterations": {
            "count": 8043,
            "rate": 53.2682160266294
        },
        "http_req_duration{expected_response:true}": {
            "p(75)": 5.7628,
            "p(90)": 7.644,
            "p(95)": 8.8039,
            "p(99)": 11.910654999999988,
            "avg": 4.94281102200669,
            "min": 1.5238,
            "max": 60.1589,
            "p(50)": 4.4442
        },
        "http_req_receiving": {
            "avg": 0.07992834141489494,
            "min": 0,
            "max": 4.8333,
            "p(50)": 0,
            "p(75)": 0,
            "p(90)": 0.5071,
            "p(95)": 0.529075,
            "p(99)": 0.6207399999999986
        },
        "http_reqs": {
            "count": 16086,
            "rate": 106.5364320532588
        },
        "http_req_sending": {
            "max": 20.0602,
            "p(50)": 0,
            "p(75)": 0,
            "p(90)": 0,
            "p(95)": 0,
            "p(99)": 0.526115,
            "avg": 0.018776464005967913,
            "min": 0
        },
        "http_req_tls_handshaking": {
            "max": 0,
            "p(50)": 0,
            "p(75)": 0,
            "p(90)": 0,
            "p(95)": 0,
            "p(99)": 0,
            "avg": 0,
            "min": 0
        },
        "vus_max": {
            "value": 100,
            "min": 100,
            "max": 100
        },
        "http_req_connecting": {
            "p(95)": 0,
            "p(99)": 0,
            "avg": 0.006179429317418875,
            "min": 0,
            "max": 2.632,
            "p(50)": 0,
            "p(75)": 0,
            "p(90)": 0
        },
        "vus": {
            "value": 3,
            "min": 1,
            "max": 100
        },
        "iteration_duration": {
            "max": 1091.2395,
            "p(50)": 1009.8731,
            "p(75)": 1012.6859,
            "p(90)": 1015.8602,
            "p(95)": 1018.24827,
            "p(99)": 1024.185624,
            "avg": 1011.011259530025,
            "min": 1005.0044
        },
        "http_req_failed": {
            "passes": 0,
            "fails": 16086,
            "thresholds": {
                "rate<0.05": false
            },
            "value": 0
        },
        "checks": {
            "fails": 0,
            "passes": 16086,
            "value": 1
        },
        "data_sent": {
            "count": 1471869,
            "rate": 9748.083532873181
        },
        "http_req_duration": {
            "p(75)": 5.7628,
            "p(90)": 7.644,
            "p(95)": 8.8039,
            "p(99)": 11.910654999999988,
            "avg": 4.94281102200669,
            "min": 1.5238,
            "max": 60.1589,
            "p(50)": 4.4442
        }
    }
}