{
    "metrics": {
        "data_sent": {
            "count": 1467477,
            "rate": 9724.140052224679
        },
        "http_req_blocked": {
            "p(75)": 0,
            "p(90)": 0,
            "p(95)": 0,
            "p(99)": 0.5390409999999994,
            "avg": 0.018003354532984166,
            "min": 0,
            "max": 5.3858,
            "p(50)": 0
        },
        "vus": {
            "min": 1,
            "max": 100,
            "value": 21
        },
        "http_req_tls_handshaking": {
            "p(90)": 0,
            "p(95)": 0,
            "p(99)": 0,
            "avg": 0,
            "min": 0,
            "max": 0,
            "p(50)": 0,
            "p(75)": 0
        },
        "http_req_sending": {
            "max": 4.9257,
            "p(50)": 0,
            "p(75)": 0,
            "p(90)": 0,
            "p(95)": 0,
            "p(99)": 0.5819889999999998,
            "avg": 0.024034200024940756,
            "min": 0
        },
        "http_req_receiving": {
            "max": 8.1969,
            "p(50)": 0,
            "p(75)": 0,
            "p(90)": 0.5051,
            "p(95)": 0.5234,
            "p(99)": 0.7716969999999984,
            "avg": 0.07671326848734242,
            "min": 0
        },
        "iterations": {
            "count": 8019,
            "rate": 53.13737733456109
        },
        "http_req_duration{expected_response:true}": {
            "p(75)": 8.15345,
            "p(90)": 9.9476,
            "p(95)": 11.013095,
            "p(99)": 13.892020999999978,
            "avg": 6.456611123581461,
            "min": 1.5677,
            "max": 74.0011,
            "p(50)": 5.8192
        },
        "http_req_connecting": {
            "p(90)": 0,
            "p(95)": 0,
            "p(99)": 0,
            "avg": 0.008522353161242053,
            "min": 0,
            "max": 3.9048,
            "p(50)": 0,
            "p(75)": 0
        },
        "data_received": {
            "count": 5051970,
            "rate": 33476.54772077349
        },
        "http_req_failed": {
            "passes": 0,
            "fails": 16038,
            "thresholds": {
                "rate<0.05": false
            },
            "value": 0
        },
        "http_reqs": {
            "count": 16038,
            "rate": 106.27475466912217
        },
        "iteration_duration": {
            "p(99)": 1031.61405,
            "avg": 1014.4976751589968,
            "min": 1005.0762,
            "max": 1104.1225,
            "p(50)": 1013.9736,
            "p(75)": 1016.51245,
            "p(90)": 1019.35974,
            "p(95)": 1021.9222
        },
        "checks": {
            "passes": 16038,
            "fails": 0,
            "value": 1
        },
        "vus_max": {
            "value": 100,
            "min": 100,
            "max": 100
        },
        "http_req_duration": {
            "p(75)": 8.15345,
            "p(90)": 9.9476,
            "p(95)": 11.013095,
            "p(99)": 13.892020999999978,
            "avg": 6.456611123581461,
            "min": 1.5677,
            "max": 74.0011,
            "p(50)": 5.8192
        },
        "http_req_waiting": {
            "max": 74.0011,
            "p(50)": 5.70695,
            "p(75)": 8.0173,
            "p(90)": 9.809310000000002,
            "p(95)": 10.8886,
            "p(99)": 13.554298999999995,
            "avg": 6.35586365506919,
            "min": 1.5677
        }
    },
    "root_group": {
        "id": "d41d8cd98f00b204e9800998ecf8427e",
        "groups": {},
        "checks": {
                "products list ok": {
                    "fails": 0,
                    "name": "products list ok",
                    "path": "::products list ok",
                    "id": "9510a9eed98727c4f6d467383c223a18",
                    "passes": 8019
                },
                "product ok": {
                    "name": "product ok",
                    "path": "::product ok",
                    "id": "716e252b0c1f95f7b69e330791590bce",
                    "passes": 8019,
                    "fails": 0
                }
            },
        "name": "",
        "path": ""
    }
}