{
    "root_group": {
        "path": "",
        "id": "d41d8cd98f00b204e9800998ecf8427e",
        "groups": {},
        "checks": {
                "products list ok": {
                    "name": "products list ok",
                    "path": "::products list ok",
                    "id": "9510a9eed98727c4f6d467383c223a18",
                    "passes": 600,
                    "fails": 0
                },
                "product ok": {
                    "path": "::product ok",
                    "id": "716e252b0c1f95f7b69e330791590bce",
                    "passes": 600,
                    "fails": 0,
                    "name": "product ok"
                }
            },
        "name": ""
    },
    "metrics": {
        "http_req_blocked": {
            "p(50)": 0,
            "p(75)": 0,
            "p(90)": 0,
            "p(95)": 0,
            "p(99)": 7.1198,
            "avg": 0.4187758333333334,
            "min": 0,
            "max": 49.853
        },
        "http_req_connecting": {
            "p(75)": 0,
            "p(90)": 0,
            "p(95)": 0,
            "p(99)": 1.0061,
            "avg": 0.3030746666666667,
            "min": 0,
            "max": 43.7393,
            "p(50)": 0
        },
        "checks": {
            "fails": 0,
            "passes": 1200,
            "value": 1
        },
        "iteration_duration": {
            "p(95)": 1021.87253,
            "p(99)": 1065.598,
            "avg": 1017.169563666667,
            "min": 1007.8748,
            "max": 1069.9241,
            "p(50)": 1015.9880499999999,
            "p(75)": 1017.362625,
            "p(90)": 1019.5746899999999
        },
        "data_sent": {
            "count": 109800,
            "rate": 3597.730127185658
        },
        "http_req_duration{expected_response:true}": {
            "p(50)": 6.4441,
            "p(75)": 8.919275,
            "p(90)": 10.4438,
            "p(95)": 11.375545,
            "p(99)": 17.732486999999946,
            "avg": 7.327425500000002,
            "min": 2.6638,
            "max": 44.306
        },
        "http_req_sending": {
            "max": 2.7936,
            "p(50)": 0,
            "p(75)": 0,
            "p(90)": 0,
            "p(95)": 0.5034299999999999,
            "p(99)": 1.013901,
            "avg": 0.044906499999999995,
            "min": 0
        },
        "http_req_waiting": {
            "avg": 7.170068666666675,
            "min": 2.6638,
            "max": 42.7332,
            "p(50)": 6.31105,
            "p(75)": 8.7135,
            "p(90)": 10.210850000000006,
            "p(95)": 11.078819999999999,
            "p(99)": 17.732486999999946
        },
        "http_req_failed": {
            "fails": 1200,
            "passes": 0,
            "thresholds": {
                "rate<0.01": false
            },
            "value": 0
        },
        "http_req_tls_handshaking": {
            "p(99)": 0,
            "avg": 0,
            "min": 0,
            "max": 0,
            "p(50)": 0,
            "p(75)": 0,
            "p(90)": 0,
            "p(95)": 0
        },
        "data_received": {
            "count": 378000,
            "rate": 12385.628306704724
        },
        "vus": {
            "value": 20,
            "min": 20,
            "max": 20
        },
        "http_reqs": {
            "count": 1200,
            "rate": 39.31945494191976
        },
        "vus_max": {
            "value": 20,
            "min": 20,
            "max": 20
        },
        "http_req_duration": {
            "p(50)": 6.4441,
            "p(75)": 8.919275,
            "p(90)": 10.4438,
            "p(95)": 11.375545,
            "p(99)": 17.732486999999946,
            "avg": 7.327425500000002,
            "min": 2.6638,
            "max": 44.306
        },
        "iterations": {
            "count": 600,
            "rate": 19.65972747095988
        },
        "http_req_receiving": {
            "avg": 0.11245033333333328,
            "min": 0,
            "max": 15.4365,
            "p(50)": 0,
            "p(75)": 0,
            "p(90)": 0.5072300000000001,
            "p(95)": 0.5457399999999997,
            "p(99)": 1.3844
        }
    }
}