{
    "metrics": {
        "http_req_sending": {
            "p(95)": 0,
            "p(99)": 0.550607,
            "avg": 0.04638866666666667,
            "min": 0,
            "max": 17.3177,
            "p(50)": 0,
            "p(75)": 0,
            "p(90)": 0
        },
        "http_req_waiting": {
            "max": 55.6707,
            "p(50)": 3.8426,
            "p(75)": 5.588,
            "p(90)": 8.098420000000004,
            "p(95)": 9.860974999999998,
            "p(99)": 26.4803,
            "avg": 5.033241666666657,
            "min": 0.5239
        },
        "http_req_duration": {
            "p(95)": 9.908954999999999,
            "p(99)": 26.4803,
            "avg": 5.1571470666666634,
            "min": 0.5239,
            "max": 72.4351,
            "p(50)": 3.9006,
            "p(75)": 5.7111,
            "p(90)": 8.28204
        },
        "http_req_tls_handshaking": {
            "max": 0,
            "p(50)": 0,
            "p(75)": 0,
            "p(90)": 0,
            "p(95)": 0,
            "p(99)": 0,
            "avg": 0,
            "min": 0
        },
        "data_sent": {
            "count": 892200,
            "rate": 28891.270488373833
        },
        "http_req_connecting": {
            "max": 42.3413,
            "p(50)": 0,
            "p(75)": 0,
            "p(90)": 0,
            "p(95)": 0,
            "p(99)": 0,
            "avg": 0.11307453333333332,
            "min": 0
        },
        "iterations": {
            "count": 300,
            "rate": 9.714616842089386
        },
        "http_req_duration{expected_response:true}": {
            "p(99)": 26.4803,
            "avg": 5.1571470666666634,
            "min": 0.5239,
            "max": 72.4351,
            "p(50)": 3.9006,
            "p(75)": 5.7111,
            "p(90)": 8.28204,
            "p(95)": 9.908954999999999
        },
        "http_req_failed": {
            "passes": 0,
            "fails": 1500,
            "thresholds": {
                "rate<0.02": false
            },
            "value": 0
        },
        "vus": {
            "min": 10,
            "max": 10,
            "value": 10
        },
        "checks": {
            "fails": 0,
            "passes": 1500,
            "value": 1
        },
        "vus_max": {
            "value": 10,
            "min": 10,
            "max": 10
        },
        "data_received": {
            "count": 600600,
            "rate": 19448.662917862952
        },
        "http_req_blocked": {
            "max": 48.1491,
            "p(50)": 0,
            "p(75)": 0,
            "p(90)": 0,
            "p(95)": 0,
            "p(99)": 0.518909,
            "avg": 0.15871613333333331,
            "min": 0
        },
        "iteration_duration": {
            "avg": 1029.3336269999988,
            "min": 1015.4472,
            "max": 1169.5544,
            "p(50)": 1024.3085500000002,
            "p(75)": 1026.966125,
            "p(90)": 1031.93821,
            "p(95)": 1036.2279500000002,
            "p(99)": 1168.5013
        },
        "http_reqs": {
            "count": 1500,
            "rate": 48.57308421044693
        },
        "http_req_receiving": {
            "max": 1.5867,
            "p(50)": 0,
            "p(75)": 0,
            "p(90)": 0.5064,
            "p(95)": 0.53401,
            "p(99)": 0.6778579999999997,
            "avg": 0.07751673333333325,
            "min": 0
        }
    },
    "root_group": {
        "path": "",
        "id": "d41d8cd98f00b204e9800998ecf8427e",
        "groups": {},
        "checks": {
                "login ok": {
                    "path": "::login ok",
                    "id": "0ddcda49e3a8b9d6d2e015dafbaafe65",
                    "passes": 300,
                    "fails": 0,
                    "name": "login ok"
                },
                "cart add ok": {
                    "name": "cart add ok",
                    "path": "::cart add ok",
                    "id": "3476b21dcb095c2f01deccc20115d127",
                    "passes": 300,
                    "fails": 0
                },
                "cart get ok": {
                    "name": "cart get ok",
                    "path": "::cart get ok",
                    "id": "9d960ca6baf25ee48d3f3c991473fca0",
                    "passes": 300,
                    "fails": 0
                },
                "cart update ok": {
                    "name": "cart update ok",
                    "path": "::cart update ok",
                    "id": "07ee78e8bcccf32bc9963f8d3c17eecf",
                    "passes": 300,
                    "fails": 0
                },
                "cart remove ok": {
                    "id": "31001ad0f6cf28a008d3b28f557b05a9",
                    "passes": 300,
                    "fails": 0,
                    "name": "cart remove ok",
                    "path": "::cart remove ok"
                }
            },
        "name": ""
    }
}