{
    "metrics": {
        "checks": {
            "passes": 1200,
            "fails": 0,
            "value": 1
        },
        "vus_max": {
            "min": 20,
            "max": 20,
            "value": 20
        },
        "http_req_waiting": {
            "p(50)": 6.409800000000001,
            "p(75)": 9.05225,
            "p(90)": 10.82125,
            "p(95)": 12.68559,
            "p(99)": 34.70862899999998,
            "avg": 7.574222749999984,
            "min": 2.7855,
            "max": 42.2598
        },
        "data_received": {
            "count": 378000,
            "rate": 12384.57177751493
        },
        "http_req_failed": {
            "passes": 0,
            "fails": 1200,
            "thresholds": {
                "rate<0.01": false
            },
            "value": 0
        },
        "http_req_blocked": {
            "p(50)": 0,
            "p(75)": 0,
            "p(90)": 0,
            "p(95)": 0,
            "p(99)": 11.8906,
            "avg": 0.20821324999999993,
            "min": 0,
            "max": 12.47
        },
        "http_req_sending": {
            "max": 4.2341,
            "p(50)": 0,
            "p(75)": 0,
            "p(90)": 0,
            "p(95)": 0.506505,
            "p(99)": 1.011739,
            "avg": 0.04852291666666666,
            "min": 0
        },
        "vus": {
            "value": 20,
            "min": 20,
            "max": 20
        },
        "http_req_receiving": {
            "p(75)": 0,
            "p(90)": 0.5057,
            "p(95)": 0.5213749999999999,
            "p(99)": 0.777938,
            "avg": 0.08318583333333333,
            "min": 0,
            "max": 5.5736,
            "p(50)": 0
        },
        "http_reqs": {
            "rate": 39.31610088099978,
            "count": 1200
        },
        "iteration_duration": {
            "max": 1074.6317,
            "p(50)": 1015.3721,
            "p(75)": 1017.2156,
            "p(90)": 1019.21379,
            "p(95)": 1021.90074,
            "p(99)": 1070.142,
            "avg": 1017.2166003333328,
            "min": 1009.097
        },
        "http_req_duration": {
            "avg": 7.705931499999986,
            "min": 2.7855,
            "max": 42.2598,
            "p(50)": 6.53825,
            "p(75)": 9.1911,
            "p(90)": 10.890290000000002,
            "p(95)": 12.7518,
            "p(99)": 34.80723299999998
        },
        "http_req_duration{expected_response:true}": {
            "p(50)": 6.53825,
            "p(75)": 9.1911,
            "p(90)": 10.890290000000002,
            "p(95)": 12.7518,
            "p(99)": 34.80723299999998,
            "avg": 7.705931499999986,
            "min": 2.7855,
            "max": 42.2598
        },
        "http_req_connecting": {
            "avg": 0.019329500000000006,
            "min": 0,
            "max": 1.7574,
            "p(50)": 0,
            "p(75)": 0,
            "p(90)": 0,
            "p(95)": 0,
            "p(99)": 1.1247
        },
        "data_sent": {
            "count": 109800,
            "rate": 3597.4232306114795
        },
        "http_req_tls_handshaking": {
            "p(75)": 0,
            "p(90)": 0,
            "p(95)": 0,
            "p(99)": 0,
            "avg": 0,
            "min": 0,
            "max": 0,
            "p(50)": 0
        },
        "iterations": {
            "count": 600,
            "rate": 19.65805044049989
        }
    },
    "root_group": {
        "id": "d41d8cd98f00b204e9800998ecf8427e",
        "groups": {},
        "checks": {
                "products list ok": {
                    "id": "9510a9eed98727c4f6d467383c223a18",
                    "passes": 600,
                    "fails": 0,
                    "name": "products list ok",
                    "path": "::products list ok"
                },
                "product ok": {
                    "name": "product ok",
                    "path": "::product ok",
                    "id": "716e252b0c1f95f7b69e330791590bce",
                    "passes": 600,
                    "fails": 0
                }
            },
        "name": "",
        "path": ""
    }
}