{
    "metrics": {
        "vus_max": {
            "value": 100,
            "min": 100,
            "max": 100
        },
        "iteration_duration": {
            "p(90)": 1015.062,
            "p(95)": 1017.14192,
            "p(99)": 1026.313436,
            "avg": 1010.9402475699177,
            "min": 1005.1055,
            "max": 1116.4699,
            "p(50)": 1009.7923,
            "p(75)": 1012.3577
        },
        "vus": {
            "min": 1,
            "max": 100,
            "value": 22
        },
        "http_reqs": {
            "count": 16090,
            "rate": 106.58590865010117
        },
        "http_req_failed": {
            "passes": 0,
            "fails": 16090,
            "thresholds": {
                "rate<0.05": false
            },
            "value": 0
        },
        "http_req_duration": {
            "p(99)": 12.152332000000001,
            "avg": 4.892808210068373,
            "min": 1.5147,
            "max": 87.3239,
            "p(50)": 4.3503,
            "p(75)": 5.6344,
            "p(90)": 7.52352,
            "p(95)": 8.7242
        },
        "http_req_blocked": {
            "p(90)": 0,
            "p(95)": 0,
            "p(99)": 0.5129540000000008,
            "avg": 0.013269608452454932,
            "min": 0,
            "max": 10.4489,
            "p(50)": 0,
            "p(75)": 0
        },
        "http_req_tls_handshaking": {
            "p(75)": 0,
            "p(90)": 0,
            "p(95)": 0,
            "p(99)": 0,
            "avg": 0,
            "min": 0,
            "max": 0,
            "p(50)": 0
        },
        "data_sent": {
            "rate": 9752.610641484258,
            "count": 1472235
        },
        "http_req_duration{expected_response:true}": {
            "max": 87.3239,
            "p(50)": 4.3503,
            "p(75)": 5.6344,
            "p(90)": 7.52352,
            "p(95)": 8.7242,
            "p(99)": 12.152332000000001,
            "avg": 4.892808210068373,
            "min": 1.5147
        },
        "iterations": {
            "count": 8045,
            "rate": 53.29295432505059
        },
        "http_req_waiting": {
            "avg": 4.794000055935377,
            "min": 1.5147,
            "max": 85.4916,
            "p(50)": 4.2547999999999995,
            "p(75)": 5.5203,
            "p(90)": 7.3621,
            "p(95)": 8.6034,
            "p(99)": 11.659904000000015
        },
        "data_received": {
            "count": 5068350,
            "rate": 33574.56122478187
        },
        "http_req_sending": {
            "p(50)": 0,
            "p(75)": 0,
            "p(90)": 0,
            "p(95)": 0,
            "p(99)": 0.5280220000000001,
            "avg": 0.01736196395276572,
            "min": 0,
            "max": 18.2576
        },
        "http_req_receiving": {
            "p(50)": 0,
            "p(75)": 0,
            "p(90)": 0.5063,
            "p(95)": 0.524755,
            "p(99)": 0.6165860000000015,
            "avg": 0.08144619018023609,
            "min": 0,
            "max": 23.1352
        },
        "http_req_connecting": {
            "p(99)": 0,
            "avg": 0.006955096333126166,
            "min": 0,
            "max": 10.4489,
            "p(50)": 0,
            "p(75)": 0,
            "p(90)": 0,
            "p(95)": 0
        },
        "checks": {
            "passes": 16090,
            "fails": 0,
            "value": 1
        }
    },
    "root_group": {
        "name": "",
        "path": "",
        "id": "d41d8cd98f00b204e9800998ecf8427e",
        "groups": {},
        "checks": {
                "products list ok": {
                    "name": "products list ok",
                    "path": "::products list ok",
                    "id": "9510a9eed98727c4f6d467383c223a18",
                    "passes": 8045,
                    "fails": 0
                },
                "product ok": {
                    "name": "product ok",
                    "path": "::product ok",
                    "id": "716e252b0c1f95f7b69e330791590bce",
                    "passes": 8045,
                    "fails": 0
                }
            }
    }
}