{
    "root_group": {
        "checks": {
            "products list ok": {
                "name": "products list ok",
                "path": "::products list ok",
                "id": "9510a9eed98727c4f6d467383c223a18",
                "passes": 600,
                "fails": 0
            },
            "product ok": {
                "passes": 600,
                "fails": 0,
                "name": "product ok",
                "path": "::product ok",
                "id": "716e252b0c1f95f7b69e330791590bce"
            }
        },
        "name": "",
        "path": "",
        "id": "d41d8cd98f00b204e9800998ecf8427e",
        "groups": {}
    },
    "metrics": {
        "http_req_connecting": {
            "max": 1.7361,
            "p(50)": 0,
            "p(75)": 0,
            "p(90)": 0,
            "p(95)": 0,
            "p(99)": 1.0525,
            "avg": 0.02131141666666666,
            "min": 0
        },
        "http_req_duration{expected_response:true}": {
            "p(99)": 36.663064999999996,
            "avg": 7.553761583333338,
            "min": 2.7206,
            "max": 56.2477,
            "p(50)": 6.24245,
            "p(75)": 8.6494,
            "p(90)": 11.095410000000001,
            "p(95)": 12.509269999999997
        },
        "http_req_failed": {
            "passes": 0,
            "fails": 1200,
            "thresholds": {
                "rate<0.01": false
            },
            "value": 0
        },
        "http_req_blocked": {
            "p(99)": 8.7821,
            "avg": 0.1567660833333333,
            "min": 0,
            "max": 9.4772,
            "p(50)": 0,
            "p(75)": 0,
            "p(90)": 0,
            "p(95)": 0
        },
        "http_req_waiting": {
            "p(90)": 10.9253,
            "p(95)": 12.466674999999997,
            "p(99)": 36.12221099999999,
            "avg": 7.430022250000009,
            "min": 2.5979,
            "max": 56.2477,
            "p(50)": 6.119,
            "p(75)": 8.5559
        },
        "iteration_duration": {
            "min": 1009.129,
            "max": 1072.1708,
            "p(50)": 1015.14125,
            "p(75)": 1017.505075,
            "p(90)": 1020.2167,
            "p(95)": 1022.21969,
            "p(99)": 1066.7197,
            "avg": 1017.0877163333337
        },
        "data_received": {
            "count": 378000,
            "rate": 12386.24118110687
        },
        "http_req_tls_handshaking": {
            "p(75)": 0,
            "p(90)": 0,
            "p(95)": 0,
            "p(99)": 0,
            "avg": 0,
            "min": 0,
            "max": 0,
            "p(50)": 0
        },
        "checks": {
            "passes": 1200,
            "fails": 0,
            "value": 1
        },
        "http_reqs": {
            "count": 1200,
            "rate": 39.321400574942444
        },
        "http_req_sending": {
            "p(50)": 0,
            "p(75)": 0,
            "p(90)": 0,
            "p(95)": 0.4772,
            "p(99)": 0.9986809999999999,
            "avg": 0.03879541666666666,
            "min": 0,
            "max": 2.8102
        },
        "vus": {
            "value": 20,
            "min": 20,
            "max": 20
        },
        "data_sent": {
            "count": 109800,
            "rate": 3597.908152607234
        },
        "vus_max": {
            "value": 20,
            "min": 20,
            "max": 20
        },
        "iterations": {
            "count": 600,
            "rate": 19.660700287471222
        },
        "http_req_duration": {
            "p(75)": 8.6494,
            "p(90)": 11.095410000000001,
            "p(95)": 12.509269999999997,
            "p(99)": 36.663064999999996,
            "avg": 7.553761583333338,
            "min": 2.7206,
            "max": 56.2477,
            "p(50)": 6.24245
        },
        "http_req_receiving": {
            "p(95)": 0.5181399999999999,
            "p(99)": 1.0123059999999995,
            "avg": 0.08494391666666673,
            "min": 0,
            "max": 3.1623,
            "p(50)": 0,
            "p(75)": 0,
            "p(90)": 0.50504
        }
    }
}