{
    "root_group": {
        "checks": {
            "products list ok": {
                "path": "::products list ok",
                "id": "9510a9eed98727c4f6d467383c223a18",
                "passes": 8020,
                "fails": 0,
                "name": "products list ok"
            },
            "product ok": {
                "name": "product ok",
                "path": "::product ok",
                "id": "716e252b0c1f95f7b69e330791590bce",
                "passes": 8020,
                "fails": 0
            }
        },
        "name": "",
        "path": "",
        "id": "d41d8cd98f00b204e9800998ecf8427e",
        "groups": {}
    },
    "metrics": {
        "http_req_sending": {
            "p(75)": 0,
            "p(90)": 0,
            "p(95)": 0,
            "p(99)": 0.5408050000000003,
            "avg": 0.019103004987531164,
            "min": 0,
            "max": 5.3026,
            "p(50)": 0
        },
        "http_reqs": {
            "count": 16040,
            "rate": 106.21841379999222
        },
        "http_req_tls_handshaking": {
            "max": 0,
            "p(50)": 0,
            "p(75)": 0,
            "p(90)": 0,
            "p(95)": 0,
            "p(99)": 0,
            "avg": 0,
            "min": 0
        },
        "http_req_blocked": {
            "p(99)": 0.5318440000000002,
            "avg": 0.014842749376558611,
            "min": 0,
            "max": 7.7963,
            "p(50)": 0,
            "p(75)": 0,
            "p(90)": 0,
            "p(95)": 0
        },
        "vus_max": {
            "value": 100,
            "min": 100,
            "max": 100
        },
        "data_received": {
            "count": 5052600,
            "rate": 33458.800346997545
        },
        "checks": {
            "fails": 0,
            "passes": 16040,
            "value": 1
        },
        "data_sent": {
            "count": 1467660,
            "rate": 9718.984862699288
        },
        "vus": {
            "value": 1,
            "min": 1,
            "max": 100
        },
        "iteration_duration": {
            "p(99)": 1028.695506,
            "avg": 1014.4489417830453,
            "min": 1004.1331,
            "max": 1064.4761,
            "p(50)": 1013.72345,
            "p(75)": 1017.194075,
            "p(90)": 1020.6266400000001,
            "p(95)": 1022.861535
        },
        "http_req_waiting": {
            "p(95)": 11.5588,
            "p(99)": 15.188045000000013,
            "avg": 6.636621115960022,
            "min": 1.4124,
            "max": 50.3649,
            "p(50)": 6.13295,
            "p(75)": 8.4868,
            "p(90)": 10.300950000000002
        },
        "http_req_receiving": {
            "p(50)": 0,
            "p(75)": 0,
            "p(90)": 0.5058,
            "p(95)": 0.531,
            "p(99)": 0.6493610000000001,
            "avg": 0.07793659600997518,
            "min": 0,
            "max": 2.9724
        },
        "iterations": {
            "count": 8020,
            "rate": 53.10920689999611
        },
        "http_req_failed": {
            "passes": 0,
            "fails": 16040,
            "thresholds": {
                "rate<0.05": false
            },
            "value": 0
        },
        "http_req_duration{expected_response:true}": {
            "p(75)": 8.5783,
            "p(90)": 10.4418,
            "p(95)": 11.6361,
            "p(99)": 15.310866,
            "avg": 6.733660716957531,
            "min": 1.4124,
            "max": 50.3649,
            "p(50)": 6.222
        },
        "http_req_duration": {
            "p(50)": 6.222,
            "p(75)": 8.5783,
            "p(90)": 10.4418,
            "p(95)": 11.6361,
            "p(99)": 15.310866,
            "avg": 6.733660716957531,
            "min": 1.4124,
            "max": 50.3649
        },
        "http_req_connecting": {
            "p(50)": 0,
            "p(75)": 0,
            "p(90)": 0,
            "p(95)": 0,
            "p(99)": 0,
            "avg": 0.005669326683291771,
            "min": 0,
            "max": 2.6874
        }
    }
}