{
    "root_group": {
        "path": "",
        "id": "d41d8cd98f00b204e9800998ecf8427e",
        "groups": {},
        "checks": {
                "products list ok": {
                    "fails": 0,
                    "name": "products list ok",
                    "path": "::products list ok",
                    "id": "9510a9eed98727c4f6d467383c223a18",
                    "passes": 8042
                },
                "product ok": {
                    "name": "product ok",
                    "path": "::product ok",
                    "id": "716e252b0c1f95f7b69e330791590bce",
                    "passes": 8042,
                    "fails": 0
                }
            },
        "name": ""
    },
    "metrics": {
        "http_req_duration{expected_response:true}": {
            "max": 46.5051,
            "p(50)": 4.53425,
            "p(75)": 5.9705,
            "p(90)": 7.815650000000001,
            "p(95)": 8.89151,
            "p(99)": 11.429370000000002,
            "avg": 5.073203027853755,
            "min": 1.5381
        },
        "iterations": {
            "count": 8042,
            "rate": 53.31575376404862
        },
        "checks": {
            "fails": 0,
            "passes": 16084,
            "value": 1
        },
        "vus_max": {
            "min": 100,
            "max": 100,
            "value": 100
        },
        "iteration_duration": {
            "p(99)": 1027.57572,
            "avg": 1011.3620315966157,
            "min": 1004.9829,
            "max": 1077.1234,
            "p(50)": 1010.4548,
            "p(75)": 1013.1592,
            "p(90)": 1015.7661,
            "p(95)": 1017.7420000000001
        },
        "http_req_duration": {
            "p(75)": 5.9705,
            "p(90)": 7.815650000000001,
            "p(95)": 8.89151,
            "p(99)": 11.429370000000002,
            "avg": 5.073203027853755,
            "min": 1.5381,
            "max": 46.5051,
            "p(50)": 4.53425
        },
        "http_req_sending": {
            "p(90)": 0,
            "p(95)": 0,
            "p(99)": 0.538,
            "avg": 0.021215841830390464,
            "min": 0,
            "max": 19.7963,
            "p(50)": 0,
            "p(75)": 0
        },
        "http_req_failed": {
            "fails": 16084,
            "passes": 0,
            "thresholds": {
                "rate<0.05": false
            },
            "value": 0
        },
        "data_received": {
            "count": 5066460,
            "rate": 33588.92487135063
        },
        "http_req_tls_handshaking": {
            "p(75)": 0,
            "p(90)": 0,
            "p(95)": 0,
            "p(99)": 0,
            "avg": 0,
            "min": 0,
            "max": 0,
            "p(50)": 0
        },
        "http_req_waiting": {
            "p(99)": 11.248555000000001,
            "avg": 4.976003444416797,
            "min": 1.3616,
            "max": 46.5051,
            "p(50)": 4.4501,
            "p(75)": 5.8612,
            "p(90)": 7.72433,
            "p(95)": 8.784059999999995
        },
        "data_sent": {
            "rate": 9756.782938820897,
            "count": 1471686
        },
        "http_req_connecting": {
            "avg": 0.005945940064660531,
            "min": 0,
            "max": 2.6914,
            "p(50)": 0,
            "p(75)": 0,
            "p(90)": 0,
            "p(95)": 0,
            "p(99)": 0
        },
        "vus": {
            "value": 23,
            "min": 1,
            "max": 100
        },
        "http_reqs": {
            "count": 16084,
            "rate": 106.63150752809725
        },
        "http_req_receiving": {
            "avg": 0.07598374160656571,
            "min": 0,
            "max": 3.6004,
            "p(50)": 0,
            "p(75)": 0,
            "p(90)": 0.5071,
            "p(95)": 0.5285849999999999,
            "p(99)": 0.5961590000000002
        },
        "http_req_blocked": {
            "p(95)": 0,
            "p(99)": 0.5130890000000001,
            "avg": 0.013621729669236506,
            "min": 0,
            "max": 18.9409,
            "p(50)": 0,
            "p(75)": 0,
            "p(90)": 0
        }
    }
}