{
    "root_group": {
        "name": "",
        "path": "",
        "id": "d41d8cd98f00b204e9800998ecf8427e",
        "groups": {},
        "checks": {
                "products list ok": {
                    "name": "products list ok",
                    "path": "::products list ok",
                    "id": "9510a9eed98727c4f6d467383c223a18",
                    "passes": 8014,
                    "fails": 0
                },
                "product ok": {
                    "fails": 0,
                    "name": "product ok",
                    "path": "::product ok",
                    "id": "716e252b0c1f95f7b69e330791590bce",
                    "passes": 8014
                }
            }
    },
    "metrics": {
        "http_req_failed": {
            "passes": 0,
            "fails": 16028,
            "thresholds": {
                "rate<0.05": false
            },
            "value": 0
        },
        "http_req_sending": {
            "p(90)": 0,
            "p(95)": 0,
            "p(99)": 0.6560819999999985,
            "avg": 0.031030546543548778,
            "min": 0,
            "max": 15.8719,
            "p(50)": 0,
            "p(75)": 0
        },
        "iteration_duration": {
            "p(95)": 1022.967775,
            "p(99)": 1031.2888999999998,
            "avg": 1015.2178240578994,
            "min": 1003.8681,
            "max": 1093.2054,
            "p(50)": 1014.6848500000001,
            "p(75)": 1017.3305,
            "p(90)": 1020.40768
        },
        "vus_max": {
            "value": 100,
            "min": 100,
            "max": 100
        },
        "data_sent": {
            "count": 1466562,
            "rate": 9713.199247835026
        },
        "http_req_duration": {
            "p(99)": 14.11803099999999,
            "avg": 6.683328531320136,
            "min": 1.0486,
            "max": 52.4752,
            "p(50)": 6.1371,
            "p(75)": 8.463875,
            "p(90)": 10.302490000000002,
            "p(95)": 11.3648
        },
        "http_req_tls_handshaking": {
            "min": 0,
            "max": 0,
            "p(50)": 0,
            "p(75)": 0,
            "p(90)": 0,
            "p(95)": 0,
            "p(99)": 0,
            "avg": 0
        },
        "checks": {
            "passes": 16028,
            "fails": 0,
            "value": 1
        },
        "iterations": {
            "count": 8014,
            "rate": 53.07759151822419
        },
        "vus": {
            "value": 21,
            "min": 1,
            "max": 100
        },
        "http_reqs": {
            "count": 16028,
            "rate": 106.15518303644838
        },
        "http_req_waiting": {
            "max": 51.8429,
            "p(50)": 6.02835,
            "p(75)": 8.3588,
            "p(90)": 10.1396,
            "p(95)": 11.24403,
            "p(99)": 13.855772999999996,
            "avg": 6.577550549039137,
            "min": 1.0486
        },
        "http_req_receiving": {
            "p(95)": 0.5193,
            "p(99)": 0.7638369999999925,
            "avg": 0.07474743573745951,
            "min": 0,
            "max": 5.6224,
            "p(50)": 0,
            "p(75)": 0,
            "p(90)": 0.5045
        },
        "http_req_duration{expected_response:true}": {
            "min": 1.0486,
            "max": 52.4752,
            "p(50)": 6.1371,
            "p(75)": 8.463875,
            "p(90)": 10.302490000000002,
            "p(95)": 11.3648,
            "p(99)": 14.11803099999999,
            "avg": 6.683328531320136
        },
        "http_req_blocked": {
            "p(99)": 0.5701299999999996,
            "avg": 0.020436192912403294,
            "min": 0,
            "max": 6.5286,
            "p(50)": 0,
            "p(75)": 0,
            "p(90)": 0,
            "p(95)": 0
        },
        "http_req_connecting": {
            "max": 5.1263,
            "p(50)": 0,
            "p(75)": 0,
            "p(90)": 0,
            "p(95)": 0,
            "p(99)": 0,
            "avg": 0.009803238083354125,
            "min": 0
        },
        "data_received": {
            "count": 5048820,
            "rate": 33438.88265648124
        }
    }
}