{
    "metrics": {
        "iteration_duration": {
            "max": 1080.9458,
            "p(50)": 1016.0007,
            "p(75)": 1018.0395,
            "p(90)": 1021.94452,
            "p(95)": 1026.3155,
            "p(99)": 1073.846804,
            "avg": 1018.2804658333346,
            "min": 1010.3451
        },
        "vus_max": {
            "value": 20,
            "min": 20,
            "max": 20
        },
        "data_sent": {
            "count": 109800,
            "rate": 3593.707124259264
        },
        "http_reqs": {
            "rate": 39.27548769682256,
            "count": 1200
        },
        "http_req_receiving": {
            "p(50)": 0,
            "p(75)": 0,
            "p(90)": 0.5092300000000001,
            "p(95)": 0.5374549999999999,
            "p(99)": 1.2057569999999995,
            "avg": 0.10000525000000007,
            "min": 0,
            "max": 3.6786
        },
        "vus": {
            "value": 20,
            "min": 20,
            "max": 20
        },
        "http_req_duration": {
            "p(99)": 38.84937899999999,
            "avg": 8.034344250000007,
            "min": 2.7349,
            "max": 59.4869,
            "p(50)": 6.7838,
            "p(75)": 9.156825000000001,
            "p(90)": 11.052510000000003,
            "p(95)": 14.601919999999998
        },
        "http_req_sending": {
            "min": 0,
            "max": 1.5344,
            "p(50)": 0,
            "p(75)": 0,
            "p(90)": 0,
            "p(95)": 0.21404999999999896,
            "p(99)": 0.8830299999999994,
            "avg": 0.033508166666666665
        },
        "http_req_blocked": {
            "p(75)": 0,
            "p(90)": 0,
            "p(95)": 0,
            "p(99)": 12.1293,
            "avg": 0.2183813333333334,
            "min": 0,
            "max": 13.3219,
            "p(50)": 0
        },
        "http_req_connecting": {
            "p(99)": 1.6511,
            "avg": 0.025760916666666668,
            "min": 0,
            "max": 2.5866,
            "p(50)": 0,
            "p(75)": 0,
            "p(90)": 0,
            "p(95)": 0
        },
        "iterations": {
            "count": 600,
            "rate": 19.63774384841128
        },
        "http_req_duration{expected_response:true}": {
            "max": 59.4869,
            "p(50)": 6.7838,
            "p(75)": 9.156825000000001,
            "p(90)": 11.052510000000003,
            "p(95)": 14.601919999999998,
            "p(99)": 38.84937899999999,
            "avg": 8.034344250000007,
            "min": 2.7349
        },
        "data_received": {
            "count": 378000,
            "rate": 12371.778624499106
        },
        "http_req_waiting": {
            "avg": 7.900830833333351,
            "min": 2.7349,
            "max": 59.4869,
            "p(50)": 6.59335,
            "p(75)": 9.0711,
            "p(90)": 10.8815,
            "p(95)": 14.076949999999973,
            "p(99)": 38.84937899999999
        },
        "checks": {
            "passes": 1200,
            "fails": 0,
            "value": 1
        },
        "http_req_failed": {
            "passes": 0,
            "fails": 1200,
            "thresholds": {
                "rate<0.01": false
            },
            "value": 0
        },
        "http_req_tls_handshaking": {
            "min": 0,
            "max": 0,
            "p(50)": 0,
            "p(75)": 0,
            "p(90)": 0,
            "p(95)": 0,
            "p(99)": 0,
            "avg": 0
        }
    },
    "root_group": {
        "groups": {},
        "checks": {
                "products list ok": {
                    "name": "products list ok",
                    "path": "::products list ok",
                    "id": "9510a9eed98727c4f6d467383c223a18",
                    "passes": 600,
                    "fails": 0
                },
                "product ok": {
                    "name": "product ok",
                    "path": "::product ok",
                    "id": "716e252b0c1f95f7b69e330791590bce",
                    "passes": 600,
                    "fails": 0
                }
            },
        "name": "",
        "path": "",
        "id": "d41d8cd98f00b204e9800998ecf8427e"
    }
}