{
    "root_group": {
        "checks": {
            "products list ok": {
                "name": "products list ok",
                "path": "::products list ok",
                "id": "9510a9eed98727c4f6d467383c223a18",
                "passes": 600,
                "fails": 0
            },
            "product ok": {
                "fails": 0,
                "name": "product ok",
                "path": "::product ok",
                "id": "716e252b0c1f95f7b69e330791590bce",
                "passes": 600
            }
        },
        "name": "",
        "path": "",
        "id": "d41d8cd98f00b204e9800998ecf8427e",
        "groups": {}
    },
    "metrics": {
        "http_req_duration": {
            "min": 2.8827,
            "max": 41.6204,
            "p(50)": 6.828049999999999,
            "p(75)": 9.159424999999999,
            "p(90)": 10.98892,
            "p(95)": 13.0573,
            "p(99)": 30.007298,
            "avg": 7.731629583333353
        },
        "http_req_receiving": {
            "min": 0,
            "max": 2.4979,
            "p(50)": 0,
            "p(75)": 0,
            "p(90)": 0.5058500000000001,
            "p(95)": 0.52383,
            "p(99)": 1.0089,
            "avg": 0.08121025
        },
        "http_req_duration{expected_response:true}": {
            "p(99)": 30.007298,
            "avg": 7.731629583333353,
            "min": 2.8827,
            "max": 41.6204,
            "p(50)": 6.828049999999999,
            "p(75)": 9.159424999999999,
            "p(90)": 10.98892,
            "p(95)": 13.0573
        },
        "iteration_duration": {
            "p(99)": 1054.7955,
            "avg": 1017.2053836666655,
            "min": 1009.7646,
            "max": 1060.4486,
            "p(50)": 1015.7055,
            "p(75)": 1017.7762,
            "p(90)": 1020.77973,
            "p(95)": 1022.606
        },
        "http_req_blocked": {
            "p(99)": 1.0065,
            "avg": 0.06795958333333334,
            "min": 0,
            "max": 23.7692,
            "p(50)": 0,
            "p(75)": 0,
            "p(90)": 0,
            "p(95)": 0
        },
        "vus_max": {
            "value": 20,
            "min": 20,
            "max": 20
        },
        "http_req_tls_handshaking": {
            "avg": 0,
            "min": 0,
            "max": 0,
            "p(50)": 0,
            "p(75)": 0,
            "p(90)": 0,
            "p(95)": 0,
            "p(99)": 0
        },
        "http_req_waiting": {
            "min": 2.7751,
            "max": 41.6204,
            "p(50)": 6.6975,
            "p(75)": 9.0316,
            "p(90)": 10.901410000000006,
            "p(95)": 12.83997,
            "p(99)": 30.007298,
            "avg": 7.608486916666684
        },
        "checks": {
            "passes": 1200,
            "fails": 0,
            "value": 1
        },
        "data_sent": {
            "count": 109800,
            "rate": 3597.3998937148526
        },
        "http_req_failed": {
            "passes": 0,
            "fails": 1200,
            "thresholds": {
                "rate<0.01": false
            },
            "value": 0
        },
        "http_reqs": {
            "count": 1200,
            "rate": 39.31584583294921
        },
        "http_req_connecting": {
            "p(95)": 0,
            "p(99)": 0,
            "avg": 0.041125416666666664,
            "min": 0,
            "max": 21.6608,
            "p(50)": 0,
            "p(75)": 0,
            "p(90)": 0
        },
        "iterations": {
            "count": 600,
            "rate": 19.657922916474604
        },
        "data_received": {
            "count": 378000,
            "rate": 12384.491437379002
        },
        "vus": {
            "value": 20,
            "min": 20,
            "max": 20
        },
        "http_req_sending": {
            "p(90)": 0,
            "p(95)": 0.3531949999999986,
            "p(99)": 1.0065579999999998,
            "avg": 0.041932416666666666,
            "min": 0,
            "max": 5.8379,
            "p(50)": 0,
            "p(75)": 0
        }
    }
}