{
    "metrics": {
        "http_req_receiving": {
            "p(75)": 0,
            "p(90)": 0.5059,
            "p(95)": 0.52243,
            "p(99)": 0.8709629999999984,
            "avg": 0.09142108333333333,
            "min": 0,
            "max": 4.7186,
            "p(50)": 0
        },
        "data_sent": {
            "count": 109800,
            "rate": 3586.3943721019127
        },
        "http_req_blocked": {
            "p(50)": 0,
            "p(75)": 0,
            "p(90)": 0,
            "p(95)": 0,
            "p(99)": 11.1746,
            "avg": 0.1937468333333334,
            "min": 0,
            "max": 11.6836
        },
        "vus": {
            "max": 20,
            "value": 20,
            "min": 20
        },
        "http_reqs": {
            "count": 1200,
            "rate": 39.19556690821762
        },
        "http_req_sending": {
            "p(90)": 0,
            "p(95)": 0.09978499999999975,
            "p(99)": 0.7801109999999994,
            "avg": 0.03454966666666666,
            "min": 0,
            "max": 2.6063,
            "p(50)": 0,
            "p(75)": 0
        },
        "iteration_duration": {
            "p(50)": 1016.0434,
            "p(75)": 1017.826,
            "p(90)": 1020.98548,
            "p(95)": 1070.5265,
            "p(99)": 1090.162122,
            "avg": 1020.4141418333344,
            "min": 1010.3745,
            "max": 1090.8474
        },
        "http_req_connecting": {
            "p(99)": 1.6953,
            "avg": 0.025189833333333335,
            "min": 0,
            "max": 1.8032,
            "p(50)": 0,
            "p(75)": 0,
            "p(90)": 0,
            "p(95)": 0
        },
        "iterations": {
            "count": 600,
            "rate": 19.59778345410881
        },
        "http_req_failed": {
            "passes": 0,
            "fails": 1200,
            "thresholds": {
                "rate<0.01": false
            },
            "value": 0
        },
        "checks": {
            "passes": 1200,
            "fails": 0,
            "value": 1
        },
        "http_req_waiting": {
            "max": 82.9779,
            "p(50)": 6.85055,
            "p(75)": 9.387475,
            "p(90)": 10.95575,
            "p(95)": 17.422989999999967,
            "p(99)": 77.651584,
            "avg": 9.103932500000031,
            "min": 3.2737
        },
        "http_req_duration{expected_response:true}": {
            "p(95)": 17.44856499999994,
            "p(99)": 78.158563,
            "avg": 9.229903250000028,
            "min": 3.2737,
            "max": 82.9779,
            "p(50)": 6.9605999999999995,
            "p(75)": 9.46685,
            "p(90)": 11.156760000000002
        },
        "vus_max": {
            "value": 20,
            "min": 20,
            "max": 20
        },
        "http_req_duration": {
            "p(50)": 6.9605999999999995,
            "p(75)": 9.46685,
            "p(90)": 11.156760000000002,
            "p(95)": 17.44856499999994,
            "p(99)": 78.158563,
            "avg": 9.229903250000028,
            "min": 3.2737,
            "max": 82.9779
        },
        "data_received": {
            "count": 378000,
            "rate": 12346.603576088552
        },
        "http_req_tls_handshaking": {
            "min": 0,
            "max": 0,
            "p(50)": 0,
            "p(75)": 0,
            "p(90)": 0,
            "p(95)": 0,
            "p(99)": 0,
            "avg": 0
        }
    },
    "root_group": {
        "path": "",
        "id": "d41d8cd98f00b204e9800998ecf8427e",
        "groups": {},
        "checks": {
                "products list ok": {
                    "name": "products list ok",
                    "path": "::products list ok",
                    "id": "9510a9eed98727c4f6d467383c223a18",
                    "passes": 600,
                    "fails": 0
                },
                "product ok": {
                    "passes": 600,
                    "fails": 0,
                    "name": "product ok",
                    "path": "::product ok",
                    "id": "716e252b0c1f95f7b69e330791590bce"
                }
            },
        "name": ""
    }
}