{
    "root_group": {
        "name": "",
        "path": "",
        "id": "d41d8cd98f00b204e9800998ecf8427e",
        "groups": {},
        "checks": {
                "products list ok": {
                    "name": "products list ok",
                    "path": "::products list ok",
                    "id": "9510a9eed98727c4f6d467383c223a18",
                    "passes": 8013,
                    "fails": 0
                },
                "product ok": {
                    "name": "product ok",
                    "path": "::product ok",
                    "id": "716e252b0c1f95f7b69e330791590bce",
                    "passes": 8013,
                    "fails": 0
                }
            }
    },
    "metrics": {
        "checks": {
            "fails": 0,
            "passes": 16026,
            "value": 1
        },
        "iterations": {
            "count": 8013,
            "rate": 53.087316897194825
        },
        "http_req_duration": {
            "p(90)": 10.44425,
            "p(95)": 11.6533,
            "p(99)": 14.8612,
            "avg": 6.770231873206071,
            "min": 1.1595,
            "max": 52.7983,
            "p(50)": 6.1886,
            "p(75)": 8.6493
        },
        "vus": {
            "value": 22,
            "min": 1,
            "max": 100
        },
        "http_req_blocked": {
            "min": 0,
            "max": 10.6307,
            "p(50)": 0,
            "p(75)": 0,
            "p(90)": 0,
            "p(95)": 0,
            "p(99)": 0.5405249999999999,
            "avg": 0.018005815549731692
        },
        "http_req_connecting": {
            "p(95)": 0,
            "p(99)": 0,
            "avg": 0.009165892923998503,
            "min": 0,
            "max": 8.2932,
            "p(50)": 0,
            "p(75)": 0,
            "p(90)": 0
        },
        "http_req_sending": {
            "p(50)": 0,
            "p(75)": 0,
            "p(90)": 0,
            "p(95)": 0,
            "p(99)": 0.6442,
            "avg": 0.027823443154873333,
            "min": 0,
            "max": 5.6598
        },
        "iteration_duration": {
            "p(50)": 1014.482,
            "p(75)": 1017.5086,
            "p(90)": 1020.82438,
            "p(95)": 1023.40384,
            "p(99)": 1032.6484,
            "avg": 1015.1562334955703,
            "min": 1004.643,
            "max": 1079.1453
        },
        "http_req_tls_handshaking": {
            "p(75)": 0,
            "p(90)": 0,
            "p(95)": 0,
            "p(99)": 0,
            "avg": 0,
            "min": 0,
            "max": 0,
            "p(50)": 0
        },
        "http_reqs": {
            "count": 16026,
            "rate": 106.17463379438965
        },
        "http_req_duration{expected_response:true}": {
            "p(90)": 10.44425,
            "p(95)": 11.6533,
            "p(99)": 14.8612,
            "avg": 6.770231873206071,
            "min": 1.1595,
            "max": 52.7983,
            "p(50)": 6.1886,
            "p(75)": 8.6493
        },
        "data_received": {
            "count": 5048190,
            "rate": 33445.00964523274
        },
        "http_req_receiving": {
            "avg": 0.0743376825159116,
            "min": 0,
            "max": 12.9988,
            "p(50)": 0,
            "p(75)": 0,
            "p(90)": 0.5046,
            "p(95)": 0.5218,
            "p(99)": 0.65
        },
        "http_req_waiting": {
            "p(95)": 11.45665,
            "p(99)": 14.626375,
            "avg": 6.668070747535279,
            "min": 1.1595,
            "max": 52.7983,
            "p(50)": 6.08625,
            "p(75)": 8.520925,
            "p(90)": 10.2994
        },
        "vus_max": {
            "value": 100,
            "min": 100,
            "max": 100
        },
        "data_sent": {
            "count": 1466379,
            "rate": 9714.978992186654
        },
        "http_req_failed": {
            "passes": 0,
            "fails": 16026,
            "thresholds": {
                "rate<0.05": false
            },
            "value": 0
        }
    }
}