{
    "root_group": {
        "name": "",
        "path": "",
        "id": "d41d8cd98f00b204e9800998ecf8427e",
        "groups": {},
        "checks": {
                "products list ok": {
                    "id": "9510a9eed98727c4f6d467383c223a18",
                    "passes": 600,
                    "fails": 0,
                    "name": "products list ok",
                    "path": "::products list ok"
                },
                "product ok": {
                    "name": "product ok",
                    "path": "::product ok",
                    "id": "716e252b0c1f95f7b69e330791590bce",
                    "passes": 600,
                    "fails": 0
                }
            }
    },
    "metrics": {
        "http_req_receiving": {
            "max": 4.3934,
            "p(50)": 0,
            "p(75)": 0,
            "p(90)": 0.5077100000000001,
            "p(95)": 0.52373,
            "p(99)": 1.0668209999999998,
            "avg": 0.09771200000000002,
            "min": 0
        },
        "http_req_waiting": {
            "avg": 7.90520091666666,
            "min": 2.1993,
            "max": 56.4207,
            "p(50)": 6.8066,
            "p(75)": 9.2252,
            "p(90)": 10.802090000000005,
            "p(95)": 11.911039999999998,
            "p(99)": 32.0826
        },
        "http_req_duration": {
            "p(99)": 32.599,
            "avg": 8.044415249999982,
            "min": 2.1993,
            "max": 56.9701,
            "p(50)": 6.99885,
            "p(75)": 9.32105,
            "p(90)": 10.9732,
            "p(95)": 12.076349999999994
        },
        "http_req_sending": {
            "p(99)": 0.9225389999999993,
            "avg": 0.041502333333333336,
            "min": 0,
            "max": 5.4059,
            "p(50)": 0,
            "p(75)": 0,
            "p(90)": 0,
            "p(95)": 0.3020149999999981
        },
        "checks": {
            "passes": 1200,
            "fails": 0,
            "value": 1
        },
        "iterations": {
            "rate": 19.638709090961044,
            "count": 600
        },
        "http_req_tls_handshaking": {
            "max": 0,
            "p(50)": 0,
            "p(75)": 0,
            "p(90)": 0,
            "p(95)": 0,
            "p(99)": 0,
            "avg": 0,
            "min": 0
        },
        "http_req_failed": {
            "passes": 0,
            "fails": 1200,
            "thresholds": {
                "rate<0.01": false
            },
            "value": 0
        },
        "http_req_duration{expected_response:true}": {
            "p(95)": 12.076349999999994,
            "p(99)": 32.599,
            "avg": 8.044415249999982,
            "min": 2.1993,
            "max": 56.9701,
            "p(50)": 6.99885,
            "p(75)": 9.32105,
            "p(90)": 10.9732
        },
        "vus": {
            "value": 20,
            "min": 20,
            "max": 20
        },
        "vus_max": {
            "value": 20,
            "min": 20,
            "max": 20
        },
        "data_sent": {
            "count": 109800,
            "rate": 3593.883763645871
        },
        "http_req_blocked": {
            "p(90)": 0,
            "p(95)": 0,
            "p(99)": 9.862677999999999,
            "avg": 0.17999049999999997,
            "min": 0,
            "max": 11.0764,
            "p(50)": 0,
            "p(75)": 0
        },
        "data_received": {
            "count": 378000,
            "rate": 12372.386727305458
        },
        "iteration_duration": {
            "p(95)": 1023.156355,
            "p(99)": 1069.792,
            "avg": 1018.2645184999999,
            "min": 1008.7021,
            "max": 1072.6015,
            "p(50)": 1016.3539,
            "p(75)": 1018.3394,
            "p(90)": 1021.2115
        },
        "http_reqs": {
            "count": 1200,
            "rate": 39.27741818192209
        },
        "http_req_connecting": {
            "min": 0,
            "max": 1.7038,
            "p(50)": 0,
            "p(75)": 0,
            "p(90)": 0,
            "p(95)": 0,
            "p(99)": 1.1544,
            "avg": 0.020109666666666665
        }
    }
}