{
    "root_group": {
        "groups": {},
        "checks": {
                "login ok": {
                    "id": "0ddcda49e3a8b9d6d2e015dafbaafe65",
                    "passes": 300,
                    "fails": 0,
                    "name": "login ok",
                    "path": "::login ok"
                },
                "cart add ok": {
                    "fails": 0,
                    "name": "cart add ok",
                    "path": "::cart add ok",
                    "id": "3476b21dcb095c2f01deccc20115d127",
                    "passes": 300
                },
                "cart get ok": {
                    "id": "9d960ca6baf25ee48d3f3c991473fca0",
                    "passes": 300,
                    "fails": 0,
                    "name": "cart get ok",
                    "path": "::cart get ok"
                },
                "cart update ok": {
                    "fails": 0,
                    "name": "cart update ok",
                    "path": "::cart update ok",
                    "id": "07ee78e8bcccf32bc9963f8d3c17eecf",
                    "passes": 300
                },
                "cart remove ok": {
                    "name": "cart remove ok",
                    "path": "::cart remove ok",
                    "id": "31001ad0f6cf28a008d3b28f557b05a9",
                    "passes": 300,
                    "fails": 0
                }
            },
        "name": "",
        "path": "",
        "id": "d41d8cd98f00b204e9800998ecf8427e"
    },
    "metrics": {
        "http_req_duration": {
            "p(99)": 24.5153,
            "avg": 5.324645866666691,
            "min": 1.1045,
            "max": 61.6056,
            "p(50)": 3.9867,
            "p(75)": 6.2090499999999995,
            "p(90)": 8.629,
            "p(95)": 10.6046
        },
        "data_sent": {
            "count": 892200,
            "rate": 28879.386859219303
        },
        "http_req_connecting": {
            "p(50)": 0,
            "p(75)": 0,
            "p(90)": 0,
            "p(95)": 0,
            "p(99)": 0,
            "avg": 0.0006713333333333332,
            "min": 0,
            "max": 1.007
        },
        "http_req_waiting": {
            "min": 1.1045,
            "max": 61.6056,
            "p(50)": 3.8723,
            "p(75)": 6.124625,
            "p(90)": 8.498370000000001,
            "p(95)": 10.5469,
            "p(99)": 24.5153,
            "avg": 5.214673666666695
        },
        "checks": {
            "fails": 0,
            "passes": 1500,
            "value": 1
        },
        "vus_max": {
            "min": 10,
            "max": 10,
            "value": 10
        },
        "http_req_receiving": {
            "p(50)": 0,
            "p(75)": 0,
            "p(90)": 0.5054,
            "p(95)": 0.527415,
            "p(99)": 0.7205709999999996,
            "avg": 0.07523066666666667,
            "min": 0,
            "max": 1.8826
        },
        "http_req_duration{expected_response:true}": {
            "p(99)": 24.5153,
            "avg": 5.324645866666691,
            "min": 1.1045,
            "max": 61.6056,
            "p(50)": 3.9867,
            "p(75)": 6.2090499999999995,
            "p(90)": 8.629,
            "p(95)": 10.6046
        },
        "http_req_tls_handshaking": {
            "max": 0,
            "p(50)": 0,
            "p(75)": 0,
            "p(90)": 0,
            "p(95)": 0,
            "p(99)": 0,
            "avg": 0,
            "min": 0
        },
        "data_received": {
            "count": 600600,
            "rate": 19440.663245513468
        },
        "http_reqs": {
            "count": 1500,
            "rate": 48.55310500877489
        },
        "vus": {
            "value": 10,
            "min": 10,
            "max": 10
        },
        "http_req_sending": {
            "max": 2.5337,
            "p(50)": 0,
            "p(75)": 0,
            "p(90)": 0,
            "p(95)": 0.18492499999999998,
            "p(99)": 0.6820729999999986,
            "avg": 0.03474153333333333,
            "min": 0
        },
        "http_req_blocked": {
            "min": 0,
            "max": 9.7824,
            "p(50)": 0,
            "p(75)": 0,
            "p(90)": 0,
            "p(95)": 0,
            "p(99)": 0.517272,
            "avg": 0.06464640000000002
        },
        "iterations": {
            "count": 300,
            "rate": 9.710621001754978
        },
        "iteration_duration": {
            "p(90)": 1033.1308,
            "p(95)": 1034.80528,
            "p(99)": 1153.7031,
            "avg": 1029.7202393333348,
            "min": 1016.6556,
            "max": 1155.2117,
            "p(50)": 1025.3369,
            "p(75)": 1028.585575
        },
        "http_req_failed": {
            "passes": 0,
            "fails": 1500,
            "thresholds": {
                "rate<0.02": false
            },
            "value": 0
        }
    }
}