{
    "root_group": {
        "name": "",
        "path": "",
        "id": "d41d8cd98f00b204e9800998ecf8427e",
        "groups": {},
        "checks": {
                "products list ok": {
                    "path": "::products list ok",
                    "id": "9510a9eed98727c4f6d467383c223a18",
                    "passes": 600,
                    "fails": 0,
                    "name": "products list ok"
                },
                "product ok": {
                    "passes": 600,
                    "fails": 0,
                    "name": "product ok",
                    "path": "::product ok",
                    "id": "716e252b0c1f95f7b69e330791590bce"
                }
            }
    },
    "metrics": {
        "checks": {
            "fails": 0,
            "passes": 1200,
            "value": 1
        },
        "data_received": {
            "count": 378000,
            "rate": 12384.061635356817
        },
        "http_req_connecting": {
            "min": 0,
            "max": 1.6033,
            "p(50)": 0,
            "p(75)": 0,
            "p(90)": 0,
            "p(95)": 0,
            "p(99)": 1.0815,
            "avg": 0.018141
        },
        "http_req_failed": {
            "passes": 0,
            "fails": 1200,
            "thresholds": {
                "rate<0.01": false
            },
            "value": 0
        },
        "http_req_duration": {
            "p(75)": 8.78685,
            "p(90)": 10.82163,
            "p(95)": 12.0938,
            "p(99)": 32.3802,
            "avg": 7.7646419999999985,
            "min": 3.0004,
            "max": 42.7555,
            "p(50)": 6.64945
        },
        "http_req_duration{expected_response:true}": {
            "p(95)": 12.0938,
            "p(99)": 32.3802,
            "avg": 7.7646419999999985,
            "min": 3.0004,
            "max": 42.7555,
            "p(50)": 6.64945,
            "p(75)": 8.78685,
            "p(90)": 10.82163
        },
        "iteration_duration": {
            "min": 1008.861,
            "max": 1073.7916,
            "p(50)": 1015.3864,
            "p(75)": 1017.3032499999999,
            "p(90)": 1019.3498,
            "p(95)": 1021.308415,
            "p(99)": 1066.189094,
            "avg": 1017.2312384999993
        },
        "http_req_tls_handshaking": {
            "p(50)": 0,
            "p(75)": 0,
            "p(90)": 0,
            "p(95)": 0,
            "p(99)": 0,
            "avg": 0,
            "min": 0,
            "max": 0
        },
        "http_req_blocked": {
            "max": 8.5949,
            "p(50)": 0,
            "p(75)": 0,
            "p(90)": 0,
            "p(95)": 0,
            "p(99)": 8.0905,
            "avg": 0.14816925000000006,
            "min": 0
        },
        "vus": {
            "value": 20,
            "min": 20,
            "max": 20
        },
        "iterations": {
            "count": 600,
            "rate": 19.657240691042567
        },
        "vus_max": {
            "min": 20,
            "max": 20,
            "value": 20
        },
        "data_sent": {
            "count": 109800,
            "rate": 3597.2750464607893
        },
        "http_reqs": {
            "rate": 39.314481382085134,
            "count": 1200
        },
        "http_req_sending": {
            "p(95)": 0.5044,
            "p(99)": 1.0096509999999999,
            "avg": 0.04676666666666665,
            "min": 0,
            "max": 5.691,
            "p(50)": 0,
            "p(75)": 0,
            "p(90)": 0
        },
        "http_req_waiting": {
            "p(50)": 6.5551,
            "p(75)": 8.6273,
            "p(90)": 10.5868,
            "p(95)": 12.0938,
            "p(99)": 31.8416,
            "avg": 7.650383333333342,
            "min": 2.7605,
            "max": 42.7555
        },
        "http_req_receiving": {
            "p(95)": 0.5159,
            "p(99)": 0.7144479999999992,
            "avg": 0.06749199999999997,
            "min": 0,
            "max": 2.1106,
            "p(50)": 0,
            "p(75)": 0,
            "p(90)": 0.5043300000000001
        }
    }
}