{
    "root_group": {
        "checks": {
            "products list ok": {
                "passes": 600,
                "fails": 0,
                "name": "products list ok",
                "path": "::products list ok",
                "id": "9510a9eed98727c4f6d467383c223a18"
            },
            "product ok": {
                "name": "product ok",
                "path": "::product ok",
                "id": "716e252b0c1f95f7b69e330791590bce",
                "passes": 600,
                "fails": 0
            }
        },
        "name": "",
        "path": "",
        "id": "d41d8cd98f00b204e9800998ecf8427e",
        "groups": {}
    },
    "metrics": {
        "data_received": {
            "rate": 12386.010732242376,
            "count": 378000
        },
        "http_req_blocked": {
            "max": 10.4445,
            "p(50)": 0,
            "p(75)": 0,
            "p(90)": 0,
            "p(95)": 0,
            "p(99)": 9.8978,
            "avg": 0.18391833333333327,
            "min": 0
        },
        "http_req_duration{expected_response:true}": {
            "p(50)": 6.228400000000001,
            "p(75)": 8.536,
            "p(90)": 10.19665,
            "p(95)": 13.11085,
            "p(99)": 39.0663,
            "avg": 7.652145833333323,
            "min": 3.0178,
            "max": 51.6298
        },
        "http_req_duration": {
            "p(99)": 39.0663,
            "avg": 7.652145833333323,
            "min": 3.0178,
            "max": 51.6298,
            "p(50)": 6.228400000000001,
            "p(75)": 8.536,
            "p(90)": 10.19665,
            "p(95)": 13.11085
        },
        "vus_max": {
            "value": 20,
            "min": 20,
            "max": 20
        },
        "iteration_duration": {
            "p(90)": 1019.6828,
            "p(95)": 1022.603165,
            "p(99)": 1076.0016,
            "avg": 1017.1243009999988,
            "min": 1009.1464,
            "max": 1080.9466,
            "p(50)": 1015.26265,
            "p(75)": 1016.7735250000001
        },
        "http_req_failed": {
            "passes": 0,
            "fails": 1200,
            "thresholds": {
                "rate<0.01": false
            },
            "value": 0
        },
        "http_req_tls_handshaking": {
            "min": 0,
            "max": 0,
            "p(50)": 0,
            "p(75)": 0,
            "p(90)": 0,
            "p(95)": 0,
            "p(99)": 0,
            "avg": 0
        },
        "http_req_waiting": {
            "p(75)": 8.4536,
            "p(90)": 10.0296,
            "p(95)": 12.951324999999992,
            "p(99)": 37.468538999999986,
            "avg": 7.538798833333323,
            "min": 3.0178,
            "max": 51.6298,
            "p(50)": 6.10945
        },
        "checks": {
            "passes": 1200,
            "fails": 0,
            "value": 1
        },
        "vus": {
            "value": 20,
            "min": 20,
            "max": 20
        },
        "http_reqs": {
            "count": 1200,
            "rate": 39.32066899124563
        },
        "http_req_connecting": {
            "p(90)": 0,
            "p(95)": 0,
            "p(99)": 0.5086789999999991,
            "avg": 0.01394816666666667,
            "min": 0,
            "max": 1.1446,
            "p(50)": 0,
            "p(75)": 0
        },
        "http_req_sending": {
            "p(50)": 0,
            "p(75)": 0,
            "p(90)": 0,
            "p(95)": 0,
            "p(99)": 0.5491929999999999,
            "avg": 0.026387416666666667,
            "min": 0,
            "max": 2.1941
        },
        "iterations": {
            "count": 600,
            "rate": 19.660334495622816
        },
        "http_req_receiving": {
            "max": 1.6139,
            "p(50)": 0,
            "p(75)": 0,
            "p(90)": 0.5062,
            "p(95)": 0.5229899999999997,
            "p(99)": 0.9523889999999997,
            "avg": 0.08695958333333334,
            "min": 0
        },
        "data_sent": {
            "count": 109800,
            "rate": 3597.8412126989756
        }
    }
}