{
    "root_group": {
        "name": "",
        "path": "",
        "id": "d41d8cd98f00b204e9800998ecf8427e",
        "groups": {},
        "checks": {
                "products list ok": {
                    "name": "products list ok",
                    "path": "::products list ok",
                    "id": "9510a9eed98727c4f6d467383c223a18",
                    "passes": 8020,
                    "fails": 0
                },
                "product ok": {
                    "name": "product ok",
                    "path": "::product ok",
                    "id": "716e252b0c1f95f7b69e330791590bce",
                    "passes": 8020,
                    "fails": 0
                }
            }
    },
    "metrics": {
        "http_req_waiting": {
            "p(75)": 8.4096,
            "p(90)": 10.322320000000001,
            "p(95)": 11.54253,
            "p(99)": 14.4157,
            "avg": 6.531520604738144,
            "min": 1.2302,
            "max": 45.77,
            "p(50)": 5.9366
        },
        "data_received": {
            "count": 5052600,
            "rate": 33473.32245663015
        },
        "http_req_tls_handshaking": {
            "p(50)": 0,
            "p(75)": 0,
            "p(90)": 0,
            "p(95)": 0,
            "p(99)": 0,
            "avg": 0,
            "min": 0,
            "max": 0
        },
        "checks": {
            "passes": 16040,
            "fails": 0,
            "value": 1
        },
        "http_req_sending": {
            "max": 6.8564,
            "p(50)": 0,
            "p(75)": 0,
            "p(90)": 0,
            "p(95)": 0,
            "p(99)": 0.5689830000000002,
            "avg": 0.022340903990024943,
            "min": 0
        },
        "http_req_receiving": {
            "p(75)": 0,
            "p(90)": 0.5057,
            "p(95)": 0.5289,
            "p(99)": 0.6974830000000002,
            "avg": 0.07775071695760606,
            "min": 0,
            "max": 3.7888,
            "p(50)": 0
        },
        "vus": {
            "value": 22,
            "min": 1,
            "max": 100
        },
        "iteration_duration": {
            "avg": 1014.2247153865317,
            "min": 1004.9713,
            "max": 1070.8887,
            "p(50)": 1013.71015,
            "p(75)": 1016.84865,
            "p(90)": 1020.3708300000001,
            "p(95)": 1022.3603999999999,
            "p(99)": 1026.576675
        },
        "iterations": {
            "count": 8020,
            "rate": 53.13225786766691
        },
        "data_sent": {
            "count": 1467660,
            "rate": 9723.203189783044
        },
        "vus_max": {
            "value": 100,
            "min": 100,
            "max": 100
        },
        "http_req_duration{expected_response:true}": {
            "p(90)": 10.477250000000002,
            "p(95)": 11.66631,
            "p(99)": 14.620215000000046,
            "avg": 6.631612225685796,
            "min": 1.2302,
            "max": 46.2743,
            "p(50)": 6.0434,
            "p(75)": 8.516325
        },
        "http_req_blocked": {
            "p(50)": 0,
            "p(75)": 0,
            "p(90)": 0,
            "p(95)": 0,
            "p(99)": 0.5274440000000002,
            "avg": 0.014530604738154618,
            "min": 0,
            "max": 3.4831
        },
        "http_req_connecting": {
            "p(50)": 0,
            "p(75)": 0,
            "p(90)": 0,
            "p(95)": 0,
            "p(99)": 0,
            "avg": 0.006065442643391519,
            "min": 0,
            "max": 2.9694
        },
        "http_reqs": {
            "count": 16040,
            "rate": 106.26451573533382
        },
        "http_req_failed": {
            "passes": 0,
            "fails": 16040,
            "thresholds": {
                "rate<0.05": false
            },
            "value": 0
        },
        "http_req_duration": {
            "avg": 6.631612225685796,
            "min": 1.2302,
            "max": 46.2743,
            "p(50)": 6.0434,
            "p(75)": 8.516325,
            "p(90)": 10.477250000000002,
            "p(95)": 11.66631,
            "p(99)": 14.620215000000046
        }
    }
}