{
    "root_group": {
        "path": "",
        "id": "d41d8cd98f00b204e9800998ecf8427e",
        "groups": {},
        "checks": {
                "products list ok": {
                    "fails": 0,
                    "name": "products list ok",
                    "path": "::products list ok",
                    "id": "9510a9eed98727c4f6d467383c223a18",
                    "passes": 8020
                },
                "product ok": {
                    "passes": 8020,
                    "fails": 0,
                    "name": "product ok",
                    "path": "::product ok",
                    "id": "716e252b0c1f95f7b69e330791590bce"
                }
            },
        "name": ""
    },
    "metrics": {
        "data_sent": {
            "count": 1467660,
            "rate": 9718.972550637869
        },
        "data_received": {
            "count": 5052600,
            "rate": 33458.75796121234
        },
        "http_req_tls_handshaking": {
            "p(95)": 0,
            "p(99)": 0,
            "avg": 0,
            "min": 0,
            "max": 0,
            "p(50)": 0,
            "p(75)": 0,
            "p(90)": 0
        },
        "http_reqs": {
            "count": 16040,
            "rate": 106.21827924194392
        },
        "vus": {
            "value": 3,
            "min": 1,
            "max": 100
        },
        "http_req_receiving": {
            "avg": 0.07607579800498793,
            "min": 0,
            "max": 5.2551,
            "p(50)": 0,
            "p(75)": 0,
            "p(90)": 0.5052,
            "p(95)": 0.5286,
            "p(99)": 0.6519830000000002
        },
        "http_req_duration": {
            "p(95)": 11.591789999999998,
            "p(99)": 13.970646000000006,
            "avg": 6.829477892768118,
            "min": 1.5295,
            "max": 43.9518,
            "p(50)": 6.5623,
            "p(75)": 8.737575,
            "p(90)": 10.53172
        },
        "http_req_waiting": {
            "min": 1.5295,
            "max": 43.9518,
            "p(50)": 6.4384,
            "p(75)": 8.6316,
            "p(90)": 10.3895,
            "p(95)": 11.5021,
            "p(99)": 13.799560000000014,
            "avg": 6.732166371571095
        },
        "http_req_failed": {
            "passes": 0,
            "fails": 16040,
            "thresholds": {
                "rate<0.05": false
            },
            "value": 0
        },
        "iteration_duration": {
            "p(75)": 1017.572625,
            "p(90)": 1020.7785,
            "p(95)": 1022.41184,
            "p(99)": 1025.87233,
            "avg": 1014.6401597007434,
            "min": 1004.7167,
            "max": 1064.878,
            "p(50)": 1013.9947
        },
        "iterations": {
            "count": 8020,
            "rate": 53.10913962097196
        },
        "http_req_connecting": {
            "min": 0,
            "max": 2.6302,
            "p(50)": 0,
            "p(75)": 0,
            "p(90)": 0,
            "p(95)": 0,
            "p(99)": 0,
            "avg": 0.006414096009975063
        },
        "http_req_duration{expected_response:true}": {
            "avg": 6.829477892768118,
            "min": 1.5295,
            "max": 43.9518,
            "p(50)": 6.5623,
            "p(75)": 8.737575,
            "p(90)": 10.53172,
            "p(95)": 11.591789999999998,
            "p(99)": 13.970646000000006
        },
        "http_req_sending": {
            "min": 0,
            "max": 5.0374,
            "p(50)": 0,
            "p(75)": 0,
            "p(90)": 0,
            "p(95)": 0,
            "p(99)": 0.5536,
            "avg": 0.021235723192019954
        },
        "vus_max": {
            "max": 100,
            "value": 100,
            "min": 100
        },
        "checks": {
            "passes": 16040,
            "fails": 0,
            "value": 1
        },
        "http_req_blocked": {
            "avg": 0.014486564837905232,
            "min": 0,
            "max": 6.807,
            "p(50)": 0,
            "p(75)": 0,
            "p(90)": 0,
            "p(95)": 0,
            "p(99)": 0.5254220000000001
        }
    }
}