{
    "root_group": {
        "name": "",
        "path": "",
        "id": "d41d8cd98f00b204e9800998ecf8427e",
        "groups": {},
        "checks": {
                "login ok": {
                    "name": "login ok",
                    "path": "::login ok",
                    "id": "0ddcda49e3a8b9d6d2e015dafbaafe65",
                    "passes": 300,
                    "fails": 0
                },
                "cart add ok": {
                    "path": "::cart add ok",
                    "id": "3476b21dcb095c2f01deccc20115d127",
                    "passes": 300,
                    "fails": 0,
                    "name": "cart add ok"
                },
                "cart get ok": {
                    "id": "9d960ca6baf25ee48d3f3c991473fca0",
                    "passes": 300,
                    "fails": 0,
                    "name": "cart get ok",
                    "path": "::cart get ok"
                },
                "cart update ok": {
                    "path": "::cart update ok",
                    "id": "07ee78e8bcccf32bc9963f8d3c17eecf",
                    "passes": 300,
                    "fails": 0,
                    "name": "cart update ok"
                },
                "cart remove ok": {
                    "fails": 0,
                    "name": "cart remove ok",
                    "path": "::cart remove ok",
                    "id": "31001ad0f6cf28a008d3b28f557b05a9",
                    "passes": 300
                }
            }
    },
    "metrics": {
        "http_req_tls_handshaking": {
            "p(99)": 0,
            "avg": 0,
            "min": 0,
            "max": 0,
            "p(50)": 0,
            "p(75)": 0,
            "p(90)": 0,
            "p(95)": 0
        },
        "http_req_waiting": {
            "min": 1.0566,
            "max": 61.199,
            "p(50)": 3.9626,
            "p(75)": 5.9885,
            "p(90)": 8.524500000000003,
            "p(95)": 9.591175,
            "p(99)": 23.370373999999995,
            "avg": 5.144271599999997
        },
        "data_received": {
            "count": 600600,
            "rate": 19441.461381051886
        },
        "http_req_blocked": {
            "p(95)": 0,
            "p(99)": 0.508919,
            "avg": 0.06460666666666666,
            "min": 0,
            "max": 9.6434,
            "p(50)": 0,
            "p(75)": 0,
            "p(90)": 0
        },
        "data_sent": {
            "count": 892200,
            "rate": 28880.57250112303
        },
        "http_reqs": {
            "count": 1500,
            "rate": 48.55509835427544
        },
        "vus": {
            "value": 10,
            "min": 10,
            "max": 10
        },
        "http_req_connecting": {
            "min": 0,
            "max": 1.1765,
            "p(50)": 0,
            "p(75)": 0,
            "p(90)": 0,
            "p(95)": 0,
            "p(99)": 0,
            "avg": 0.005141466666666667
        },
        "iterations": {
            "rate": 9.711019670855087,
            "count": 300
        },
        "iteration_duration": {
            "avg": 1029.5912893333323,
            "min": 1015.9361,
            "max": 1147.9123,
            "p(50)": 1025.62135,
            "p(75)": 1029.41655,
            "p(90)": 1032.17691,
            "p(95)": 1033.99819,
            "p(99)": 1147.9123
        },
        "http_req_duration{expected_response:true}": {
            "p(90)": 8.773460000000002,
            "p(95)": 9.82888,
            "p(99)": 23.37546299999999,
            "avg": 5.256949133333326,
            "min": 1.0566,
            "max": 61.199,
            "p(50)": 4.0215,
            "p(75)": 6.1413
        },
        "http_req_duration": {
            "min": 1.0566,
            "max": 61.199,
            "p(50)": 4.0215,
            "p(75)": 6.1413,
            "p(90)": 8.773460000000002,
            "p(95)": 9.82888,
            "p(99)": 23.37546299999999,
            "avg": 5.256949133333326
        },
        "http_req_receiving": {
            "p(90)": 0.5047100000000001,
            "p(95)": 0.5226149999999999,
            "p(99)": 0.647839,
            "avg": 0.08213360000000001,
            "min": 0,
            "max": 5.0398,
            "p(50)": 0,
            "p(75)": 0
        },
        "checks": {
            "passes": 1500,
            "fails": 0,
            "value": 1
        },
        "http_req_failed": {
            "passes": 0,
            "fails": 1500,
            "thresholds": {
                "rate<0.02": false
            },
            "value": 0
        },
        "vus_max": {
            "value": 10,
            "min": 10,
            "max": 10
        },
        "http_req_sending": {
            "p(50)": 0,
            "p(75)": 0,
            "p(90)": 0,
            "p(95)": 0,
            "p(99)": 0.549184,
            "avg": 0.03054393333333334,
            "min": 0,
            "max": 8.082
        }
    }
}