{
    "root_group": {
        "name": "",
        "path": "",
        "id": "d41d8cd98f00b204e9800998ecf8427e",
        "groups": {},
        "checks": {
                "products list ok": {
                    "passes": 600,
                    "fails": 0,
                    "name": "products list ok",
                    "path": "::products list ok",
                    "id": "9510a9eed98727c4f6d467383c223a18"
                },
                "product ok": {
                    "id": "716e252b0c1f95f7b69e330791590bce",
                    "passes": 600,
                    "fails": 0,
                    "name": "product ok",
                    "path": "::product ok"
                }
            }
    },
    "metrics": {
        "vus": {
            "min": 20,
            "max": 20,
            "value": 20
        },
        "data_sent": {
            "count": 109800,
            "rate": 3595.2593381876077
        },
        "http_req_failed": {
            "fails": 1200,
            "passes": 0,
            "thresholds": {
                "rate<0.01": false
            },
            "value": 0
        },
        "checks": {
            "passes": 1200,
            "fails": 0,
            "value": 1
        },
        "iterations": {
            "count": 600,
            "rate": 19.64622589173556
        },
        "http_req_sending": {
            "p(95)": 0.5079,
            "p(99)": 1.0315929999999995,
            "avg": 0.05870141666666665,
            "min": 0,
            "max": 3.2883,
            "p(50)": 0,
            "p(75)": 0,
            "p(90)": 0
        },
        "data_received": {
            "rate": 12377.122311793404,
            "count": 378000
        },
        "http_req_duration": {
            "p(95)": 15.527594999999986,
            "p(99)": 32.5496,
            "avg": 7.886267916666673,
            "min": 2.7488,
            "max": 54.1696,
            "p(50)": 6.4937,
            "p(75)": 9.3424,
            "p(90)": 11.2342
        },
        "http_req_receiving": {
            "p(95)": 0.5410050000000001,
            "p(99)": 1.07527,
            "avg": 0.0933564166666667,
            "min": 0,
            "max": 1.8434,
            "p(50)": 0,
            "p(75)": 0,
            "p(90)": 0.5079100000000001
        },
        "http_req_waiting": {
            "p(90)": 11.107,
            "p(95)": 15.519869999999992,
            "p(99)": 31.661574999999996,
            "avg": 7.734210083333337,
            "min": 2.7488,
            "max": 54.1696,
            "p(50)": 6.29035,
            "p(75)": 9.135625000000001
        },
        "iteration_duration": {
            "p(95)": 1026.0655,
            "p(99)": 1066.6310629999998,
            "avg": 1017.8256311666663,
            "min": 1009.1569,
            "max": 1072.7261,
            "p(50)": 1015.6709,
            "p(75)": 1017.897275,
            "p(90)": 1022.3923599999999
        },
        "vus_max": {
            "value": 20,
            "min": 20,
            "max": 20
        },
        "http_req_blocked": {
            "p(75)": 0,
            "p(90)": 0,
            "p(95)": 0,
            "p(99)": 11.2106,
            "avg": 0.2038925000000001,
            "min": 0,
            "max": 12.6413,
            "p(50)": 0
        },
        "http_req_tls_handshaking": {
            "min": 0,
            "max": 0,
            "p(50)": 0,
            "p(75)": 0,
            "p(90)": 0,
            "p(95)": 0,
            "p(99)": 0,
            "avg": 0
        },
        "http_req_duration{expected_response:true}": {
            "p(99)": 32.5496,
            "avg": 7.886267916666673,
            "min": 2.7488,
            "max": 54.1696,
            "p(50)": 6.4937,
            "p(75)": 9.3424,
            "p(90)": 11.2342,
            "p(95)": 15.527594999999986
        },
        "http_req_connecting": {
            "p(95)": 0,
            "p(99)": 0.7163,
            "avg": 0.016465416666666673,
            "min": 0,
            "max": 1.4349,
            "p(50)": 0,
            "p(75)": 0,
            "p(90)": 0
        },
        "http_reqs": {
            "count": 1200,
            "rate": 39.29245178347112
        }
    }
}