{
    "root_group": {
        "path": "",
        "id": "d41d8cd98f00b204e9800998ecf8427e",
        "groups": {},
        "checks": {
                "products list ok": {
                    "name": "products list ok",
                    "path": "::products list ok",
                    "id": "9510a9eed98727c4f6d467383c223a18",
                    "passes": 8018,
                    "fails": 0
                },
                "product ok": {
                    "name": "product ok",
                    "path": "::product ok",
                    "id": "716e252b0c1f95f7b69e330791590bce",
                    "passes": 8018,
                    "fails": 0
                }
            },
        "name": ""
    },
    "metrics": {
        "http_req_receiving": {
            "p(99)": 0.6354399999999994,
            "avg": 0.07262958967323539,
            "min": 0,
            "max": 13.073,
            "p(50)": 0,
            "p(75)": 0,
            "p(90)": 0.5047,
            "p(95)": 0.520025
        },
        "http_req_waiting": {
            "p(95)": 11.2233,
            "p(99)": 13.98478,
            "avg": 6.579797779994989,
            "min": 1.5332,
            "max": 43.8564,
            "p(50)": 6.06,
            "p(75)": 8.511625,
            "p(90)": 10.2417
        },
        "iterations": {
            "count": 8018,
            "rate": 53.104257629219234
        },
        "http_req_failed": {
            "fails": 16036,
            "passes": 0,
            "thresholds": {
                "rate<0.05": false
            },
            "value": 0
        },
        "http_req_tls_handshaking": {
            "min": 0,
            "max": 0,
            "p(50)": 0,
            "p(75)": 0,
            "p(90)": 0,
            "p(95)": 0,
            "p(99)": 0,
            "avg": 0
        },
        "iteration_duration": {
            "avg": 1014.7671041656234,
            "min": 1005.1986,
            "max": 1068.7027,
            "p(50)": 1014.1146,
            "p(75)": 1017.353175,
            "p(90)": 1020.48007,
            "p(95)": 1022.481505,
            "p(99)": 1030.2417309999998
        },
        "vus_max": {
            "value": 100,
            "min": 100,
            "max": 100
        },
        "data_received": {
            "count": 5051340,
            "rate": 33455.68230640812
        },
        "http_req_sending": {
            "p(90)": 0,
            "p(95)": 0,
            "p(99)": 0.5950599999999991,
            "avg": 0.02409148790222003,
            "min": 0,
            "max": 7.1417,
            "p(50)": 0,
            "p(75)": 0
        },
        "vus": {
            "min": 1,
            "max": 100,
            "value": 23
        },
        "http_req_duration": {
            "min": 1.5332,
            "max": 43.8564,
            "p(50)": 6.1998,
            "p(75)": 8.6232,
            "p(90)": 10.349,
            "p(95)": 11.398275,
            "p(99)": 14.148544999999995,
            "avg": 6.676518857570457
        },
        "http_req_duration{expected_response:true}": {
            "p(50)": 6.1998,
            "p(75)": 8.6232,
            "p(90)": 10.349,
            "p(95)": 11.398275,
            "p(99)": 14.148544999999995,
            "avg": 6.676518857570457,
            "min": 1.5332,
            "max": 43.8564
        },
        "http_req_connecting": {
            "min": 0,
            "max": 7.2125,
            "p(50)": 0,
            "p(75)": 0,
            "p(90)": 0,
            "p(95)": 0,
            "p(99)": 0,
            "avg": 0.009756616363182839
        },
        "checks": {
            "passes": 16036,
            "fails": 0,
            "value": 1
        },
        "data_sent": {
            "count": 1467294,
            "rate": 9718.07914614712
        },
        "http_reqs": {
            "count": 16036,
            "rate": 106.20851525843847
        },
        "http_req_blocked": {
            "min": 0,
            "max": 7.2125,
            "p(50)": 0,
            "p(75)": 0,
            "p(90)": 0,
            "p(95)": 0,
            "p(99)": 0.5727099999999995,
            "avg": 0.01894385757046645
        }
    }
}