{
    "root_group": {
        "path": "",
        "id": "d41d8cd98f00b204e9800998ecf8427e",
        "groups": {},
        "checks": {
                "products list ok": {
                    "name": "products list ok",
                    "path": "::products list ok",
                    "id": "9510a9eed98727c4f6d467383c223a18",
                    "passes": 600,
                    "fails": 0
                },
                "product ok": {
                    "path": "::product ok",
                    "id": "716e252b0c1f95f7b69e330791590bce",
                    "passes": 600,
                    "fails": 0,
                    "name": "product ok"
                }
            },
        "name": ""
    },
    "metrics": {
        "vus_max": {
            "value": 20,
            "min": 20,
            "max": 20
        },
        "http_reqs": {
            "count": 1200,
            "rate": 39.318567675562655
        },
        "http_req_duration": {
            "p(95)": 12.76981,
            "p(99)": 34.33311199999999,
            "avg": 7.4824308333333205,
            "min": 2.3371,
            "max": 49.2795,
            "p(50)": 6.31085,
            "p(75)": 8.69385,
            "p(90)": 10.976550000000001
        },
        "http_req_waiting": {
            "min": 2.3371,
            "max": 49.2795,
            "p(50)": 6.1975,
            "p(75)": 8.420074999999999,
            "p(90)": 10.646820000000002,
            "p(95)": 12.6968,
            "p(99)": 33.742466,
            "avg": 7.340426583333315
        },
        "iteration_duration": {
            "p(75)": 1017.1476250000001,
            "p(90)": 1019.90742,
            "p(95)": 1022.1515,
            "p(99)": 1065.617896,
            "avg": 1017.1754128333326,
            "min": 1009.3947,
            "max": 1068.647,
            "p(50)": 1015.3623
        },
        "http_req_failed": {
            "passes": 0,
            "fails": 1200,
            "thresholds": {
                "rate<0.01": false
            },
            "value": 0
        },
        "http_req_duration{expected_response:true}": {
            "avg": 7.4824308333333205,
            "min": 2.3371,
            "max": 49.2795,
            "p(50)": 6.31085,
            "p(75)": 8.69385,
            "p(90)": 10.976550000000001,
            "p(95)": 12.76981,
            "p(99)": 34.33311199999999
        },
        "data_received": {
            "count": 378000,
            "rate": 12385.348817802236
        },
        "http_req_connecting": {
            "p(99)": 2.3131,
            "avg": 0.03793675,
            "min": 0,
            "max": 3.5643,
            "p(50)": 0,
            "p(75)": 0,
            "p(90)": 0,
            "p(95)": 0
        },
        "http_req_tls_handshaking": {
            "p(50)": 0,
            "p(75)": 0,
            "p(90)": 0,
            "p(95)": 0,
            "p(99)": 0,
            "avg": 0,
            "min": 0,
            "max": 0
        },
        "checks": {
            "passes": 1200,
            "fails": 0,
            "value": 1
        },
        "http_req_blocked": {
            "p(99)": 13.7812,
            "avg": 0.24192775000000002,
            "min": 0,
            "max": 15.4254,
            "p(50)": 0,
            "p(75)": 0,
            "p(90)": 0,
            "p(95)": 0
        },
        "http_req_sending": {
            "min": 0,
            "max": 2.9708,
            "p(50)": 0,
            "p(75)": 0,
            "p(90)": 0,
            "p(95)": 0.4786099999999997,
            "p(99)": 1.003762,
            "avg": 0.04411133333333333
        },
        "http_req_receiving": {
            "max": 5.6285,
            "p(50)": 0,
            "p(75)": 0,
            "p(90)": 0.5062,
            "p(95)": 0.5284,
            "p(99)": 1.2498399999999994,
            "avg": 0.09789291666666661,
            "min": 0
        },
        "vus": {
            "max": 20,
            "value": 20,
            "min": 20
        },
        "data_sent": {
            "count": 109800,
            "rate": 3597.648942313983
        },
        "iterations": {
            "count": 600,
            "rate": 19.659283837781327
        }
    }
}