{
    "metrics": {
        "data_received": {
            "count": 378000,
            "rate": 12386.979990278973
        },
        "iteration_duration": {
            "p(99)": 1068.7301400000001,
            "avg": 1017.090278000001,
            "min": 1009.4824,
            "max": 1072.6804,
            "p(50)": 1015.1405,
            "p(75)": 1017.526925,
            "p(90)": 1020.74123,
            "p(95)": 1022.538345
        },
        "iterations": {
            "count": 600,
            "rate": 19.661873000442814
        },
        "http_req_sending": {
            "max": 3.4767,
            "p(50)": 0,
            "p(75)": 0,
            "p(90)": 0,
            "p(95)": 0.2509049999999987,
            "p(99)": 0.5810409999999998,
            "avg": 0.035013499999999996,
            "min": 0
        },
        "http_req_blocked": {
            "p(50)": 0,
            "p(75)": 0,
            "p(90)": 0,
            "p(95)": 0,
            "p(99)": 9.1346,
            "avg": 0.16317541666666663,
            "min": 0,
            "max": 10.1716
        },
        "checks": {
            "passes": 1200,
            "fails": 0,
            "value": 1
        },
        "http_reqs": {
            "count": 1200,
            "rate": 39.32374600088563
        },
        "data_sent": {
            "count": 109800,
            "rate": 3598.122759081035
        },
        "http_req_duration": {
            "p(95)": 12.6139,
            "p(99)": 31.253429999999998,
            "avg": 7.6294379166666735,
            "min": 2.3128,
            "max": 43.7171,
            "p(50)": 6.30905,
            "p(75)": 8.63175,
            "p(90)": 11.1158
        },
        "http_req_receiving": {
            "p(95)": 0.533025,
            "p(99)": 1.008209,
            "avg": 0.0810644166666667,
            "min": 0,
            "max": 2.8639,
            "p(50)": 0,
            "p(75)": 0,
            "p(90)": 0.50541
        },
        "http_req_failed": {
            "passes": 0,
            "fails": 1200,
            "thresholds": {
                "rate<0.01": false
            },
            "value": 0
        },
        "http_req_duration{expected_response:true}": {
            "p(50)": 6.30905,
            "p(75)": 8.63175,
            "p(90)": 11.1158,
            "p(95)": 12.6139,
            "p(99)": 31.253429999999998,
            "avg": 7.6294379166666735,
            "min": 2.3128,
            "max": 43.7171
        },
        "http_req_connecting": {
            "p(95)": 0,
            "p(99)": 0.978,
            "avg": 0.015685916666666667,
            "min": 0,
            "max": 1.4836,
            "p(50)": 0,
            "p(75)": 0,
            "p(90)": 0
        },
        "http_req_tls_handshaking": {
            "p(90)": 0,
            "p(95)": 0,
            "p(99)": 0,
            "avg": 0,
            "min": 0,
            "max": 0,
            "p(50)": 0,
            "p(75)": 0
        },
        "http_req_waiting": {
            "max": 43.7171,
            "p(50)": 6.252,
            "p(75)": 8.4741,
            "p(90)": 10.782570000000002,
            "p(95)": 12.6139,
            "p(99)": 31.253429999999998,
            "avg": 7.513360000000002,
            "min": 2.3128
        },
        "vus": {
            "min": 20,
            "max": 20,
            "value": 20
        },
        "vus_max": {
            "value": 20,
            "min": 20,
            "max": 20
        }
    },
    "root_group": {
        "name": "",
        "path": "",
        "id": "d41d8cd98f00b204e9800998ecf8427e",
        "groups": {},
        "checks": {
                "products list ok": {
                    "name": "products list ok",
                    "path": "::products list ok",
                    "id": "9510a9eed98727c4f6d467383c223a18",
                    "passes": 600,
                    "fails": 0
                },
                "product ok": {
                    "id": "716e252b0c1f95f7b69e330791590bce",
                    "passes": 600,
                    "fails": 0,
                    "name": "product ok",
                    "path": "::product ok"
                }
            }
    }
}