{
    "root_group": {
        "path": "",
        "id": "d41d8cd98f00b204e9800998ecf8427e",
        "groups": {},
        "checks": {
                "products list ok": {
                    "path": "::products list ok",
                    "id": "9510a9eed98727c4f6d467383c223a18",
                    "passes": 600,
                    "fails": 0,
                    "name": "products list ok"
                },
                "product ok": {
                    "name": "product ok",
                    "path": "::product ok",
                    "id": "716e252b0c1f95f7b69e330791590bce",
                    "passes": 600,
                    "fails": 0
                }
            },
        "name": ""
    },
    "metrics": {
        "http_req_sending": {
            "p(95)": 0.1660199999999997,
            "p(99)": 1.0231139999999999,
            "avg": 0.0508105,
            "min": 0,
            "max": 4.0562,
            "p(50)": 0,
            "p(75)": 0,
            "p(90)": 0
        },
        "iteration_duration": {
            "avg": 1018.2036698333332,
            "min": 1009.9539,
            "max": 1076.1093,
            "p(50)": 1016.3622,
            "p(75)": 1018.2794,
            "p(90)": 1020.73905,
            "p(95)": 1023.514095,
            "p(99)": 1069.7729
        },
        "http_req_receiving": {
            "min": 0,
            "max": 3.6782,
            "p(50)": 0,
            "p(75)": 0,
            "p(90)": 0.3134900000000019,
            "p(95)": 0.50981,
            "p(99)": 1.016709999999998,
            "avg": 0.07703599999999998
        },
        "data_sent": {
            "count": 109800,
            "rate": 3593.852203240551
        },
        "http_req_tls_handshaking": {
            "p(90)": 0,
            "p(95)": 0,
            "p(99)": 0,
            "avg": 0,
            "min": 0,
            "max": 0,
            "p(50)": 0,
            "p(75)": 0
        },
        "data_received": {
            "rate": 12372.278076729766,
            "count": 378000
        },
        "iterations": {
            "count": 600,
            "rate": 19.638536629729785
        },
        "http_req_connecting": {
            "p(75)": 0,
            "p(90)": 0,
            "p(95)": 0,
            "p(99)": 1.5965,
            "avg": 0.024857666666666663,
            "min": 0,
            "max": 1.5965,
            "p(50)": 0
        },
        "http_req_duration{expected_response:true}": {
            "max": 44.2897,
            "p(50)": 6.7169,
            "p(75)": 9.2702,
            "p(90)": 11.20846,
            "p(95)": 12.9897,
            "p(99)": 32.89487799999999,
            "avg": 7.962461499999994,
            "min": 2.8295
        },
        "vus": {
            "min": 20,
            "max": 20,
            "value": 20
        },
        "vus_max": {
            "value": 20,
            "min": 20,
            "max": 20
        },
        "http_req_blocked": {
            "p(95)": 0,
            "p(99)": 10.8224,
            "avg": 0.20120883333333323,
            "min": 0,
            "max": 11.3395,
            "p(50)": 0,
            "p(75)": 0,
            "p(90)": 0
        },
        "http_reqs": {
            "count": 1200,
            "rate": 39.27707325945957
        },
        "http_req_waiting": {
            "max": 44.2897,
            "p(50)": 6.6282,
            "p(75)": 9.137149999999998,
            "p(90)": 11.1409,
            "p(95)": 12.562415,
            "p(99)": 32.3383,
            "avg": 7.83461499999999,
            "min": 2.8295
        },
        "http_req_failed": {
            "fails": 1200,
            "passes": 0,
            "thresholds": {
                "rate<0.01": false
            },
            "value": 0
        },
        "http_req_duration": {
            "p(99)": 32.89487799999999,
            "avg": 7.962461499999994,
            "min": 2.8295,
            "max": 44.2897,
            "p(50)": 6.7169,
            "p(75)": 9.2702,
            "p(90)": 11.20846,
            "p(95)": 12.9897
        },
        "checks": {
            "fails": 0,
            "passes": 1200,
            "value": 1
        }
    }
}