{
    "root_group": {
        "name": "",
        "path": "",
        "id": "d41d8cd98f00b204e9800998ecf8427e",
        "groups": {},
        "checks": {
                "products list ok": {
                    "path": "::products list ok",
                    "id": "9510a9eed98727c4f6d467383c223a18",
                    "passes": 600,
                    "fails": 0,
                    "name": "products list ok"
                },
                "product ok": {
                    "fails": 0,
                    "name": "product ok",
                    "path": "::product ok",
                    "id": "716e252b0c1f95f7b69e330791590bce",
                    "passes": 600
                }
            }
    },
    "metrics": {
        "http_req_connecting": {
            "p(95)": 0,
            "p(99)": 1.4814,
            "avg": 0.022848000000000004,
            "min": 0,
            "max": 1.7322,
            "p(50)": 0,
            "p(75)": 0,
            "p(90)": 0
        },
        "http_req_receiving": {
            "p(75)": 0,
            "p(90)": 0.5074,
            "p(95)": 0.5495099999999999,
            "p(99)": 1.2441899999999977,
            "avg": 0.09852483333333331,
            "min": 0,
            "max": 3.3474,
            "p(50)": 0
        },
        "vus_max": {
            "value": 20,
            "min": 20,
            "max": 20
        },
        "http_req_failed": {
            "passes": 0,
            "fails": 1200,
            "thresholds": {
                "rate<0.01": false
            },
            "value": 0
        },
        "http_req_sending": {
            "p(75)": 0,
            "p(90)": 0,
            "p(95)": 0.508405,
            "p(99)": 1.4826289999999989,
            "avg": 0.06628241666666669,
            "min": 0,
            "max": 6.5448,
            "p(50)": 0
        },
        "checks": {
            "passes": 1200,
            "fails": 0,
            "value": 1
        },
        "http_reqs": {
            "count": 1200,
            "rate": 39.30194453837973
        },
        "http_req_duration": {
            "p(99)": 34.663,
            "avg": 7.890586500000019,
            "min": 2.6338,
            "max": 57.129,
            "p(50)": 6.648,
            "p(75)": 9.1753,
            "p(90)": 11.3952,
            "p(95)": 13.2868
        },
        "data_received": {
            "count": 378000,
            "rate": 12380.112529589614
        },
        "http_req_tls_handshaking": {
            "p(75)": 0,
            "p(90)": 0,
            "p(95)": 0,
            "p(99)": 0,
            "avg": 0,
            "min": 0,
            "max": 0,
            "p(50)": 0
        },
        "http_req_duration{expected_response:true}": {
            "max": 57.129,
            "p(50)": 6.648,
            "p(75)": 9.1753,
            "p(90)": 11.3952,
            "p(95)": 13.2868,
            "p(99)": 34.663,
            "avg": 7.890586500000019,
            "min": 2.6338
        },
        "http_req_blocked": {
            "min": 0,
            "max": 8.2832,
            "p(50)": 0,
            "p(75)": 0,
            "p(90)": 0,
            "p(95)": 0,
            "p(99)": 7.0227,
            "avg": 0.1313885833333333
        },
        "data_sent": {
            "count": 109800,
            "rate": 3596.127925261745
        },
        "iteration_duration": {
            "p(99)": 1065.9723840000001,
            "avg": 1017.6424284999996,
            "min": 1009.1679,
            "max": 1073.0842,
            "p(50)": 1015.5899,
            "p(75)": 1017.593025,
            "p(90)": 1020.50098,
            "p(95)": 1027.247255
        },
        "http_req_waiting": {
            "p(75)": 8.9508,
            "p(90)": 11.1903,
            "p(95)": 13.2868,
            "p(99)": 33.14595599999999,
            "avg": 7.7257792500000155,
            "min": 2.1277,
            "max": 57.129,
            "p(50)": 6.4791
        },
        "iterations": {
            "count": 600,
            "rate": 19.650972269189865
        },
        "vus": {
            "max": 20,
            "value": 20,
            "min": 20
        }
    }
}