{
    "root_group": {
        "checks": {
            "products list ok": {
                "name": "products list ok",
                "path": "::products list ok",
                "id": "9510a9eed98727c4f6d467383c223a18",
                "passes": 600,
                "fails": 0
            },
            "product ok": {
                "name": "product ok",
                "path": "::product ok",
                "id": "716e252b0c1f95f7b69e330791590bce",
                "passes": 600,
                "fails": 0
            }
        },
        "name": "",
        "path": "",
        "id": "d41d8cd98f00b204e9800998ecf8427e",
        "groups": {}
    },
    "metrics": {
        "http_req_waiting": {
            "min": 2.7125,
            "max": 46.8327,
            "p(50)": 6.787599999999999,
            "p(75)": 9.456025,
            "p(90)": 11.684620000000002,
            "p(95)": 15.915114999999995,
            "p(99)": 44.4415,
            "avg": 8.575139750000016
        },
        "http_req_failed": {
            "passes": 0,
            "fails": 1200,
            "thresholds": {
                "rate<0.01": false
            },
            "value": 0
        },
        "http_req_duration{expected_response:true}": {
            "min": 2.9019,
            "max": 46.8327,
            "p(50)": 6.952999999999999,
            "p(75)": 9.7507,
            "p(90)": 11.870380000000004,
            "p(95)": 16.1849,
            "p(99)": 44.4415,
            "avg": 8.742108500000016
        },
        "checks": {
            "passes": 1200,
            "fails": 0,
            "value": 1
        },
        "vus_max": {
            "value": 20,
            "min": 20,
            "max": 20
        },
        "iteration_duration": {
            "p(75)": 1019.1184,
            "p(90)": 1025.2011,
            "p(95)": 1052.705265,
            "p(99)": 1068.454643,
            "avg": 1019.8127806666672,
            "min": 1010.5644,
            "max": 1074.0126,
            "p(50)": 1017.0121
        },
        "http_req_receiving": {
            "min": 0,
            "max": 5.0864,
            "p(50)": 0,
            "p(75)": 0,
            "p(90)": 0.50804,
            "p(95)": 0.545615,
            "p(99)": 1.545731,
            "avg": 0.11443174999999998
        },
        "vus": {
            "value": 20,
            "min": 20,
            "max": 20
        },
        "http_req_tls_handshaking": {
            "p(95)": 0,
            "p(99)": 0,
            "avg": 0,
            "min": 0,
            "max": 0,
            "p(50)": 0,
            "p(75)": 0,
            "p(90)": 0
        },
        "http_req_sending": {
            "p(95)": 0.13669499999999926,
            "p(99)": 1.1216289999999998,
            "avg": 0.05253699999999999,
            "min": 0,
            "max": 7.2741,
            "p(50)": 0,
            "p(75)": 0,
            "p(90)": 0
        },
        "http_req_blocked": {
            "p(90)": 0,
            "p(95)": 0,
            "p(99)": 8.6994,
            "avg": 0.16223933333333332,
            "min": 0,
            "max": 9.5365,
            "p(50)": 0,
            "p(75)": 0
        },
        "http_req_connecting": {
            "p(99)": 1.1098,
            "avg": 0.01800966666666667,
            "min": 0,
            "max": 1.9469,
            "p(50)": 0,
            "p(75)": 0,
            "p(90)": 0,
            "p(95)": 0
        },
        "http_reqs": {
            "count": 1200,
            "rate": 39.21757089666678
        },
        "iterations": {
            "count": 600,
            "rate": 19.60878544833339
        },
        "data_sent": {
            "count": 109800,
            "rate": 3588.4077370450104
        },
        "data_received": {
            "count": 378000,
            "rate": 12353.534832450036
        },
        "http_req_duration": {
            "p(95)": 16.1849,
            "p(99)": 44.4415,
            "avg": 8.742108500000016,
            "min": 2.9019,
            "max": 46.8327,
            "p(50)": 6.952999999999999,
            "p(75)": 9.7507,
            "p(90)": 11.870380000000004
        }
    }
}