{
    "root_group": {
        "name": "",
        "path": "",
        "id": "d41d8cd98f00b204e9800998ecf8427e",
        "groups": {},
        "checks": {
                "products list ok": {
                    "id": "9510a9eed98727c4f6d467383c223a18",
                    "passes": 600,
                    "fails": 0,
                    "name": "products list ok",
                    "path": "::products list ok"
                },
                "product ok": {
                    "id": "716e252b0c1f95f7b69e330791590bce",
                    "passes": 600,
                    "fails": 0,
                    "name": "product ok",
                    "path": "::product ok"
                }
            }
    },
    "metrics": {
        "http_req_tls_handshaking": {
            "p(95)": 0,
            "p(99)": 0,
            "avg": 0,
            "min": 0,
            "max": 0,
            "p(50)": 0,
            "p(75)": 0,
            "p(90)": 0
        },
        "data_sent": {
            "count": 109800,
            "rate": 3598.5086246468904
        },
        "data_received": {
            "count": 378000,
            "rate": 12388.308379931917
        },
        "iteration_duration": {
            "p(50)": 1015.7054,
            "p(75)": 1017.538275,
            "p(90)": 1020.5508100000001,
            "p(95)": 1022.958075,
            "p(99)": 1053.5541,
            "avg": 1016.9082861666661,
            "min": 1008.1481,
            "max": 1056.8385
        },
        "http_req_blocked": {
            "avg": 0.14665891666666658,
            "min": 0,
            "max": 33.4526,
            "p(50)": 0,
            "p(75)": 0,
            "p(90)": 0,
            "p(95)": 0,
            "p(99)": 1.8473
        },
        "checks": {
            "fails": 0,
            "passes": 1200,
            "value": 1
        },
        "http_req_failed": {
            "passes": 0,
            "fails": 1200,
            "thresholds": {
                "rate<0.01": false
            },
            "value": 0
        },
        "http_req_connecting": {
            "p(75)": 0,
            "p(90)": 0,
            "p(95)": 0,
            "p(99)": 0.5062,
            "avg": 0.11142725,
            "min": 0,
            "max": 31.2843,
            "p(50)": 0
        },
        "http_req_duration": {
            "avg": 7.578059333333323,
            "min": 2.7341,
            "max": 48.1212,
            "p(50)": 6.5118,
            "p(75)": 8.976275000000001,
            "p(90)": 10.34656,
            "p(95)": 12.2044,
            "p(99)": 26.61662499999998
        },
        "vus_max": {
            "value": 20,
            "min": 20,
            "max": 20
        },
        "http_req_receiving": {
            "max": 2.1722,
            "p(50)": 0,
            "p(75)": 0,
            "p(90)": 0.5061,
            "p(95)": 0.5365999999999999,
            "p(99)": 1.1655,
            "avg": 0.08772741666666675,
            "min": 0
        },
        "http_req_duration{expected_response:true}": {
            "p(50)": 6.5118,
            "p(75)": 8.976275000000001,
            "p(90)": 10.34656,
            "p(95)": 12.2044,
            "p(99)": 26.61662499999998,
            "avg": 7.578059333333323,
            "min": 2.7341,
            "max": 48.1212
        },
        "http_req_waiting": {
            "p(99)": 26.61662499999998,
            "avg": 7.4454012500000015,
            "min": 2.7341,
            "max": 48.1212,
            "p(50)": 6.3932,
            "p(75)": 8.7973,
            "p(90)": 10.204,
            "p(95)": 11.6663
        },
        "http_reqs": {
            "count": 1200,
            "rate": 39.32796311089498
        },
        "http_req_sending": {
            "p(50)": 0,
            "p(75)": 0,
            "p(90)": 0,
            "p(95)": 0.278664999999997,
            "p(99)": 1.014078,
            "avg": 0.044930666666666653,
            "min": 0,
            "max": 4.0301
        },
        "vus": {
            "value": 20,
            "min": 20,
            "max": 20
        },
        "iterations": {
            "count": 600,
            "rate": 19.66398155544749
        }
    }
}