{
    "root_group": {
        "name": "",
        "path": "",
        "id": "d41d8cd98f00b204e9800998ecf8427e",
        "groups": {},
        "checks": {
                "products list ok": {
                    "name": "products list ok",
                    "path": "::products list ok",
                    "id": "9510a9eed98727c4f6d467383c223a18",
                    "passes": 8015,
                    "fails": 0
                },
                "product ok": {
                    "name": "product ok",
                    "path": "::product ok",
                    "id": "716e252b0c1f95f7b69e330791590bce",
                    "passes": 8015,
                    "fails": 0
                }
            }
    },
    "metrics": {
        "http_req_receiving": {
            "avg": 0.07356337492202128,
            "min": 0,
            "max": 17.5514,
            "p(50)": 0,
            "p(75)": 0,
            "p(90)": 0.5047,
            "p(95)": 0.5215549999999999,
            "p(99)": 0.678280999999999
        },
        "http_req_failed": {
            "passes": 0,
            "fails": 16030,
            "thresholds": {
                "rate<0.05": false
            },
            "value": 0
        },
        "http_reqs": {
            "count": 16030,
            "rate": 106.2087834760669
        },
        "vus": {
            "value": 21,
            "min": 1,
            "max": 100
        },
        "http_req_tls_handshaking": {
            "max": 0,
            "p(50)": 0,
            "p(75)": 0,
            "p(90)": 0,
            "p(95)": 0,
            "p(99)": 0,
            "avg": 0,
            "min": 0
        },
        "vus_max": {
            "max": 100,
            "value": 100,
            "min": 100
        },
        "data_received": {
            "count": 5049450,
            "rate": 33455.76679496107
        },
        "http_req_sending": {
            "max": 8.5476,
            "p(50)": 0,
            "p(75)": 0,
            "p(90)": 0,
            "p(95)": 0,
            "p(99)": 0.6383709999999999,
            "avg": 0.02753019962570178,
            "min": 0
        },
        "checks": {
            "passes": 16030,
            "fails": 0,
            "value": 1
        },
        "http_req_duration": {
            "p(99)": 14.9915,
            "avg": 6.737519500935837,
            "min": 1.1887,
            "max": 51.5315,
            "p(50)": 6.18975,
            "p(75)": 8.562275,
            "p(90)": 10.445210000000003,
            "p(95)": 11.552064999999999
        },
        "data_sent": {
            "count": 1466745,
            "rate": 9718.10368806012
        },
        "iteration_duration": {
            "p(90)": 1020.97126,
            "p(95)": 1023.5698,
            "p(99)": 1032.1778,
            "avg": 1014.9648885464702,
            "min": 1005.5272,
            "max": 1075.9455,
            "p(50)": 1014.1822,
            "p(75)": 1017.28565
        },
        "http_req_duration{expected_response:true}": {
            "p(90)": 10.445210000000003,
            "p(95)": 11.552064999999999,
            "p(99)": 14.9915,
            "avg": 6.737519500935837,
            "min": 1.1887,
            "max": 51.5315,
            "p(50)": 6.18975,
            "p(75)": 8.562275
        },
        "http_req_connecting": {
            "avg": 0.00872296319401123,
            "min": 0,
            "max": 4.1147,
            "p(50)": 0,
            "p(75)": 0,
            "p(90)": 0,
            "p(95)": 0,
            "p(99)": 0
        },
        "http_req_blocked": {
            "max": 6.3107,
            "p(50)": 0,
            "p(75)": 0,
            "p(90)": 0,
            "p(95)": 0,
            "p(99)": 0.5345649999999987,
            "avg": 0.01615719276356831,
            "min": 0
        },
        "http_req_waiting": {
            "max": 51.0887,
            "p(50)": 6.101100000000001,
            "p(75)": 8.42895,
            "p(90)": 10.283949999999999,
            "p(95)": 11.45352,
            "p(99)": 14.8258,
            "avg": 6.636425926388097,
            "min": 1.1887
        },
        "iterations": {
            "count": 8015,
            "rate": 53.10439173803345
        }
    }
}