{
    "root_group": {
        "name": "",
        "path": "",
        "id": "d41d8cd98f00b204e9800998ecf8427e",
        "groups": {},
        "checks": {
                "products list ok": {
                    "name": "products list ok",
                    "path": "::products list ok",
                    "id": "9510a9eed98727c4f6d467383c223a18",
                    "passes": 600,
                    "fails": 0
                },
                "product ok": {
                    "path": "::product ok",
                    "id": "716e252b0c1f95f7b69e330791590bce",
                    "passes": 600,
                    "fails": 0,
                    "name": "product ok"
                }
            }
    },
    "metrics": {
        "http_req_duration{expected_response:true}": {
            "avg": 7.871884999999999,
            "min": 2.6742,
            "max": 54.5132,
            "p(50)": 6.8245,
            "p(75)": 9.4133,
            "p(90)": 10.8369,
            "p(95)": 12.254594999999998,
            "p(99)": 32.8004
        },
        "http_req_receiving": {
            "p(75)": 0,
            "p(90)": 0.3811800000000033,
            "p(95)": 0.5142399999999999,
            "p(99)": 1.007,
            "avg": 0.07094608333333327,
            "min": 0,
            "max": 2.5498,
            "p(50)": 0
        },
        "data_sent": {
            "count": 109800,
            "rate": 3595.5409751238763
        },
        "http_req_tls_handshaking": {
            "p(99)": 0,
            "avg": 0,
            "min": 0,
            "max": 0,
            "p(50)": 0,
            "p(75)": 0,
            "p(90)": 0,
            "p(95)": 0
        },
        "vus_max": {
            "value": 20,
            "min": 20,
            "max": 20
        },
        "http_req_blocked": {
            "p(95)": 0,
            "p(99)": 11.6778,
            "avg": 0.21257766666666675,
            "min": 0,
            "max": 14.3774,
            "p(50)": 0,
            "p(75)": 0,
            "p(90)": 0
        },
        "data_received": {
            "count": 378000,
            "rate": 12378.091881574
        },
        "http_req_connecting": {
            "p(50)": 0,
            "p(75)": 0,
            "p(90)": 0,
            "p(95)": 0,
            "p(99)": 0.9659,
            "avg": 0.01877133333333333,
            "min": 0,
            "max": 2.5947
        },
        "http_req_duration": {
            "p(75)": 9.4133,
            "p(90)": 10.8369,
            "p(95)": 12.254594999999998,
            "p(99)": 32.8004,
            "avg": 7.871884999999999,
            "min": 2.6742,
            "max": 54.5132,
            "p(50)": 6.8245
        },
        "http_reqs": {
            "count": 1200,
            "rate": 39.2955297827746
        },
        "http_req_sending": {
            "p(75)": 0,
            "p(90)": 0,
            "p(95)": 0.50612,
            "p(99)": 1.5141,
            "avg": 0.0578145,
            "min": 0,
            "max": 5.802,
            "p(50)": 0
        },
        "checks": {
            "passes": 1200,
            "fails": 0,
            "value": 1
        },
        "iterations": {
            "count": 600,
            "rate": 19.6477648913873
        },
        "http_req_failed": {
            "fails": 1200,
            "passes": 0,
            "thresholds": {
                "rate<0.01": false
            },
            "value": 0
        },
        "http_req_waiting": {
            "p(99)": 32.735753,
            "avg": 7.743124416666671,
            "min": 2.6742,
            "max": 54.5132,
            "p(50)": 6.66675,
            "p(75)": 9.2032,
            "p(90)": 10.7086,
            "p(95)": 12.087339999999996
        },
        "iteration_duration": {
            "p(99)": 1068.62571,
            "avg": 1017.6014265000006,
            "min": 1009.64,
            "max": 1073.8159,
            "p(50)": 1015.6163,
            "p(75)": 1017.6396,
            "p(90)": 1020.1040300000001,
            "p(95)": 1021.70429
        },
        "vus": {
            "value": 20,
            "min": 20,
            "max": 20
        }
    }
}