{
    "root_group": {
        "checks": {
            "products list ok": {
                "fails": 0,
                "name": "products list ok",
                "path": "::products list ok",
                "id": "9510a9eed98727c4f6d467383c223a18",
                "passes": 600
            },
            "product ok": {
                "fails": 0,
                "name": "product ok",
                "path": "::product ok",
                "id": "716e252b0c1f95f7b69e330791590bce",
                "passes": 600
            }
        },
        "name": "",
        "path": "",
        "id": "d41d8cd98f00b204e9800998ecf8427e",
        "groups": {}
    },
    "metrics": {
        "data_received": {
            "count": 378000,
            "rate": 12384.137872017209
        },
        "http_req_connecting": {
            "p(99)": 1.0586,
            "avg": 0.015856666666666665,
            "min": 0,
            "max": 1.5808,
            "p(50)": 0,
            "p(75)": 0,
            "p(90)": 0,
            "p(95)": 0
        },
        "http_req_failed": {
            "passes": 0,
            "fails": 1200,
            "thresholds": {
                "rate<0.01": false
            },
            "value": 0
        },
        "http_reqs": {
            "rate": 39.31472340322924,
            "count": 1200
        },
        "http_req_blocked": {
            "p(90)": 0,
            "p(95)": 0,
            "p(99)": 9.2262,
            "avg": 0.16340716666666671,
            "min": 0,
            "max": 9.4661,
            "p(50)": 0,
            "p(75)": 0
        },
        "http_req_receiving": {
            "max": 2.2058,
            "p(50)": 0,
            "p(75)": 0,
            "p(90)": 0.5099,
            "p(95)": 0.54653,
            "p(99)": 1.0077,
            "avg": 0.10460358333333328,
            "min": 0
        },
        "checks": {
            "passes": 1200,
            "fails": 0,
            "value": 1
        },
        "http_req_tls_handshaking": {
            "avg": 0,
            "min": 0,
            "max": 0,
            "p(50)": 0,
            "p(75)": 0,
            "p(90)": 0,
            "p(95)": 0,
            "p(99)": 0
        },
        "http_req_sending": {
            "avg": 0.0368915,
            "min": 0,
            "max": 5.8869,
            "p(50)": 0,
            "p(75)": 0,
            "p(90)": 0,
            "p(95)": 0.2399,
            "p(99)": 0.9069319999999992
        },
        "data_sent": {
            "count": 109800,
            "rate": 3597.297191395475
        },
        "iteration_duration": {
            "p(75)": 1016.81465,
            "p(90)": 1019.17532,
            "p(95)": 1021.7095449999999,
            "p(99)": 1070.325641,
            "avg": 1017.1046683333327,
            "min": 1009.5354,
            "max": 1075.5434,
            "p(50)": 1015.0755999999999
        },
        "iterations": {
            "count": 600,
            "rate": 19.65736170161462
        },
        "http_req_duration{expected_response:true}": {
            "max": 46.5119,
            "p(50)": 6.4177,
            "p(75)": 8.798,
            "p(90)": 10.797310000000005,
            "p(95)": 12.806664999999992,
            "p(99)": 38.3854,
            "avg": 7.688658499999998,
            "min": 2.6594
        },
        "http_req_waiting": {
            "p(90)": 10.676480000000002,
            "p(95)": 12.539754999999994,
            "p(99)": 37.7749,
            "avg": 7.547163416666669,
            "min": 2.6594,
            "max": 46.5119,
            "p(50)": 6.18,
            "p(75)": 8.6014
        },
        "vus": {
            "value": 20,
            "min": 20,
            "max": 20
        },
        "http_req_duration": {
            "max": 46.5119,
            "p(50)": 6.4177,
            "p(75)": 8.798,
            "p(90)": 10.797310000000005,
            "p(95)": 12.806664999999992,
            "p(99)": 38.3854,
            "avg": 7.688658499999998,
            "min": 2.6594
        },
        "vus_max": {
            "value": 20,
            "min": 20,
            "max": 20
        }
    }
}