{
    "root_group": {
        "id": "d41d8cd98f00b204e9800998ecf8427e",
        "groups": {},
        "checks": {
                "products list ok": {
                    "passes": 600,
                    "fails": 0,
                    "name": "products list ok",
                    "path": "::products list ok",
                    "id": "9510a9eed98727c4f6d467383c223a18"
                },
                "product ok": {
                    "id": "716e252b0c1f95f7b69e330791590bce",
                    "passes": 600,
                    "fails": 0,
                    "name": "product ok",
                    "path": "::product ok"
                }
            },
        "name": "",
        "path": ""
    },
    "metrics": {
        "http_req_tls_handshaking": {
            "avg": 0,
            "min": 0,
            "max": 0,
            "p(50)": 0,
            "p(75)": 0,
            "p(90)": 0,
            "p(95)": 0,
            "p(99)": 0
        },
        "http_req_blocked": {
            "p(75)": 0,
            "p(90)": 0,
            "p(95)": 0,
            "p(99)": 10.7691,
            "avg": 0.19568300000000005,
            "min": 0,
            "max": 12.0081,
            "p(50)": 0
        },
        "data_received": {
            "count": 378000,
            "rate": 12384.016883778904
        },
        "http_req_duration": {
            "p(90)": 11.0514,
            "p(95)": 12.612589999999996,
            "p(99)": 33.6908,
            "avg": 7.71056933333331,
            "min": 2.8995,
            "max": 42.8603,
            "p(50)": 6.5046,
            "p(75)": 9.061025
        },
        "vus": {
            "value": 20,
            "min": 20,
            "max": 20
        },
        "iterations": {
            "rate": 19.65716965679191,
            "count": 600
        },
        "vus_max": {
            "max": 20,
            "value": 20,
            "min": 20
        },
        "iteration_duration": {
            "p(95)": 1022.309155,
            "p(99)": 1067.226449,
            "avg": 1017.2764535000013,
            "min": 1009.9245,
            "max": 1068.7766,
            "p(50)": 1015.5316,
            "p(75)": 1017.387425,
            "p(90)": 1019.41798
        },
        "http_req_waiting": {
            "max": 42.8603,
            "p(50)": 6.3246,
            "p(75)": 8.879,
            "p(90)": 10.932590000000001,
            "p(95)": 12.543344999999999,
            "p(99)": 33.6908,
            "avg": 7.573606749999979,
            "min": 2.6147
        },
        "http_req_connecting": {
            "p(50)": 0,
            "p(75)": 0,
            "p(90)": 0,
            "p(95)": 0,
            "p(99)": 1.0395,
            "avg": 0.016224083333333333,
            "min": 0,
            "max": 2.2785
        },
        "http_req_sending": {
            "avg": 0.048320999999999996,
            "min": 0,
            "max": 4.5223,
            "p(50)": 0,
            "p(75)": 0,
            "p(90)": 0,
            "p(95)": 0.503045,
            "p(99)": 1.001294
        },
        "checks": {
            "passes": 1200,
            "fails": 0,
            "value": 1
        },
        "http_reqs": {
            "rate": 39.31433931358382,
            "count": 1200
        },
        "http_req_failed": {
            "fails": 1200,
            "passes": 0,
            "thresholds": {
                "rate<0.01": false
            },
            "value": 0
        },
        "http_req_duration{expected_response:true}": {
            "p(75)": 9.061025,
            "p(90)": 11.0514,
            "p(95)": 12.612589999999996,
            "p(99)": 33.6908,
            "avg": 7.71056933333331,
            "min": 2.8995,
            "max": 42.8603,
            "p(50)": 6.5046
        },
        "http_req_receiving": {
            "avg": 0.08864158333333333,
            "min": 0,
            "max": 2.333,
            "p(50)": 0,
            "p(75)": 0,
            "p(90)": 0.5069100000000001,
            "p(95)": 0.5336,
            "p(99)": 1.0219
        },
        "data_sent": {
            "count": 109800,
            "rate": 3597.2620471929195
        }
    }
}