{
    "root_group": {
        "name": "",
        "path": "",
        "id": "d41d8cd98f00b204e9800998ecf8427e",
        "groups": {},
        "checks": {
                "products list ok": {
                    "name": "products list ok",
                    "path": "::products list ok",
                    "id": "9510a9eed98727c4f6d467383c223a18",
                    "passes": 8009,
                    "fails": 0
                },
                "product ok": {
                    "name": "product ok",
                    "path": "::product ok",
                    "id": "716e252b0c1f95f7b69e330791590bce",
                    "passes": 8009,
                    "fails": 0
                }
            }
    },
    "metrics": {
        "vus_max": {
            "value": 100,
            "min": 100,
            "max": 100
        },
        "http_req_tls_handshaking": {
            "p(95)": 0,
            "p(99)": 0,
            "avg": 0,
            "min": 0,
            "max": 0,
            "p(50)": 0,
            "p(75)": 0,
            "p(90)": 0
        },
        "checks": {
            "passes": 16018,
            "fails": 0,
            "value": 1
        },
        "http_req_duration{expected_response:true}": {
            "min": 1.5096,
            "max": 54.0822,
            "p(50)": 6.0999,
            "p(75)": 8.57165,
            "p(90)": 10.43322,
            "p(95)": 11.670835,
            "p(99)": 15.528323999999996,
            "avg": 6.749452565863429
        },
        "http_req_duration": {
            "avg": 6.749452565863429,
            "min": 1.5096,
            "max": 54.0822,
            "p(50)": 6.0999,
            "p(75)": 8.57165,
            "p(90)": 10.43322,
            "p(95)": 11.670835,
            "p(99)": 15.528323999999996
        },
        "vus": {
            "value": 21,
            "min": 1,
            "max": 100
        },
        "data_sent": {
            "count": 1465647,
            "rate": 9714.10100495747
        },
        "http_req_connecting": {
            "min": 0,
            "max": 5.2351,
            "p(50)": 0,
            "p(75)": 0,
            "p(90)": 0,
            "p(95)": 0,
            "p(99)": 0,
            "avg": 0.009083231364714697
        },
        "data_received": {
            "count": 5045670,
            "rate": 33441.987066247035
        },
        "http_req_waiting": {
            "p(99)": 15.4146,
            "avg": 6.648089699088535,
            "min": 1.5096,
            "max": 53.2372,
            "p(50)": 5.9984,
            "p(75)": 8.446375,
            "p(90)": 10.2646,
            "p(95)": 11.5031
        },
        "http_req_failed": {
            "passes": 0,
            "fails": 16018,
            "thresholds": {
                "rate<0.05": false
            },
            "value": 0
        },
        "http_reqs": {
            "count": 16018,
            "rate": 106.16503830554613
        },
        "http_req_receiving": {
            "p(50)": 0,
            "p(75)": 0,
            "p(90)": 0.5051,
            "p(95)": 0.5234,
            "p(99)": 0.642149,
            "avg": 0.07470393931826701,
            "min": 0,
            "max": 18.5443
        },
        "iterations": {
            "count": 8009,
            "rate": 53.08251915277307
        },
        "http_req_blocked": {
            "p(90)": 0,
            "p(95)": 0,
            "p(99)": 0.5405129999999999,
            "avg": 0.01755532525908353,
            "min": 0,
            "max": 5.2351,
            "p(50)": 0,
            "p(75)": 0
        },
        "http_req_sending": {
            "avg": 0.026658927456611307,
            "min": 0,
            "max": 17.6613,
            "p(50)": 0,
            "p(75)": 0,
            "p(90)": 0,
            "p(95)": 0,
            "p(99)": 0.6191299999999998
        },
        "iteration_duration": {
            "p(75)": 1017.2149,
            "p(90)": 1020.78386,
            "p(95)": 1024.29672,
            "p(99)": 1033.39176,
            "avg": 1015.0463507179408,
            "min": 1005.1742,
            "max": 1067.0595,
            "p(50)": 1014.1856
        }
    }
}