{
    "root_group": {
        "path": "",
        "id": "d41d8cd98f00b204e9800998ecf8427e",
        "groups": {},
        "checks": {
                "products list ok": {
                    "path": "::products list ok",
                    "id": "9510a9eed98727c4f6d467383c223a18",
                    "passes": 8025,
                    "fails": 0,
                    "name": "products list ok"
                },
                "product ok": {
                    "path": "::product ok",
                    "id": "716e252b0c1f95f7b69e330791590bce",
                    "passes": 8025,
                    "fails": 0,
                    "name": "product ok"
                }
            },
        "name": ""
    },
    "metrics": {
        "http_req_connecting": {
            "p(99)": 0,
            "avg": 0.005486616822429904,
            "min": 0,
            "max": 3.0589,
            "p(50)": 0,
            "p(75)": 0,
            "p(90)": 0,
            "p(95)": 0
        },
        "iterations": {
            "count": 8025,
            "rate": 53.14512283992501
        },
        "http_req_tls_handshaking": {
            "p(90)": 0,
            "p(95)": 0,
            "p(99)": 0,
            "avg": 0,
            "min": 0,
            "max": 0,
            "p(50)": 0,
            "p(75)": 0
        },
        "data_received": {
            "count": 5055750,
            "rate": 33481.427389152755
        },
        "data_sent": {
            "count": 1468575,
            "rate": 9725.557479706276
        },
        "http_req_blocked": {
            "p(99)": 0.514251,
            "avg": 0.011278716510903421,
            "min": 0,
            "max": 3.1751,
            "p(50)": 0,
            "p(75)": 0,
            "p(90)": 0,
            "p(95)": 0
        },
        "http_req_waiting": {
            "p(75)": 8.434275,
            "p(90)": 10.520490000000002,
            "p(95)": 11.68401,
            "p(99)": 14.2418,
            "avg": 6.597827669781924,
            "min": 1.6837,
            "max": 61.3502,
            "p(50)": 6.02335
        },
        "checks": {
            "fails": 0,
            "passes": 16050,
            "value": 1
        },
        "http_reqs": {
            "count": 16050,
            "rate": 106.29024567985002
        },
        "http_req_duration": {
            "p(99)": 14.424526000000004,
            "avg": 6.69166936448594,
            "min": 1.7732,
            "max": 61.9049,
            "p(50)": 6.11815,
            "p(75)": 8.552475,
            "p(90)": 10.64162,
            "p(95)": 11.8474
        },
        "http_req_failed": {
            "passes": 0,
            "fails": 16050,
            "thresholds": {
                "rate<0.05": false
            },
            "value": 0
        },
        "iteration_duration": {
            "p(75)": 1017.1783,
            "p(90)": 1020.845,
            "p(95)": 1022.7628199999999,
            "p(99)": 1027.058872,
            "avg": 1014.2336468286613,
            "min": 1005.0564,
            "max": 1069.254,
            "p(50)": 1013.3558
        },
        "http_req_sending": {
            "p(75)": 0,
            "p(90)": 0,
            "p(95)": 0,
            "p(99)": 0.537751,
            "avg": 0.017462853582554515,
            "min": 0,
            "max": 2.9964,
            "p(50)": 0
        },
        "vus_max": {
            "value": 100,
            "min": 100,
            "max": 100
        },
        "http_req_receiving": {
            "p(95)": 0.5305549999999999,
            "p(99)": 0.6325100000000002,
            "avg": 0.07637884112149529,
            "min": 0,
            "max": 3.1954,
            "p(50)": 0,
            "p(75)": 0,
            "p(90)": 0.5057100000000001
        },
        "vus": {
            "value": 3,
            "min": 1,
            "max": 100
        },
        "http_req_duration{expected_response:true}": {
            "avg": 6.69166936448594,
            "min": 1.7732,
            "max": 61.9049,
            "p(50)": 6.11815,
            "p(75)": 8.552475,
            "p(90)": 10.64162,
            "p(95)": 11.8474,
            "p(99)": 14.424526000000004
        }
    }
}