{
    "root_group": {
        "id": "d41d8cd98f00b204e9800998ecf8427e",
        "groups": {},
        "checks": {
                "products list ok": {
                    "fails": 0,
                    "name": "products list ok",
                    "path": "::products list ok",
                    "id": "9510a9eed98727c4f6d467383c223a18",
                    "passes": 600
                },
                "product ok": {
                    "path": "::product ok",
                    "id": "716e252b0c1f95f7b69e330791590bce",
                    "passes": 600,
                    "fails": 0,
                    "name": "product ok"
                }
            },
        "name": "",
        "path": ""
    },
    "metrics": {
        "http_req_duration{expected_response:true}": {
            "min": 2.1781,
            "max": 46.0676,
            "p(50)": 5.0454,
            "p(75)": 6.3346,
            "p(90)": 8.281380000000006,
            "p(95)": 9.90406499999999,
            "p(99)": 37.5789,
            "avg": 6.173158499999986
        },
        "http_req_waiting": {
            "p(95)": 9.87429,
            "p(99)": 36.5442,
            "avg": 6.074172749999985,
            "min": 2.127,
            "max": 46.0676,
            "p(50)": 4.994,
            "p(75)": 6.1932,
            "p(90)": 8.1462
        },
        "http_req_sending": {
            "p(50)": 0,
            "p(75)": 0,
            "p(90)": 0,
            "p(95)": 0,
            "p(99)": 0.5946259999999995,
            "avg": 0.029385416666666667,
            "min": 0,
            "max": 3.8274
        },
        "http_req_receiving": {
            "min": 0,
            "max": 4.4131,
            "p(50)": 0,
            "p(75)": 0,
            "p(90)": 0.4913100000000018,
            "p(95)": 0.5247,
            "p(99)": 0.6854729999999998,
            "avg": 0.06960033333333338
        },
        "http_req_blocked": {
            "p(90)": 0,
            "p(95)": 0,
            "p(99)": 10.766614,
            "avg": 0.18442733333333336,
            "min": 0,
            "max": 10.9201,
            "p(50)": 0,
            "p(75)": 0
        },
        "http_req_failed": {
            "fails": 1200,
            "passes": 0,
            "thresholds": {
                "rate<0.01": false
            },
            "value": 0
        },
        "checks": {
            "passes": 1200,
            "fails": 0,
            "value": 1
        },
        "http_req_connecting": {
            "max": 2.1122,
            "p(50)": 0,
            "p(75)": 0,
            "p(90)": 0,
            "p(95)": 0,
            "p(99)": 1.9587,
            "avg": 0.02947508333333334,
            "min": 0
        },
        "iterations": {
            "count": 600,
            "rate": 19.712834855272604
        },
        "vus_max": {
            "value": 20,
            "min": 20,
            "max": 20
        },
        "http_req_duration": {
            "p(75)": 6.3346,
            "p(90)": 8.281380000000006,
            "p(95)": 9.90406499999999,
            "p(99)": 37.5789,
            "avg": 6.173158499999986,
            "min": 2.1781,
            "max": 46.0676,
            "p(50)": 5.0454
        },
        "iteration_duration": {
            "p(99)": 1072.3448879999999,
            "avg": 1013.8980103333336,
            "min": 1005.7954,
            "max": 1079.1405,
            "p(50)": 1011.45975,
            "p(75)": 1013.8978999999999,
            "p(90)": 1016.7177499999999,
            "p(95)": 1019.5719700000001
        },
        "data_sent": {
            "rate": 3607.4487785148867,
            "count": 109800
        },
        "vus": {
            "max": 20,
            "value": 20,
            "min": 20
        },
        "http_req_tls_handshaking": {
            "max": 0,
            "p(50)": 0,
            "p(75)": 0,
            "p(90)": 0,
            "p(95)": 0,
            "p(99)": 0,
            "avg": 0,
            "min": 0
        },
        "http_reqs": {
            "count": 1200,
            "rate": 39.42566971054521
        },
        "data_received": {
            "count": 378000,
            "rate": 12419.08595882174
        }
    }
}