{
    "root_group": {
        "name": "",
        "path": "",
        "id": "d41d8cd98f00b204e9800998ecf8427e",
        "groups": {},
        "checks": {
                "products list ok": {
                    "fails": 0,
                    "name": "products list ok",
                    "path": "::products list ok",
                    "id": "9510a9eed98727c4f6d467383c223a18",
                    "passes": 600
                },
                "product ok": {
                    "id": "716e252b0c1f95f7b69e330791590bce",
                    "passes": 600,
                    "fails": 0,
                    "name": "product ok",
                    "path": "::product ok"
                }
            }
    },
    "metrics": {
        "data_received": {
            "count": 378000,
            "rate": 12372.74010797219
        },
        "data_sent": {
            "rate": 3593.9864123157313,
            "count": 109800
        },
        "http_req_duration": {
            "avg": 7.824772500000005,
            "min": 3.1508,
            "max": 33.9784,
            "p(50)": 6.9401,
            "p(75)": 9.096925,
            "p(90)": 11.27036,
            "p(95)": 14.013689999999995,
            "p(99)": 25.525063
        },
        "vus_max": {
            "value": 20,
            "min": 20,
            "max": 20
        },
        "http_req_waiting": {
            "max": 33.9784,
            "p(50)": 6.7887,
            "p(75)": 8.91545,
            "p(90)": 11.020770000000015,
            "p(95)": 14.0093,
            "p(99)": 25.5248,
            "avg": 7.666598416666677,
            "min": 2.6208
        },
        "vus": {
            "value": 20,
            "min": 20,
            "max": 20
        },
        "http_reqs": {
            "count": 1200,
            "rate": 39.27854002530854
        },
        "iterations": {
            "count": 600,
            "rate": 19.63927001265427
        },
        "http_req_blocked": {
            "p(95)": 0,
            "p(99)": 9.8271,
            "avg": 0.1755989166666667,
            "min": 0,
            "max": 10.418,
            "p(50)": 0,
            "p(75)": 0,
            "p(90)": 0
        },
        "iteration_duration": {
            "avg": 1018.1536579999995,
            "min": 1009.7884,
            "max": 1064.2553,
            "p(50)": 1016.2908500000001,
            "p(75)": 1019.04415,
            "p(90)": 1022.33275,
            "p(95)": 1024.477625,
            "p(99)": 1059.3045
        },
        "http_req_failed": {
            "passes": 0,
            "fails": 1200,
            "thresholds": {
                "rate<0.01": false
            },
            "value": 0
        },
        "http_req_duration{expected_response:true}": {
            "avg": 7.824772500000005,
            "min": 3.1508,
            "max": 33.9784,
            "p(50)": 6.9401,
            "p(75)": 9.096925,
            "p(90)": 11.27036,
            "p(95)": 14.013689999999995,
            "p(99)": 25.525063
        },
        "http_req_tls_handshaking": {
            "p(99)": 0,
            "avg": 0,
            "min": 0,
            "max": 0,
            "p(50)": 0,
            "p(75)": 0,
            "p(90)": 0,
            "p(95)": 0
        },
        "http_req_connecting": {
            "avg": 0.019318666666666665,
            "min": 0,
            "max": 1.8262,
            "p(50)": 0,
            "p(75)": 0,
            "p(90)": 0,
            "p(95)": 0,
            "p(99)": 0.7144
        },
        "http_req_sending": {
            "p(90)": 0,
            "p(95)": 0.4257799999999995,
            "p(99)": 1.0855619999999988,
            "avg": 0.04659466666666665,
            "min": 0,
            "max": 3.3143,
            "p(50)": 0,
            "p(75)": 0
        },
        "http_req_receiving": {
            "avg": 0.11157941666666665,
            "min": 0,
            "max": 7.0844,
            "p(50)": 0,
            "p(75)": 0,
            "p(90)": 0.5076,
            "p(95)": 0.5397649999999999,
            "p(99)": 1.4587799999999995
        },
        "checks": {
            "passes": 1200,
            "fails": 0,
            "value": 1
        }
    }
}