{
    "root_group": {
        "name": "",
        "path": "",
        "id": "d41d8cd98f00b204e9800998ecf8427e",
        "groups": {},
        "checks": {
                "products list ok": {
                    "name": "products list ok",
                    "path": "::products list ok",
                    "id": "9510a9eed98727c4f6d467383c223a18",
                    "passes": 8030,
                    "fails": 0
                },
                "product ok": {
                    "name": "product ok",
                    "path": "::product ok",
                    "id": "716e252b0c1f95f7b69e330791590bce",
                    "passes": 8030,
                    "fails": 0
                }
            }
    },
    "metrics": {
        "data_received": {
            "count": 5058900,
            "rate": 33506.20159595226
        },
        "http_req_receiving": {
            "min": 0,
            "max": 5.6466,
            "p(50)": 0,
            "p(75)": 0,
            "p(90)": 0.5056,
            "p(95)": 0.5258,
            "p(99)": 0.6449459999999999,
            "avg": 0.07482206724782069
        },
        "http_req_failed": {
            "passes": 0,
            "fails": 16060,
            "thresholds": {
                "rate<0.05": false
            },
            "value": 0
        },
        "vus": {
            "value": 23,
            "min": 1,
            "max": 100
        },
        "http_req_duration{expected_response:true}": {
            "avg": 6.135652758406016,
            "min": 1.5557,
            "max": 35.9038,
            "p(50)": 5.4466,
            "p(75)": 7.765525,
            "p(90)": 9.74321,
            "p(95)": 10.9938,
            "p(99)": 12.9754
        },
        "data_sent": {
            "rate": 9732.753796919467,
            "count": 1469490
        },
        "http_req_duration": {
            "p(75)": 7.765525,
            "p(90)": 9.74321,
            "p(95)": 10.9938,
            "p(99)": 12.9754,
            "avg": 6.135652758406016,
            "min": 1.5557,
            "max": 35.9038,
            "p(50)": 5.4466
        },
        "http_req_tls_handshaking": {
            "avg": 0,
            "min": 0,
            "max": 0,
            "p(50)": 0,
            "p(75)": 0,
            "p(90)": 0,
            "p(95)": 0,
            "p(99)": 0
        },
        "iterations": {
            "count": 8030,
            "rate": 53.18444697770201
        },
        "http_req_blocked": {
            "p(95)": 0,
            "p(99)": 0.5349689999999998,
            "avg": 0.016414259028642585,
            "min": 0,
            "max": 13.1129,
            "p(50)": 0,
            "p(75)": 0,
            "p(90)": 0
        },
        "http_req_sending": {
            "max": 7.5986,
            "p(50)": 0,
            "p(75)": 0,
            "p(90)": 0,
            "p(95)": 0,
            "p(99)": 0.559223,
            "avg": 0.02311548567870487,
            "min": 0
        },
        "iteration_duration": {
            "min": 1004.8906,
            "max": 1047.5557,
            "p(50)": 1012.6648,
            "p(75)": 1015.948075,
            "p(90)": 1019.4205,
            "p(95)": 1021.3657,
            "p(99)": 1026.251085,
            "avg": 1013.471759501864
        },
        "vus_max": {
            "min": 100,
            "max": 100,
            "value": 100
        },
        "http_reqs": {
            "count": 16060,
            "rate": 106.36889395540402
        },
        "http_req_waiting": {
            "max": 35.668,
            "p(50)": 5.3614,
            "p(75)": 7.639725,
            "p(90)": 9.618490000000001,
            "p(95)": 10.834455,
            "p(99)": 12.878161999999993,
            "avg": 6.03771520547949,
            "min": 1.5557
        },
        "checks": {
            "fails": 0,
            "passes": 16060,
            "value": 1
        },
        "http_req_connecting": {
            "p(50)": 0,
            "p(75)": 0,
            "p(90)": 0,
            "p(95)": 0,
            "p(99)": 0,
            "avg": 0.008610541718555416,
            "min": 0,
            "max": 12.6095
        }
    }
}