{
    "root_group": {
        "name": "",
        "path": "",
        "id": "d41d8cd98f00b204e9800998ecf8427e",
        "groups": {},
        "checks": {
                "products list ok": {
                    "name": "products list ok",
                    "path": "::products list ok",
                    "id": "9510a9eed98727c4f6d467383c223a18",
                    "passes": 8022,
                    "fails": 0
                },
                "product ok": {
                    "name": "product ok",
                    "path": "::product ok",
                    "id": "716e252b0c1f95f7b69e330791590bce",
                    "passes": 8022,
                    "fails": 0
                }
            }
    },
    "metrics": {
        "http_req_connecting": {
            "max": 2.869,
            "p(50)": 0,
            "p(75)": 0,
            "p(90)": 0,
            "p(95)": 0,
            "p(99)": 0,
            "avg": 0.005965818997756171,
            "min": 0
        },
        "http_req_sending": {
            "p(50)": 0,
            "p(75)": 0,
            "p(90)": 0,
            "p(95)": 0,
            "p(99)": 0.5524989999999997,
            "avg": 0.021031451009723263,
            "min": 0,
            "max": 6.0579
        },
        "iterations": {
            "rate": 53.16482865265673,
            "count": 8022
        },
        "http_req_failed": {
            "fails": 16044,
            "passes": 0,
            "thresholds": {
                "rate<0.05": false
            },
            "value": 0
        },
        "http_reqs": {
            "count": 16044,
            "rate": 106.32965730531346
        },
        "http_req_duration": {
            "p(75)": 8.44495,
            "p(90)": 10.39404,
            "p(95)": 11.5778,
            "p(99)": 14.5363,
            "avg": 6.641548273497873,
            "min": 1.2893,
            "max": 75.7385,
            "p(50)": 6.1328499999999995
        },
        "http_req_waiting": {
            "p(75)": 8.357025,
            "p(90)": 10.255930000000001,
            "p(95)": 11.4519,
            "p(99)": 14.525893999999994,
            "avg": 6.550622980553494,
            "min": 1.2893,
            "max": 75.7385,
            "p(50)": 6.04505
        },
        "http_req_receiving": {
            "p(50)": 0,
            "p(75)": 0,
            "p(90)": 0.5044,
            "p(95)": 0.5209849999999999,
            "p(99)": 0.6254269999999997,
            "avg": 0.06989384193467986,
            "min": 0,
            "max": 4.397
        },
        "data_received": {
            "count": 5053860,
            "rate": 33493.84205117374
        },
        "http_req_tls_handshaking": {
            "p(95)": 0,
            "p(99)": 0,
            "avg": 0,
            "min": 0,
            "max": 0,
            "p(50)": 0,
            "p(75)": 0,
            "p(90)": 0
        },
        "http_req_blocked": {
            "min": 0,
            "max": 4.3571,
            "p(50)": 0,
            "p(75)": 0,
            "p(90)": 0,
            "p(95)": 0,
            "p(99)": 0.5273699999999998,
            "avg": 0.014155646970830216
        },
        "checks": {
            "passes": 16044,
            "fails": 0,
            "value": 1
        },
        "vus_max": {
            "value": 100,
            "min": 100,
            "max": 100
        },
        "iteration_duration": {
            "p(95)": 1022.282805,
            "p(99)": 1027.2638,
            "avg": 1014.264523074045,
            "min": 1005.0596,
            "max": 1092.1946,
            "p(50)": 1013.6896999999999,
            "p(75)": 1016.7068,
            "p(90)": 1020.07667
        },
        "http_req_duration{expected_response:true}": {
            "p(50)": 6.1328499999999995,
            "p(75)": 8.44495,
            "p(90)": 10.39404,
            "p(95)": 11.5778,
            "p(99)": 14.5363,
            "avg": 6.641548273497873,
            "min": 1.2893,
            "max": 75.7385
        },
        "data_sent": {
            "count": 1468026,
            "rate": 9729.16364343618
        },
        "vus": {
            "value": 23,
            "min": 1,
            "max": 100
        }
    }
}