{
    "metrics": {
        "vus_max": {
            "value": 100,
            "min": 100,
            "max": 100
        },
        "http_reqs": {
            "count": 16046,
            "rate": 106.36577105631248
        },
        "http_req_duration": {
            "min": 1.3744,
            "max": 74.8944,
            "p(50)": 5.87405,
            "p(75)": 8.3296,
            "p(90)": 10.0267,
            "p(95)": 11.242225,
            "p(99)": 14.075099999999981,
            "avg": 6.455390863766654
        },
        "data_received": {
            "rate": 33505.217882738434,
            "count": 5054490
        },
        "vus": {
            "value": 23,
            "min": 1,
            "max": 100
        },
        "http_req_receiving": {
            "p(99)": 0.6372,
            "avg": 0.07390793344135625,
            "min": 0,
            "max": 3.3759,
            "p(50)": 0,
            "p(75)": 0,
            "p(90)": 0.5046,
            "p(95)": 0.5244
        },
        "data_sent": {
            "rate": 9732.468051652591,
            "count": 1468209
        },
        "http_req_connecting": {
            "p(75)": 0,
            "p(90)": 0,
            "p(95)": 0,
            "p(99)": 0,
            "avg": 0.0049559267107067186,
            "min": 0,
            "max": 2.0787,
            "p(50)": 0
        },
        "http_req_sending": {
            "p(75)": 0,
            "p(90)": 0,
            "p(95)": 0,
            "p(99)": 0.5515099999999998,
            "avg": 0.020375676180979695,
            "min": 0,
            "max": 4.2356,
            "p(50)": 0
        },
        "http_req_blocked": {
            "p(90)": 0,
            "p(95)": 0,
            "p(99)": 0.5264549999999999,
            "avg": 0.012470970958494336,
            "min": 0,
            "max": 3.0177,
            "p(50)": 0,
            "p(75)": 0
        },
        "http_req_waiting": {
            "p(99)": 13.85307499999999,
            "avg": 6.361107254144308,
            "min": 1.3744,
            "max": 74.8944,
            "p(50)": 5.788,
            "p(75)": 8.222624999999999,
            "p(90)": 9.92625,
            "p(95)": 11.10935
        },
        "checks": {
            "passes": 16046,
            "fails": 0,
            "value": 1
        },
        "iteration_duration": {
            "max": 1093.2438,
            "p(50)": 1013.4679,
            "p(75)": 1016.1622,
            "p(90)": 1019.4119,
            "p(95)": 1021.5598,
            "p(99)": 1026.877216,
            "avg": 1013.8827103327878,
            "min": 1005
        },
        "http_req_failed": {
            "passes": 0,
            "fails": 16046,
            "thresholds": {
                "rate<0.05": false
            },
            "value": 0
        },
        "iterations": {
            "count": 8023,
            "rate": 53.18288552815624
        },
        "http_req_duration{expected_response:true}": {
            "p(99)": 14.075099999999981,
            "avg": 6.455390863766654,
            "min": 1.3744,
            "max": 74.8944,
            "p(50)": 5.87405,
            "p(75)": 8.3296,
            "p(90)": 10.0267,
            "p(95)": 11.242225
        },
        "http_req_tls_handshaking": {
            "p(75)": 0,
            "p(90)": 0,
            "p(95)": 0,
            "p(99)": 0,
            "avg": 0,
            "min": 0,
            "max": 0,
            "p(50)": 0
        }
    },
    "root_group": {
        "path": "",
        "id": "d41d8cd98f00b204e9800998ecf8427e",
        "groups": {},
        "checks": {
                "products list ok": {
                    "passes": 8023,
                    "fails": 0,
                    "name": "products list ok",
                    "path": "::products list ok",
                    "id": "9510a9eed98727c4f6d467383c223a18"
                },
                "product ok": {
                    "name": "product ok",
                    "path": "::product ok",
                    "id": "716e252b0c1f95f7b69e330791590bce",
                    "passes": 8023,
                    "fails": 0
                }
            },
        "name": ""
    }
}