{
    "root_group": {
        "name": "",
        "path": "",
        "id": "d41d8cd98f00b204e9800998ecf8427e",
        "groups": {},
        "checks": {
                "products list ok": {
                    "name": "products list ok",
                    "path": "::products list ok",
                    "id": "9510a9eed98727c4f6d467383c223a18",
                    "passes": 8040,
                    "fails": 0
                },
                "product ok": {
                    "fails": 0,
                    "name": "product ok",
                    "path": "::product ok",
                    "id": "716e252b0c1f95f7b69e330791590bce",
                    "passes": 8040
                }
            }
    },
    "metrics": {
        "http_req_duration": {
            "p(50)": 4.8961,
            "p(75)": 6.3536,
            "p(90)": 8.185770000000002,
            "p(95)": 9.1559,
            "p(99)": 11.4802,
            "avg": 5.369737008706512,
            "min": 1.6064,
            "max": 48.2057
        },
        "data_received": {
            "rate": 33549.567066754615,
            "count": 5065200
        },
        "http_req_blocked": {
            "p(90)": 0,
            "p(95)": 0,
            "p(99)": 0.5178469999999994,
            "avg": 0.012488022388059723,
            "min": 0,
            "max": 4.9146,
            "p(50)": 0,
            "p(75)": 0
        },
        "http_req_waiting": {
            "p(75)": 6.2547999999999995,
            "p(90)": 8.054260000000001,
            "p(95)": 9.021965,
            "p(99)": 11.351931999999982,
            "avg": 5.276241044776169,
            "min": 1.6064,
            "max": 48.2057,
            "p(50)": 4.8021
        },
        "vus_max": {
            "value": 100,
            "min": 100,
            "max": 100
        },
        "data_sent": {
            "count": 1471320,
            "rate": 9745.350433676342
        },
        "iteration_duration": {
            "avg": 1011.8119904975114,
            "min": 1005.0165,
            "max": 1062.4824,
            "p(50)": 1011.11445,
            "p(75)": 1013.5225499999999,
            "p(90)": 1015.98363,
            "p(95)": 1017.8384950000001,
            "p(99)": 1024.1601
        },
        "checks": {
            "passes": 16080,
            "fails": 0,
            "value": 1
        },
        "vus": {
            "value": 23,
            "min": 1,
            "max": 100
        },
        "http_req_tls_handshaking": {
            "p(99)": 0,
            "avg": 0,
            "min": 0,
            "max": 0,
            "p(50)": 0,
            "p(75)": 0,
            "p(90)": 0,
            "p(95)": 0
        },
        "http_reqs": {
            "rate": 106.50656211668132,
            "count": 16080
        },
        "http_req_connecting": {
            "p(75)": 0,
            "p(90)": 0,
            "p(95)": 0,
            "p(99)": 0,
            "avg": 0.00634482587064677,
            "min": 0,
            "max": 2.7459,
            "p(50)": 0
        },
        "http_req_failed": {
            "passes": 0,
            "fails": 16080,
            "thresholds": {
                "rate<0.05": false
            },
            "value": 0
        },
        "http_req_sending": {
            "p(95)": 0,
            "p(99)": 0.531021,
            "avg": 0.017740895522388066,
            "min": 0,
            "max": 5.9599,
            "p(50)": 0,
            "p(75)": 0,
            "p(90)": 0
        },
        "http_req_duration{expected_response:true}": {
            "avg": 5.369737008706512,
            "min": 1.6064,
            "max": 48.2057,
            "p(50)": 4.8961,
            "p(75)": 6.3536,
            "p(90)": 8.185770000000002,
            "p(95)": 9.1559,
            "p(99)": 11.4802
        },
        "http_req_receiving": {
            "p(99)": 0.604721,
            "avg": 0.07575506840796024,
            "min": 0,
            "max": 6.4742,
            "p(50)": 0,
            "p(75)": 0,
            "p(90)": 0.5071,
            "p(95)": 0.531805
        },
        "iterations": {
            "count": 8040,
            "rate": 53.25328105834066
        }
    }
}