{
    "root_group": {
        "path": "",
        "id": "d41d8cd98f00b204e9800998ecf8427e",
        "groups": {},
        "checks": {
                "products list ok": {
                    "name": "products list ok",
                    "path": "::products list ok",
                    "id": "9510a9eed98727c4f6d467383c223a18",
                    "passes": 600,
                    "fails": 0
                },
                "product ok": {
                    "name": "product ok",
                    "path": "::product ok",
                    "id": "716e252b0c1f95f7b69e330791590bce",
                    "passes": 600,
                    "fails": 0
                }
            },
        "name": ""
    },
    "metrics": {
        "checks": {
            "passes": 1200,
            "fails": 0,
            "value": 1
        },
        "http_req_tls_handshaking": {
            "min": 0,
            "max": 0,
            "p(50)": 0,
            "p(75)": 0,
            "p(90)": 0,
            "p(95)": 0,
            "p(99)": 0,
            "avg": 0
        },
        "http_req_duration{expected_response:true}": {
            "p(99)": 36.6826,
            "avg": 7.864044583333351,
            "min": 2.4729,
            "max": 58.6501,
            "p(50)": 6.6587499999999995,
            "p(75)": 9.022075000000001,
            "p(90)": 10.98145000000002,
            "p(95)": 13.78505
        },
        "http_req_failed": {
            "fails": 1200,
            "passes": 0,
            "thresholds": {
                "rate<0.01": false
            },
            "value": 0
        },
        "http_req_duration": {
            "p(95)": 13.78505,
            "p(99)": 36.6826,
            "avg": 7.864044583333351,
            "min": 2.4729,
            "max": 58.6501,
            "p(50)": 6.6587499999999995,
            "p(75)": 9.022075000000001,
            "p(90)": 10.98145000000002
        },
        "http_req_waiting": {
            "p(99)": 36.6826,
            "avg": 7.734342583333355,
            "min": 2.4729,
            "max": 58.6501,
            "p(50)": 6.4824,
            "p(75)": 8.812075,
            "p(90)": 10.768140000000006,
            "p(95)": 13.3412
        },
        "http_req_receiving": {
            "p(90)": 0.5077300000000001,
            "p(95)": 0.53093,
            "p(99)": 1.1041,
            "avg": 0.09126833333333333,
            "min": 0,
            "max": 4.5736,
            "p(50)": 0,
            "p(75)": 0
        },
        "vus": {
            "value": 20,
            "min": 20,
            "max": 20
        },
        "vus_max": {
            "value": 20,
            "min": 20,
            "max": 20
        },
        "http_reqs": {
            "rate": 39.31609585729411,
            "count": 1200
        },
        "data_sent": {
            "count": 109800,
            "rate": 3597.422770942411
        },
        "data_received": {
            "rate": 12384.570195047643,
            "count": 378000
        },
        "iterations": {
            "count": 600,
            "rate": 19.658047928647054
        },
        "http_req_blocked": {
            "max": 7.1909,
            "p(50)": 0,
            "p(75)": 0,
            "p(90)": 0,
            "p(95)": 0,
            "p(99)": 6.6868,
            "avg": 0.11634191666666668,
            "min": 0
        },
        "http_req_sending": {
            "p(75)": 0,
            "p(90)": 0,
            "p(95)": 0.16945499999999714,
            "p(99)": 1.002256,
            "avg": 0.03843366666666668,
            "min": 0,
            "max": 4.0573,
            "p(50)": 0
        },
        "http_req_connecting": {
            "p(99)": 0.6136909999999985,
            "avg": 0.010271000000000002,
            "min": 0,
            "max": 0.7712,
            "p(50)": 0,
            "p(75)": 0,
            "p(90)": 0,
            "p(95)": 0
        },
        "iteration_duration": {
            "min": 1008.1794,
            "max": 1073.9332,
            "p(50)": 1015.1984,
            "p(75)": 1017.089375,
            "p(90)": 1020.67681,
            "p(95)": 1023.26514,
            "p(99)": 1066.4668,
            "avg": 1017.2239668333342
        }
    }
}