{
    "root_group": {
        "checks": {
            "products list ok": {
                "id": "9510a9eed98727c4f6d467383c223a18",
                "passes": 600,
                "fails": 0,
                "name": "products list ok",
                "path": "::products list ok"
            },
            "product ok": {
                "name": "product ok",
                "path": "::product ok",
                "id": "716e252b0c1f95f7b69e330791590bce",
                "passes": 600,
                "fails": 0
            }
        },
        "name": "",
        "path": "",
        "id": "d41d8cd98f00b204e9800998ecf8427e",
        "groups": {}
    },
    "metrics": {
        "data_sent": {
            "count": 109800,
            "rate": 3594.691030282057
        },
        "http_req_failed": {
            "fails": 1200,
            "passes": 0,
            "thresholds": {
                "rate<0.01": false
            },
            "value": 0
        },
        "http_req_tls_handshaking": {
            "avg": 0,
            "min": 0,
            "max": 0,
            "p(50)": 0,
            "p(75)": 0,
            "p(90)": 0,
            "p(95)": 0,
            "p(99)": 0
        },
        "http_req_duration{expected_response:true}": {
            "avg": 7.999894750000005,
            "min": 2.7849,
            "max": 60.2621,
            "p(50)": 6.76115,
            "p(75)": 9.140649999999999,
            "p(90)": 10.97892,
            "p(95)": 13.305384999999998,
            "p(99)": 38.6065
        },
        "http_req_blocked": {
            "min": 0,
            "max": 12.5475,
            "p(50)": 0,
            "p(75)": 0,
            "p(90)": 0,
            "p(95)": 0,
            "p(99)": 10.534259999999994,
            "avg": 0.20296175
        },
        "vus": {
            "max": 20,
            "value": 20,
            "min": 20
        },
        "iteration_duration": {
            "p(99)": 1072.112905,
            "avg": 1017.9469573333316,
            "min": 1008.5371,
            "max": 1077.0096,
            "p(50)": 1015.7553499999999,
            "p(75)": 1018.038275,
            "p(90)": 1020.58997,
            "p(95)": 1023.43002
        },
        "data_received": {
            "count": 378000,
            "rate": 12375.165841954622
        },
        "checks": {
            "passes": 1200,
            "fails": 0,
            "value": 1
        },
        "http_req_connecting": {
            "p(95)": 0,
            "p(99)": 1.3879,
            "avg": 0.03053658333333333,
            "min": 0,
            "max": 2.9009,
            "p(50)": 0,
            "p(75)": 0,
            "p(90)": 0
        },
        "http_req_waiting": {
            "avg": 7.858431500000011,
            "min": 2.0752,
            "max": 60.2621,
            "p(50)": 6.6285,
            "p(75)": 8.9713,
            "p(90)": 10.832870000000002,
            "p(95)": 12.816434999999995,
            "p(99)": 38.1005
        },
        "http_req_receiving": {
            "max": 1.6219,
            "p(50)": 0,
            "p(75)": 0,
            "p(90)": 0.5080300000000001,
            "p(95)": 0.537165,
            "p(99)": 1.008344,
            "avg": 0.09638700000000004,
            "min": 0
        },
        "http_req_sending": {
            "min": 0,
            "max": 3.8932,
            "p(50)": 0,
            "p(75)": 0,
            "p(90)": 0,
            "p(95)": 0.505115,
            "p(99)": 1.0070089999999998,
            "avg": 0.04507625000000001
        },
        "iterations": {
            "rate": 19.643120384054956,
            "count": 600
        },
        "http_reqs": {
            "count": 1200,
            "rate": 39.28624076810991
        },
        "http_req_duration": {
            "p(95)": 13.305384999999998,
            "p(99)": 38.6065,
            "avg": 7.999894750000005,
            "min": 2.7849,
            "max": 60.2621,
            "p(50)": 6.76115,
            "p(75)": 9.140649999999999,
            "p(90)": 10.97892
        },
        "vus_max": {
            "value": 20,
            "min": 20,
            "max": 20
        }
    }
}