{
    "root_group": {
        "name": "",
        "path": "",
        "id": "d41d8cd98f00b204e9800998ecf8427e",
        "groups": {},
        "checks": {
                "products list ok": {
                    "path": "::products list ok",
                    "id": "9510a9eed98727c4f6d467383c223a18",
                    "passes": 8029,
                    "fails": 0,
                    "name": "products list ok"
                },
                "product ok": {
                    "name": "product ok",
                    "path": "::product ok",
                    "id": "716e252b0c1f95f7b69e330791590bce",
                    "passes": 8029,
                    "fails": 0
                }
            }
    },
    "metrics": {
        "http_req_failed": {
            "fails": 16058,
            "passes": 0,
            "thresholds": {
                "rate<0.05": false
            },
            "value": 0
        },
        "checks": {
            "passes": 16058,
            "fails": 0,
            "value": 1
        },
        "http_req_duration{expected_response:true}": {
            "avg": 6.345231529455727,
            "min": 1.0743,
            "max": 64.4283,
            "p(50)": 5.6858,
            "p(75)": 8.1576,
            "p(90)": 9.996860000000005,
            "p(95)": 11.175064999999998,
            "p(99)": 13.983089000000012
        },
        "http_req_sending": {
            "p(50)": 0,
            "p(75)": 0,
            "p(90)": 0,
            "p(95)": 0,
            "p(99)": 0.5468860000000001,
            "avg": 0.01898984306887533,
            "min": 0,
            "max": 4.1638
        },
        "http_req_waiting": {
            "p(75)": 8.0253,
            "p(90)": 9.870950000000002,
            "p(95)": 11.02,
            "p(99)": 13.6576,
            "avg": 6.254759895379244,
            "min": 1.0743,
            "max": 64.3611,
            "p(50)": 5.60815
        },
        "http_req_blocked": {
            "p(50)": 0,
            "p(75)": 0,
            "p(90)": 0,
            "p(95)": 0,
            "p(99)": 0.514186,
            "avg": 0.01220488852908208,
            "min": 0,
            "max": 5.0027
        },
        "vus_max": {
            "value": 100,
            "min": 100,
            "max": 100
        },
        "http_req_tls_handshaking": {
            "p(75)": 0,
            "p(90)": 0,
            "p(95)": 0,
            "p(99)": 0,
            "avg": 0,
            "min": 0,
            "max": 0,
            "p(50)": 0
        },
        "http_req_receiving": {
            "p(90)": 0.5044,
            "p(95)": 0.5233,
            "p(99)": 0.632,
            "avg": 0.07148179100759708,
            "min": 0,
            "max": 5.7862,
            "p(50)": 0,
            "p(75)": 0
        },
        "http_reqs": {
            "count": 16058,
            "rate": 106.35046178429506
        },
        "data_received": {
            "count": 5058270,
            "rate": 33500.39546205295
        },
        "vus": {
            "value": 5,
            "min": 1,
            "max": 100
        },
        "iterations": {
            "rate": 53.17523089214753,
            "count": 8029
        },
        "iteration_duration": {
            "p(95)": 1021.5451400000001,
            "p(99)": 1026.670836,
            "avg": 1013.612442334045,
            "min": 1004.1392,
            "max": 1113.0509,
            "p(50)": 1012.9558,
            "p(75)": 1016.0726,
            "p(90)": 1019.2469
        },
        "http_req_duration": {
            "p(50)": 5.6858,
            "p(75)": 8.1576,
            "p(90)": 9.996860000000005,
            "p(95)": 11.175064999999998,
            "p(99)": 13.983089000000012,
            "avg": 6.345231529455727,
            "min": 1.0743,
            "max": 64.4283
        },
        "data_sent": {
            "count": 1469307,
            "rate": 9731.067253263
        },
        "http_req_connecting": {
            "p(99)": 0,
            "avg": 0.005350460829493085,
            "min": 0,
            "max": 2.7689,
            "p(50)": 0,
            "p(75)": 0,
            "p(90)": 0,
            "p(95)": 0
        }
    }
}