{
    "metrics": {
        "checks": {
            "fails": 0,
            "passes": 1200,
            "value": 1
        },
        "http_req_waiting": {
            "p(50)": 5.5561,
            "p(75)": 7.040475,
            "p(90)": 9.502460000000001,
            "p(95)": 10.922674999999998,
            "p(99)": 33.912116999999995,
            "avg": 6.69426083333333,
            "min": 1.8474,
            "max": 48.6204
        },
        "vus_max": {
            "max": 20,
            "value": 20,
            "min": 20
        },
        "http_reqs": {
            "count": 1200,
            "rate": 39.388500359262515
        },
        "data_received": {
            "count": 378000,
            "rate": 12407.377613167691
        },
        "iterations": {
            "count": 600,
            "rate": 19.694250179631258
        },
        "http_req_tls_handshaking": {
            "p(75)": 0,
            "p(90)": 0,
            "p(95)": 0,
            "p(99)": 0,
            "avg": 0,
            "min": 0,
            "max": 0,
            "p(50)": 0
        },
        "http_req_receiving": {
            "max": 5.6838,
            "p(50)": 0,
            "p(75)": 0,
            "p(90)": 0.50651,
            "p(95)": 0.52535,
            "p(99)": 1.0291549999999996,
            "avg": 0.09316058333333334,
            "min": 0
        },
        "http_req_duration{expected_response:true}": {
            "p(95)": 10.980354999999998,
            "p(99)": 34.445727,
            "avg": 6.815738833333328,
            "min": 1.8474,
            "max": 48.6204,
            "p(50)": 5.63885,
            "p(75)": 7.2402,
            "p(90)": 9.68501
        },
        "http_req_connecting": {
            "avg": 0.01235575,
            "min": 0,
            "max": 2.1077,
            "p(50)": 0,
            "p(75)": 0,
            "p(90)": 0,
            "p(95)": 0,
            "p(99)": 0.4663
        },
        "http_req_blocked": {
            "p(75)": 0,
            "p(90)": 0,
            "p(95)": 0,
            "p(99)": 11.5277,
            "avg": 0.19930091666666672,
            "min": 0,
            "max": 12.55,
            "p(50)": 0
        },
        "iteration_duration": {
            "p(99)": 1071.8843,
            "avg": 1015.2846976666676,
            "min": 1006.5514,
            "max": 1079.4747,
            "p(50)": 1013.02385,
            "p(75)": 1015.4653,
            "p(90)": 1017.7522700000001,
            "p(95)": 1019.510645
        },
        "http_req_sending": {
            "p(90)": 0,
            "p(95)": 0.10719499999999874,
            "p(99)": 0.5460200000000001,
            "avg": 0.028317416666666664,
            "min": 0,
            "max": 2.505,
            "p(50)": 0,
            "p(75)": 0
        },
        "http_req_duration": {
            "p(75)": 7.2402,
            "p(90)": 9.68501,
            "p(95)": 10.980354999999998,
            "p(99)": 34.445727,
            "avg": 6.815738833333328,
            "min": 1.8474,
            "max": 48.6204,
            "p(50)": 5.63885
        },
        "vus": {
            "value": 20,
            "min": 20,
            "max": 20
        },
        "data_sent": {
            "count": 109800,
            "rate": 3604.0477828725197
        },
        "http_req_failed": {
            "passes": 0,
            "fails": 1200,
            "thresholds": {
                "rate<0.01": false
            },
            "value": 0
        }
    },
    "root_group": {
        "name": "",
        "path": "",
        "id": "d41d8cd98f00b204e9800998ecf8427e",
        "groups": {},
        "checks": {
                "products list ok": {
                    "fails": 0,
                    "name": "products list ok",
                    "path": "::products list ok",
                    "id": "9510a9eed98727c4f6d467383c223a18",
                    "passes": 600
                },
                "product ok": {
                    "fails": 0,
                    "name": "product ok",
                    "path": "::product ok",
                    "id": "716e252b0c1f95f7b69e330791590bce",
                    "passes": 600
                }
            }
    }
}