{
    "metrics": {
        "http_req_tls_handshaking": {
            "p(95)": 0,
            "p(99)": 0,
            "avg": 0,
            "min": 0,
            "max": 0,
            "p(50)": 0,
            "p(75)": 0,
            "p(90)": 0
        },
        "http_req_duration": {
            "min": 2.9031,
            "max": 45.7463,
            "p(50)": 6.87025,
            "p(75)": 9.138775,
            "p(90)": 10.679100000000004,
            "p(95)": 12.3783,
            "p(99)": 38.9681,
            "avg": 7.90746400000002
        },
        "checks": {
            "passes": 1200,
            "fails": 0,
            "value": 1
        },
        "vus": {
            "value": 20,
            "min": 20,
            "max": 20
        },
        "data_received": {
            "count": 378000,
            "rate": 12381.609376785384
        },
        "iteration_duration": {
            "p(75)": 1016.8161249999999,
            "p(90)": 1018.68194,
            "p(95)": 1020.09231,
            "p(99)": 1074.550481,
            "avg": 1017.2933821666687,
            "min": 1008.3626,
            "max": 1078.1234,
            "p(50)": 1015.3518
        },
        "http_req_failed": {
            "fails": 1200,
            "passes": 0,
            "thresholds": {
                "rate<0.01": false
            },
            "value": 0
        },
        "http_reqs": {
            "count": 1200,
            "rate": 39.30669643423931
        },
        "http_req_sending": {
            "p(50)": 0,
            "p(75)": 0,
            "p(90)": 0,
            "p(95)": 0.0025699999999976627,
            "p(99)": 0.8063539999999983,
            "avg": 0.028180333333333335,
            "min": 0,
            "max": 2.2492
        },
        "iterations": {
            "count": 600,
            "rate": 19.653348217119657
        },
        "http_req_receiving": {
            "p(75)": 0,
            "p(90)": 0.5066100000000001,
            "p(95)": 0.53487,
            "p(99)": 0.8008749999999998,
            "avg": 0.08613716666666665,
            "min": 0,
            "max": 3.1252,
            "p(50)": 0
        },
        "vus_max": {
            "value": 20,
            "min": 20,
            "max": 20
        },
        "http_req_waiting": {
            "p(90)": 10.557710000000002,
            "p(95)": 11.760444999999997,
            "p(99)": 38.9681,
            "avg": 7.7931465000000175,
            "min": 2.9031,
            "max": 45.7463,
            "p(50)": 6.7185500000000005,
            "p(75)": 8.964
        },
        "data_sent": {
            "rate": 3596.562723732897,
            "count": 109800
        },
        "http_req_duration{expected_response:true}": {
            "min": 2.9031,
            "max": 45.7463,
            "p(50)": 6.87025,
            "p(75)": 9.138775,
            "p(90)": 10.679100000000004,
            "p(95)": 12.3783,
            "p(99)": 38.9681,
            "avg": 7.90746400000002
        },
        "http_req_connecting": {
            "p(75)": 0,
            "p(90)": 0,
            "p(95)": 0,
            "p(99)": 0.596,
            "avg": 0.011979833333333332,
            "min": 0,
            "max": 1.1077,
            "p(50)": 0
        },
        "http_req_blocked": {
            "p(95)": 0,
            "p(99)": 10.0055,
            "avg": 0.17827000000000004,
            "min": 0,
            "max": 11.0246,
            "p(50)": 0,
            "p(75)": 0,
            "p(90)": 0
        }
    },
    "root_group": {
        "name": "",
        "path": "",
        "id": "d41d8cd98f00b204e9800998ecf8427e",
        "groups": {},
        "checks": {
                "products list ok": {
                    "name": "products list ok",
                    "path": "::products list ok",
                    "id": "9510a9eed98727c4f6d467383c223a18",
                    "passes": 600,
                    "fails": 0
                },
                "product ok": {
                    "fails": 0,
                    "name": "product ok",
                    "path": "::product ok",
                    "id": "716e252b0c1f95f7b69e330791590bce",
                    "passes": 600
                }
            }
    }
}