{
    "root_group": {
        "id": "d41d8cd98f00b204e9800998ecf8427e",
        "groups": {},
        "checks": {
                "products list ok": {
                    "passes": 8024,
                    "fails": 0,
                    "name": "products list ok",
                    "path": "::products list ok",
                    "id": "9510a9eed98727c4f6d467383c223a18"
                },
                "product ok": {
                    "name": "product ok",
                    "path": "::product ok",
                    "id": "716e252b0c1f95f7b69e330791590bce",
                    "passes": 8024,
                    "fails": 0
                }
            },
        "name": "",
        "path": ""
    },
    "metrics": {
        "http_req_blocked": {
            "p(50)": 0,
            "p(75)": 0,
            "p(90)": 0,
            "p(95)": 0,
            "p(99)": 0.5203,
            "avg": 0.013044510219341974,
            "min": 0,
            "max": 5.1097
        },
        "http_req_tls_handshaking": {
            "p(50)": 0,
            "p(75)": 0,
            "p(90)": 0,
            "p(95)": 0,
            "p(99)": 0,
            "avg": 0,
            "min": 0,
            "max": 0
        },
        "http_req_receiving": {
            "p(95)": 0.5265,
            "p(99)": 0.6510010000000012,
            "avg": 0.07415700398803568,
            "min": 0,
            "max": 3.3288,
            "p(50)": 0,
            "p(75)": 0,
            "p(90)": 0.5049300000000001
        },
        "http_reqs": {
            "count": 16048,
            "rate": 106.29709698945346
        },
        "data_received": {
            "count": 5055120,
            "rate": 33483.58555167784
        },
        "http_req_failed": {
            "passes": 0,
            "fails": 16048,
            "thresholds": {
                "rate<0.05": false
            },
            "value": 0
        },
        "vus": {
            "value": 22,
            "min": 1,
            "max": 100
        },
        "data_sent": {
            "count": 1468392,
            "rate": 9726.184374534992
        },
        "http_req_connecting": {
            "p(75)": 0,
            "p(90)": 0,
            "p(95)": 0,
            "p(99)": 0,
            "avg": 0.005496248753738781,
            "min": 0,
            "max": 2.7949,
            "p(50)": 0
        },
        "http_req_sending": {
            "min": 0,
            "max": 4.8307,
            "p(50)": 0,
            "p(75)": 0,
            "p(90)": 0,
            "p(95)": 0,
            "p(99)": 0.5518060000000001,
            "avg": 0.0211173417248255
        },
        "iteration_duration": {
            "p(95)": 1022.2558799999999,
            "p(99)": 1026.6015439999999,
            "avg": 1014.3210990653039,
            "min": 1004.8811,
            "max": 1060.084,
            "p(50)": 1013.7924,
            "p(75)": 1016.816675,
            "p(90)": 1020.06074
        },
        "http_req_duration": {
            "p(90)": 10.377780000000001,
            "p(95)": 11.4899,
            "p(99)": 14.3526,
            "avg": 6.66695808823527,
            "min": 1.0183,
            "max": 41.2104,
            "p(50)": 6.1651,
            "p(75)": 8.5875
        },
        "http_req_duration{expected_response:true}": {
            "p(75)": 8.5875,
            "p(90)": 10.377780000000001,
            "p(95)": 11.4899,
            "p(99)": 14.3526,
            "avg": 6.66695808823527,
            "min": 1.0183,
            "max": 41.2104,
            "p(50)": 6.1651
        },
        "http_req_waiting": {
            "p(95)": 11.3485,
            "p(99)": 14.1663,
            "avg": 6.571683742522403,
            "min": 1.0183,
            "max": 41.0859,
            "p(50)": 6.0531,
            "p(75)": 8.47125,
            "p(90)": 10.244630000000003
        },
        "vus_max": {
            "value": 100,
            "min": 100,
            "max": 100
        },
        "checks": {
            "passes": 16048,
            "fails": 0,
            "value": 1
        },
        "iterations": {
            "count": 8024,
            "rate": 53.14854849472673
        }
    }
}