{
    "root_group": {
        "id": "d41d8cd98f00b204e9800998ecf8427e",
        "groups": {},
        "checks": {
                "products list ok": {
                    "name": "products list ok",
                    "path": "::products list ok",
                    "id": "9510a9eed98727c4f6d467383c223a18",
                    "passes": 8020,
                    "fails": 0
                },
                "product ok": {
                    "name": "product ok",
                    "path": "::product ok",
                    "id": "716e252b0c1f95f7b69e330791590bce",
                    "passes": 8020,
                    "fails": 0
                }
            },
        "name": "",
        "path": ""
    },
    "metrics": {
        "http_req_blocked": {
            "p(95)": 0,
            "p(99)": 0.5108,
            "avg": 0.012118372817955112,
            "min": 0,
            "max": 5.4465,
            "p(50)": 0,
            "p(75)": 0,
            "p(90)": 0
        },
        "checks": {
            "passes": 16040,
            "fails": 0,
            "value": 1
        },
        "http_reqs": {
            "count": 16040,
            "rate": 106.3496636910685
        },
        "http_req_tls_handshaking": {
            "p(75)": 0,
            "p(90)": 0,
            "p(95)": 0,
            "p(99)": 0,
            "avg": 0,
            "min": 0,
            "max": 0,
            "p(50)": 0
        },
        "http_req_sending": {
            "p(50)": 0,
            "p(75)": 0,
            "p(90)": 0,
            "p(95)": 0,
            "p(99)": 0.5613930000000007,
            "avg": 0.020941452618453864,
            "min": 0,
            "max": 5.672
        },
        "http_req_receiving": {
            "p(99)": 0.6597,
            "avg": 0.07397575436408961,
            "min": 0,
            "max": 2.5132,
            "p(50)": 0,
            "p(75)": 0,
            "p(90)": 0.5051,
            "p(95)": 0.5242
        },
        "http_req_duration{expected_response:true}": {
            "avg": 6.636722076059838,
            "min": 1.5155,
            "max": 46.2067,
            "p(50)": 6.0559,
            "p(75)": 8.48035,
            "p(90)": 10.33824,
            "p(95)": 11.517784999999998,
            "p(99)": 14.832732000000012
        },
        "http_req_connecting": {
            "avg": 0.006077593516209478,
            "min": 0,
            "max": 3.9076,
            "p(50)": 0,
            "p(75)": 0,
            "p(90)": 0,
            "p(95)": 0,
            "p(99)": 0
        },
        "vus": {
            "value": 22,
            "min": 1,
            "max": 100
        },
        "http_req_failed": {
            "passes": 0,
            "fails": 16040,
            "thresholds": {
                "rate<0.05": false
            },
            "value": 0
        },
        "data_sent": {
            "count": 1467660,
            "rate": 9730.994227732768
        },
        "iteration_duration": {
            "p(99)": 1027.1754,
            "avg": 1014.2539354613446,
            "min": 1004.9192,
            "max": 1072.0712,
            "p(50)": 1013.8174,
            "p(75)": 1016.5393,
            "p(90)": 1019.51858,
            "p(95)": 1021.7543350000001
        },
        "vus_max": {
            "value": 100,
            "min": 100,
            "max": 100
        },
        "data_received": {
            "rate": 33500.14406268658,
            "count": 5052600
        },
        "http_req_waiting": {
            "p(99)": 14.742401000000008,
            "avg": 6.54180486907727,
            "min": 1.5155,
            "max": 46.2067,
            "p(50)": 5.96865,
            "p(75)": 8.3637,
            "p(90)": 10.203300000000002,
            "p(95)": 11.393174999999996
        },
        "iterations": {
            "count": 8020,
            "rate": 53.17483184553425
        },
        "http_req_duration": {
            "avg": 6.636722076059838,
            "min": 1.5155,
            "max": 46.2067,
            "p(50)": 6.0559,
            "p(75)": 8.48035,
            "p(90)": 10.33824,
            "p(95)": 11.517784999999998,
            "p(99)": 14.832732000000012
        }
    }
}