{
    "root_group": {
        "name": "",
        "path": "",
        "id": "d41d8cd98f00b204e9800998ecf8427e",
        "groups": {},
        "checks": {
                "products list ok": {
                    "name": "products list ok",
                    "path": "::products list ok",
                    "id": "9510a9eed98727c4f6d467383c223a18",
                    "passes": 600,
                    "fails": 0
                },
                "product ok": {
                    "name": "product ok",
                    "path": "::product ok",
                    "id": "716e252b0c1f95f7b69e330791590bce",
                    "passes": 600,
                    "fails": 0
                }
            }
    },
    "metrics": {
        "iteration_duration": {
            "p(75)": 1017.439925,
            "p(90)": 1041.4205900000002,
            "p(95)": 1076.30431,
            "p(99)": 1086.114732,
            "avg": 1020.3120863333335,
            "min": 1008.3937,
            "max": 1088.801,
            "p(50)": 1014.4082
        },
        "http_req_connecting": {
            "p(95)": 0,
            "p(99)": 0.5498439999999992,
            "avg": 0.014248666666666661,
            "min": 0,
            "max": 2.2938,
            "p(50)": 0,
            "p(75)": 0,
            "p(90)": 0
        },
        "data_received": {
            "rate": 12335.456231629532,
            "count": 378000
        },
        "http_req_tls_handshaking": {
            "p(90)": 0,
            "p(95)": 0,
            "p(99)": 0,
            "avg": 0,
            "min": 0,
            "max": 0,
            "p(50)": 0,
            "p(75)": 0
        },
        "vus": {
            "value": 20,
            "min": 20,
            "max": 20
        },
        "http_reqs": {
            "count": 1200,
            "rate": 39.16017851310963
        },
        "http_req_sending": {
            "p(90)": 0,
            "p(95)": 0.06710999999999825,
            "p(99)": 0.5667929999999997,
            "avg": 0.028601500000000002,
            "min": 0,
            "max": 2.6929,
            "p(50)": 0,
            "p(75)": 0
        },
        "http_req_waiting": {
            "max": 72.8436,
            "p(50)": 6.33305,
            "p(75)": 8.668325,
            "p(90)": 18.2945,
            "p(95)": 41.609,
            "p(99)": 53.6094,
            "avg": 9.430356666666674,
            "min": 1.7913
        },
        "iterations": {
            "count": 600,
            "rate": 19.580089256554814
        },
        "checks": {
            "passes": 1200,
            "fails": 0,
            "value": 1
        },
        "data_sent": {
            "count": 109800,
            "rate": 3583.156333949531
        },
        "http_req_duration{expected_response:true}": {
            "p(90)": 18.51134000000003,
            "p(95)": 41.61409999999999,
            "p(99)": 53.6094,
            "avg": 9.549198333333338,
            "min": 2.6324,
            "max": 72.8436,
            "p(50)": 6.4918499999999995,
            "p(75)": 8.874300000000002
        },
        "http_req_receiving": {
            "max": 2.9341,
            "p(50)": 0,
            "p(75)": 0,
            "p(90)": 0.5056,
            "p(95)": 0.53194,
            "p(99)": 1.005423,
            "avg": 0.0902401666666667,
            "min": 0
        },
        "vus_max": {
            "value": 20,
            "min": 20,
            "max": 20
        },
        "http_req_blocked": {
            "p(90)": 0,
            "p(95)": 0,
            "p(99)": 1.7066589999999973,
            "avg": 0.05079591666666668,
            "min": 0,
            "max": 5.0537,
            "p(50)": 0,
            "p(75)": 0
        },
        "http_req_duration": {
            "p(99)": 53.6094,
            "avg": 9.549198333333338,
            "min": 2.6324,
            "max": 72.8436,
            "p(50)": 6.4918499999999995,
            "p(75)": 8.874300000000002,
            "p(90)": 18.51134000000003,
            "p(95)": 41.61409999999999
        },
        "http_req_failed": {
            "passes": 0,
            "fails": 1200,
            "thresholds": {
                "rate<0.01": false
            },
            "value": 0
        }
    }
}