{
    "root_group": {
        "path": "",
        "id": "d41d8cd98f00b204e9800998ecf8427e",
        "groups": {},
        "checks": {
                "products list ok": {
                    "name": "products list ok",
                    "path": "::products list ok",
                    "id": "9510a9eed98727c4f6d467383c223a18",
                    "passes": 8027,
                    "fails": 0
                },
                "product ok": {
                    "name": "product ok",
                    "path": "::product ok",
                    "id": "716e252b0c1f95f7b69e330791590bce",
                    "passes": 8027,
                    "fails": 0
                }
            },
        "name": ""
    },
    "metrics": {
        "http_req_receiving": {
            "max": 2.5544,
            "p(50)": 0,
            "p(75)": 0,
            "p(90)": 0.5056,
            "p(95)": 0.525,
            "p(99)": 0.6297289999999995,
            "avg": 0.07689639965117748,
            "min": 0
        },
        "vus_max": {
            "min": 100,
            "max": 100,
            "value": 100
        },
        "http_req_sending": {
            "p(75)": 0,
            "p(90)": 0,
            "p(95)": 0,
            "p(99)": 0.5619939999999999,
            "avg": 0.024972175158838924,
            "min": 0,
            "max": 11.1404,
            "p(50)": 0
        },
        "http_req_blocked": {
            "p(99)": 0.5280409999999999,
            "avg": 0.014781225862713342,
            "min": 0,
            "max": 4.5334,
            "p(50)": 0,
            "p(75)": 0,
            "p(90)": 0,
            "p(95)": 0
        },
        "http_req_duration{expected_response:true}": {
            "p(90)": 9.689150000000001,
            "p(95)": 10.9976,
            "p(99)": 13.612188999999994,
            "avg": 6.099130048585983,
            "min": 1.2325,
            "max": 42.2164,
            "p(50)": 5.3751,
            "p(75)": 7.696775
        },
        "http_req_connecting": {
            "max": 2.904,
            "p(50)": 0,
            "p(75)": 0,
            "p(90)": 0,
            "p(95)": 0,
            "p(99)": 0,
            "avg": 0.006874430048586023,
            "min": 0
        },
        "http_req_duration": {
            "p(75)": 7.696775,
            "p(90)": 9.689150000000001,
            "p(95)": 10.9976,
            "p(99)": 13.612188999999994,
            "avg": 6.099130048585983,
            "min": 1.2325,
            "max": 42.2164,
            "p(50)": 5.3751
        },
        "http_req_waiting": {
            "max": 42.1445,
            "p(50)": 5.2839,
            "p(75)": 7.568,
            "p(90)": 9.5808,
            "p(95)": 10.809164999999997,
            "p(99)": 13.330727999999985,
            "avg": 5.997261473775967,
            "min": 1.1151
        },
        "iterations": {
            "rate": 53.20355615962945,
            "count": 8027
        },
        "http_reqs": {
            "count": 16054,
            "rate": 106.4071123192589
        },
        "data_received": {
            "count": 5057010,
            "rate": 33518.24038056655
        },
        "http_req_failed": {
            "passes": 0,
            "fails": 16054,
            "thresholds": {
                "rate<0.05": false
            },
            "value": 0
        },
        "vus": {
            "value": 23,
            "min": 1,
            "max": 100
        },
        "http_req_tls_handshaking": {
            "min": 0,
            "max": 0,
            "p(50)": 0,
            "p(75)": 0,
            "p(90)": 0,
            "p(95)": 0,
            "p(99)": 0,
            "avg": 0
        },
        "checks": {
            "passes": 16054,
            "fails": 0,
            "value": 1
        },
        "data_sent": {
            "count": 1468941,
            "rate": 9736.250777212188
        },
        "iteration_duration": {
            "p(90)": 1019.47974,
            "p(95)": 1021.57267,
            "p(99)": 1027.436,
            "avg": 1013.4671619783252,
            "min": 1004.6378,
            "max": 1054.5722,
            "p(50)": 1012.7663,
            "p(75)": 1015.8654
        }
    }
}