{
    "root_group": {
        "groups": {},
        "checks": {
                "login ok": {
                    "name": "login ok",
                    "path": "::login ok",
                    "id": "0ddcda49e3a8b9d6d2e015dafbaafe65",
                    "passes": 300,
                    "fails": 0
                },
                "cart add ok": {
                    "fails": 0,
                    "name": "cart add ok",
                    "path": "::cart add ok",
                    "id": "3476b21dcb095c2f01deccc20115d127",
                    "passes": 300
                },
                "cart get ok": {
                    "path": "::cart get ok",
                    "id": "9d960ca6baf25ee48d3f3c991473fca0",
                    "passes": 300,
                    "fails": 0,
                    "name": "cart get ok"
                },
                "cart update ok": {
                    "passes": 300,
                    "fails": 0,
                    "name": "cart update ok",
                    "path": "::cart update ok",
                    "id": "07ee78e8bcccf32bc9963f8d3c17eecf"
                },
                "cart remove ok": {
                    "name": "cart remove ok",
                    "path": "::cart remove ok",
                    "id": "31001ad0f6cf28a008d3b28f557b05a9",
                    "passes": 300,
                    "fails": 0
                }
            },
        "name": "",
        "path": "",
        "id": "d41d8cd98f00b204e9800998ecf8427e"
    },
    "metrics": {
        "http_req_receiving": {
            "p(75)": 0,
            "p(90)": 0.5035,
            "p(95)": 0.5124,
            "p(99)": 0.594623,
            "avg": 0.06508266666666666,
            "min": 0,
            "max": 2.1502,
            "p(50)": 0
        },
        "checks": {
            "fails": 0,
            "passes": 1500,
            "value": 1
        },
        "vus": {
            "min": 10,
            "max": 10,
            "value": 10
        },
        "data_sent": {
            "rate": 28975.327300955116,
            "count": 892200
        },
        "data_received": {
            "count": 600600,
            "rate": 19505.247228147997
        },
        "http_req_waiting": {
            "max": 62.2219,
            "p(50)": 3.4969,
            "p(75)": 4.7284749999999995,
            "p(90)": 7.2816,
            "p(95)": 8.653345,
            "p(99)": 24.3488,
            "avg": 4.544992266666674,
            "min": 1.0306
        },
        "http_req_duration{expected_response:true}": {
            "max": 62.7254,
            "p(50)": 3.5464,
            "p(75)": 4.894125,
            "p(90)": 7.440180000000002,
            "p(95)": 8.7956,
            "p(99)": 24.3488,
            "avg": 4.6497426000000095,
            "min": 1.0502
        },
        "http_req_failed": {
            "passes": 0,
            "fails": 1500,
            "thresholds": {
                "rate<0.02": false
            },
            "value": 0
        },
        "http_req_sending": {
            "min": 0,
            "max": 3.691,
            "p(50)": 0,
            "p(75)": 0,
            "p(90)": 0,
            "p(95)": 0.503505,
            "p(99)": 0.7837089999999994,
            "avg": 0.03966766666666665
        },
        "iteration_duration": {
            "p(75)": 1024.52065,
            "p(90)": 1027.4817,
            "p(95)": 1031.3001,
            "p(99)": 1148.171188,
            "avg": 1026.1733616666663,
            "min": 1015.4017,
            "max": 1149.7119,
            "p(50)": 1021.3001
        },
        "http_req_duration": {
            "max": 62.7254,
            "p(50)": 3.5464,
            "p(75)": 4.894125,
            "p(90)": 7.440180000000002,
            "p(95)": 8.7956,
            "p(99)": 24.3488,
            "avg": 4.6497426000000095,
            "min": 1.0502
        },
        "vus_max": {
            "value": 10,
            "min": 10,
            "max": 10
        },
        "http_reqs": {
            "count": 1500,
            "rate": 48.71440366670329
        },
        "http_req_tls_handshaking": {
            "p(50)": 0,
            "p(75)": 0,
            "p(90)": 0,
            "p(95)": 0,
            "p(99)": 0,
            "avg": 0,
            "min": 0,
            "max": 0
        },
        "http_req_blocked": {
            "max": 14.1999,
            "p(50)": 0,
            "p(75)": 0,
            "p(90)": 0,
            "p(95)": 0,
            "p(99)": 0.5141659999999999,
            "avg": 0.09345346666666669,
            "min": 0
        },
        "http_req_connecting": {
            "p(75)": 0,
            "p(90)": 0,
            "p(95)": 0,
            "p(99)": 0,
            "avg": 0.016682533333333333,
            "min": 0,
            "max": 2.869,
            "p(50)": 0
        },
        "iterations": {
            "count": 300,
            "rate": 9.742880733340657
        }
    }
}