{
    "metrics": {
        "http_req_waiting": {
            "p(75)": 9.204675,
            "p(90)": 11.254820000000018,
            "p(95)": 13.58981,
            "p(99)": 35.753477999999994,
            "avg": 8.003288000000008,
            "min": 2.585,
            "max": 59.3584,
            "p(50)": 6.8574
        },
        "http_req_receiving": {
            "p(75)": 0,
            "p(90)": 0.5075,
            "p(95)": 0.55121,
            "p(99)": 1.4261119999999996,
            "avg": 0.09939691666666665,
            "min": 0,
            "max": 4.5423,
            "p(50)": 0
        },
        "vus_max": {
            "value": 20,
            "min": 20,
            "max": 20
        },
        "checks": {
            "passes": 1200,
            "fails": 0,
            "value": 1
        },
        "vus": {
            "value": 20,
            "min": 20,
            "max": 20
        },
        "http_req_tls_handshaking": {
            "max": 0,
            "p(50)": 0,
            "p(75)": 0,
            "p(90)": 0,
            "p(95)": 0,
            "p(99)": 0,
            "avg": 0,
            "min": 0
        },
        "iteration_duration": {
            "p(99)": 1065.0028,
            "avg": 1018.0681418333329,
            "min": 1009.154,
            "max": 1072.2708,
            "p(50)": 1016.3257,
            "p(75)": 1018.3407,
            "p(90)": 1021.852,
            "p(95)": 1023.8818
        },
        "iterations": {
            "count": 600,
            "rate": 19.64061967294224
        },
        "http_req_duration": {
            "p(50)": 6.9479,
            "p(75)": 9.32735,
            "p(90)": 11.378890000000007,
            "p(95)": 13.7868,
            "p(99)": 35.76906199999998,
            "avg": 8.122698833333352,
            "min": 2.585,
            "max": 59.3584
        },
        "data_sent": {
            "rate": 3594.23340014843,
            "count": 109800
        },
        "http_reqs": {
            "rate": 39.28123934588448,
            "count": 1200
        },
        "http_req_blocked": {
            "avg": 0.13617975000000004,
            "min": 0,
            "max": 14.3371,
            "p(50)": 0,
            "p(75)": 0,
            "p(90)": 0,
            "p(95)": 0,
            "p(99)": 3.4429
        },
        "data_received": {
            "count": 378000,
            "rate": 12373.590393953613
        },
        "http_req_duration{expected_response:true}": {
            "max": 59.3584,
            "p(50)": 6.9479,
            "p(75)": 9.32735,
            "p(90)": 11.378890000000007,
            "p(95)": 13.7868,
            "p(99)": 35.76906199999998,
            "avg": 8.122698833333352,
            "min": 2.585
        },
        "http_req_failed": {
            "passes": 0,
            "fails": 1200,
            "thresholds": {
                "rate<0.01": false
            },
            "value": 0
        },
        "http_req_sending": {
            "min": 0,
            "max": 3.5268,
            "p(50)": 0,
            "p(75)": 0,
            "p(90)": 0,
            "p(95)": 0,
            "p(99)": 0.526937,
            "avg": 0.020013916666666666
        },
        "http_req_connecting": {
            "max": 11.4221,
            "p(50)": 0,
            "p(75)": 0,
            "p(90)": 0,
            "p(95)": 0,
            "p(99)": 1.0518,
            "avg": 0.084926,
            "min": 0
        }
    },
    "root_group": {
        "name": "",
        "path": "",
        "id": "d41d8cd98f00b204e9800998ecf8427e",
        "groups": {},
        "checks": {
                "products list ok": {
                    "path": "::products list ok",
                    "id": "9510a9eed98727c4f6d467383c223a18",
                    "passes": 600,
                    "fails": 0,
                    "name": "products list ok"
                },
                "product ok": {
                    "fails": 0,
                    "name": "product ok",
                    "path": "::product ok",
                    "id": "716e252b0c1f95f7b69e330791590bce",
                    "passes": 600
                }
            }
    }
}