{
    "metrics": {
        "http_req_receiving": {
            "p(95)": 0.54511,
            "p(99)": 0.7870030000000002,
            "avg": 0.09512940476190479,
            "min": 0,
            "max": 2.8541,
            "p(50)": 0,
            "p(75)": 0,
            "p(90)": 0.5079
        },
        "http_req_waiting": {
            "p(95)": 14.2117,
            "p(99)": 37.2246,
            "avg": 7.664459404761897,
            "min": 2.7828,
            "max": 53.0849,
            "p(50)": 6.351,
            "p(75)": 8.4853,
            "p(90)": 10.498240000000004
        },
        "vus_max": {
            "max": 20,
            "value": 20,
            "min": 20
        },
        "http_req_duration{expected_response:true}": {
            "max": 53.0849,
            "p(50)": 6.3965,
            "p(75)": 8.7177,
            "p(90)": 10.995840000000001,
            "p(95)": 14.214269999999997,
            "p(99)": 37.2246,
            "avg": 7.8077549999999905,
            "min": 2.7828
        },
        "vus": {
            "value": 20,
            "min": 20,
            "max": 20
        },
        "http_req_duration": {
            "p(50)": 6.3965,
            "p(75)": 8.7177,
            "p(90)": 10.995840000000001,
            "p(95)": 14.214269999999997,
            "p(99)": 37.2246,
            "avg": 7.8077549999999905,
            "min": 2.7828,
            "max": 53.0849
        },
        "http_req_sending": {
            "avg": 0.04816619047619048,
            "min": 0,
            "max": 2.658,
            "p(50)": 0,
            "p(75)": 0,
            "p(90)": 0,
            "p(95)": 0.5077,
            "p(99)": 1.0127
        },
        "http_req_blocked": {
            "p(50)": 0,
            "p(75)": 0,
            "p(90)": 0,
            "p(95)": 0,
            "p(99)": 11.6729,
            "avg": 0.2848486904761904,
            "min": 0,
            "max": 11.7515
        },
        "http_req_tls_handshaking": {
            "p(90)": 0,
            "p(95)": 0,
            "p(99)": 0,
            "avg": 0,
            "min": 0,
            "max": 0,
            "p(50)": 0,
            "p(75)": 0
        },
        "data_received": {
            "count": 264600,
            "rate": 229.77832307356041
        },
        "http_req_failed": {
            "passes": 0,
            "fails": 840,
            "thresholds": {
                "rate<0.01": false
            },
            "value": 0
        },
        "http_req_connecting": {
            "p(95)": 0,
            "p(99)": 1.1571,
            "avg": 0.02276535714285714,
            "min": 0,
            "max": 1.2357,
            "p(50)": 0,
            "p(75)": 0,
            "p(90)": 0
        },
        "iteration_duration": {
            "p(75)": 1017.74365,
            "p(90)": 1025.49559,
            "p(95)": 1074.0926,
            "p(99)": 1131173.405355,
            "avg": 54834.569949285724,
            "min": 1008.5587,
            "max": 1131176.2358,
            "p(50)": 1015.31845
        },
        "checks": {
            "passes": 840,
            "fails": 0,
            "value": 1
        },
        "http_reqs": {
            "rate": 0.7294549938843188,
            "count": 840
        },
        "iterations": {
            "count": 420,
            "rate": 0.3647274969421594
        },
        "data_sent": {
            "count": 78820,
            "rate": 68.44719359281191
        }
    },
    "root_group": {
        "path": "",
        "id": "d41d8cd98f00b204e9800998ecf8427e",
        "groups": {},
        "checks": {
                "products list ok": {
                    "path": "::products list ok",
                    "id": "9510a9eed98727c4f6d467383c223a18",
                    "passes": 420,
                    "fails": 0,
                    "name": "products list ok"
                },
                "product ok": {
                    "name": "product ok",
                    "path": "::product ok",
                    "id": "716e252b0c1f95f7b69e330791590bce",
                    "passes": 420,
                    "fails": 0
                }
            },
        "name": ""
    }
}