{
    "root_group": {
        "name": "",
        "path": "",
        "id": "d41d8cd98f00b204e9800998ecf8427e",
        "groups": {},
        "checks": {
                "products list ok": {
                    "fails": 0,
                    "name": "products list ok",
                    "path": "::products list ok",
                    "id": "9510a9eed98727c4f6d467383c223a18",
                    "passes": 8019
                },
                "product ok": {
                    "passes": 8019,
                    "fails": 0,
                    "name": "product ok",
                    "path": "::product ok",
                    "id": "716e252b0c1f95f7b69e330791590bce"
                }
            }
    },
    "metrics": {
        "iterations": {
            "count": 8019,
            "rate": 53.17059800027377
        },
        "http_req_blocked": {
            "p(90)": 0,
            "p(95)": 0,
            "p(99)": 0.5267189999999989,
            "avg": 0.013415525626636731,
            "min": 0,
            "max": 6.1825,
            "p(50)": 0,
            "p(75)": 0
        },
        "http_req_sending": {
            "p(99)": 0.5569,
            "avg": 0.020419210624766166,
            "min": 0,
            "max": 3.5962,
            "p(50)": 0,
            "p(75)": 0,
            "p(90)": 0,
            "p(95)": 0
        },
        "http_reqs": {
            "count": 16038,
            "rate": 106.34119600054754
        },
        "http_req_waiting": {
            "p(50)": 6.1987,
            "p(75)": 8.680525,
            "p(90)": 10.567980000000002,
            "p(95)": 11.6442,
            "p(99)": 14.202782999999997,
            "avg": 6.724456110487605,
            "min": 1.5614,
            "max": 55.1257
        },
        "data_sent": {
            "count": 1467477,
            "rate": 9730.2194340501
        },
        "http_req_duration{expected_response:true}": {
            "p(90)": 10.66971,
            "p(95)": 11.802004999999998,
            "p(99)": 14.328315999999989,
            "avg": 6.8213345741364515,
            "min": 1.5614,
            "max": 55.8401,
            "p(50)": 6.27825,
            "p(75)": 8.7885
        },
        "checks": {
            "passes": 16038,
            "fails": 0,
            "value": 1
        },
        "iteration_duration": {
            "min": 1005.2477,
            "max": 1078.3475,
            "p(50)": 1013.8673,
            "p(75)": 1017.33295,
            "p(90)": 1020.8436,
            "p(95)": 1022.83344,
            "p(99)": 1026.86673,
            "avg": 1014.527590210749
        },
        "http_req_connecting": {
            "max": 6.1825,
            "p(50)": 0,
            "p(75)": 0,
            "p(90)": 0,
            "p(95)": 0,
            "p(99)": 0,
            "avg": 0.0058674585359770525,
            "min": 0
        },
        "http_req_tls_handshaking": {
            "p(50)": 0,
            "p(75)": 0,
            "p(90)": 0,
            "p(95)": 0,
            "p(99)": 0,
            "avg": 0,
            "min": 0,
            "max": 0
        },
        "http_req_receiving": {
            "avg": 0.0764592530240676,
            "min": 0,
            "max": 2.7915,
            "p(50)": 0,
            "p(75)": 0,
            "p(90)": 0.5056,
            "p(95)": 0.5282,
            "p(99)": 0.6336
        },
        "http_req_failed": {
            "passes": 0,
            "fails": 16038,
            "thresholds": {
                "rate<0.05": false
            },
            "value": 0
        },
        "http_req_duration": {
            "min": 1.5614,
            "max": 55.8401,
            "p(50)": 6.27825,
            "p(75)": 8.7885,
            "p(90)": 10.66971,
            "p(95)": 11.802004999999998,
            "p(99)": 14.328315999999989,
            "avg": 6.8213345741364515
        },
        "vus_max": {
            "value": 100,
            "min": 100,
            "max": 100
        },
        "vus": {
            "min": 1,
            "max": 100,
            "value": 23
        },
        "data_received": {
            "count": 5051970,
            "rate": 33497.476740172475
        }
    }
}