{
    "root_group": {
        "name": "",
        "path": "",
        "id": "d41d8cd98f00b204e9800998ecf8427e",
        "groups": {},
        "checks": {
                "products list ok": {
                    "fails": 0,
                    "name": "products list ok",
                    "path": "::products list ok",
                    "id": "9510a9eed98727c4f6d467383c223a18",
                    "passes": 8032
                },
                "product ok": {
                    "path": "::product ok",
                    "id": "716e252b0c1f95f7b69e330791590bce",
                    "passes": 8032,
                    "fails": 0,
                    "name": "product ok"
                }
            }
    },
    "metrics": {
        "http_req_receiving": {
            "p(99)": 0.6175959999999991,
            "avg": 0.0718233690239044,
            "min": 0,
            "max": 5.098,
            "p(50)": 0,
            "p(75)": 0,
            "p(90)": 0.5045,
            "p(95)": 0.5212
        },
        "checks": {
            "fails": 0,
            "passes": 16064,
            "value": 1
        },
        "vus_max": {
            "value": 100,
            "min": 100,
            "max": 100
        },
        "http_req_sending": {
            "max": 5.1013,
            "p(50)": 0,
            "p(75)": 0,
            "p(90)": 0,
            "p(95)": 0,
            "p(99)": 0.5307479999999996,
            "avg": 0.017141826444223088,
            "min": 0
        },
        "http_req_duration": {
            "p(90)": 9.58031,
            "p(95)": 10.710729999999995,
            "p(99)": 13.411108999999902,
            "avg": 6.188105098356599,
            "min": 1.5155,
            "max": 72.6116,
            "p(50)": 5.5784,
            "p(75)": 7.7928
        },
        "data_received": {
            "count": 5060160,
            "rate": 33509.32587797629
        },
        "http_req_blocked": {
            "avg": 0.012144920318725107,
            "min": 0,
            "max": 5.5883,
            "p(50)": 0,
            "p(75)": 0,
            "p(90)": 0,
            "p(95)": 0,
            "p(99)": 0.5126109999999997
        },
        "iterations": {
            "count": 8032,
            "rate": 53.18940615551792
        },
        "http_reqs": {
            "count": 16064,
            "rate": 106.37881231103584
        },
        "http_req_waiting": {
            "p(50)": 5.4982,
            "p(75)": 7.7002,
            "p(90)": 9.47942,
            "p(95)": 10.551034999999999,
            "p(99)": 13.305965999999998,
            "avg": 6.099139902888453,
            "min": 1.1463,
            "max": 72.6116
        },
        "vus": {
            "value": 5,
            "min": 1,
            "max": 100
        },
        "data_sent": {
            "count": 1469856,
            "rate": 9733.66132645978
        },
        "http_req_failed": {
            "passes": 0,
            "fails": 16064,
            "thresholds": {
                "rate<0.05": false
            },
            "value": 0
        },
        "http_req_connecting": {
            "min": 0,
            "max": 5.5883,
            "p(50)": 0,
            "p(75)": 0,
            "p(90)": 0,
            "p(95)": 0,
            "p(99)": 0,
            "avg": 0.005612462649402392
        },
        "http_req_tls_handshaking": {
            "p(99)": 0,
            "avg": 0,
            "min": 0,
            "max": 0,
            "p(50)": 0,
            "p(75)": 0,
            "p(90)": 0,
            "p(95)": 0
        },
        "http_req_duration{expected_response:true}": {
            "p(75)": 7.7928,
            "p(90)": 9.58031,
            "p(95)": 10.710729999999995,
            "p(99)": 13.411108999999902,
            "avg": 6.188105098356599,
            "min": 1.5155,
            "max": 72.6116,
            "p(50)": 5.5784
        },
        "iteration_duration": {
            "p(50)": 1012.5528999999999,
            "p(75)": 1015.5015,
            "p(90)": 1018.5428400000001,
            "p(95)": 1020.5094,
            "p(99)": 1025.585992,
            "avg": 1013.2000259213133,
            "min": 1005.2616,
            "max": 1079.5694
        }
    }
}