{
    "root_group": {
        "name": "",
        "path": "",
        "id": "d41d8cd98f00b204e9800998ecf8427e",
        "groups": {},
        "checks": {
                "login ok": {
                    "fails": 0,
                    "name": "login ok",
                    "path": "::login ok",
                    "id": "0ddcda49e3a8b9d6d2e015dafbaafe65",
                    "passes": 300
                },
                "cart add ok": {
                    "fails": 0,
                    "name": "cart add ok",
                    "path": "::cart add ok",
                    "id": "3476b21dcb095c2f01deccc20115d127",
                    "passes": 300
                },
                "cart get ok": {
                    "name": "cart get ok",
                    "path": "::cart get ok",
                    "id": "9d960ca6baf25ee48d3f3c991473fca0",
                    "passes": 300,
                    "fails": 0
                },
                "cart update ok": {
                    "name": "cart update ok",
                    "path": "::cart update ok",
                    "id": "07ee78e8bcccf32bc9963f8d3c17eecf",
                    "passes": 300,
                    "fails": 0
                },
                "cart remove ok": {
                    "name": "cart remove ok",
                    "path": "::cart remove ok",
                    "id": "31001ad0f6cf28a008d3b28f557b05a9",
                    "passes": 300,
                    "fails": 0
                }
            }
    },
    "metrics": {
        "http_req_duration": {
            "avg": 4.612225400000007,
            "min": 1.1289,
            "max": 59.1344,
            "p(50)": 3.4452,
            "p(75)": 5.23305,
            "p(90)": 7.096490000000002,
            "p(95)": 8.1432,
            "p(99)": 23.093984
        },
        "http_req_sending": {
            "avg": 0.024307799999999994,
            "min": 0,
            "max": 2.0928,
            "p(50)": 0,
            "p(75)": 0,
            "p(90)": 0,
            "p(95)": 0,
            "p(99)": 0.555322
        },
        "http_req_receiving": {
            "p(99)": 0.6215390000000001,
            "avg": 0.07426273333333339,
            "min": 0,
            "max": 1.632,
            "p(50)": 0,
            "p(75)": 0,
            "p(90)": 0.5059,
            "p(95)": 0.5243
        },
        "data_sent": {
            "count": 892200,
            "rate": 28977.802558277464
        },
        "iterations": {
            "count": 300,
            "rate": 9.743713032373055
        },
        "http_reqs": {
            "count": 1500,
            "rate": 48.71856516186527
        },
        "http_req_tls_handshaking": {
            "p(99)": 0,
            "avg": 0,
            "min": 0,
            "max": 0,
            "p(50)": 0,
            "p(75)": 0,
            "p(90)": 0,
            "p(95)": 0
        },
        "http_req_blocked": {
            "max": 10.8506,
            "p(50)": 0,
            "p(75)": 0,
            "p(90)": 0,
            "p(95)": 0,
            "p(99)": 0.5133959999999999,
            "avg": 0.06881166666666669,
            "min": 0
        },
        "iteration_duration": {
            "p(99)": 1138.4871,
            "avg": 1026.2583810000003,
            "min": 1014.5164,
            "max": 1140.1571,
            "p(50)": 1021.8573,
            "p(75)": 1025.358,
            "p(90)": 1028.1493,
            "p(95)": 1032.2697
        },
        "http_req_connecting": {
            "p(99)": 0,
            "avg": 0.004614800000000001,
            "min": 0,
            "max": 1.0761,
            "p(50)": 0,
            "p(75)": 0,
            "p(90)": 0,
            "p(95)": 0
        },
        "http_req_waiting": {
            "max": 59.1344,
            "p(50)": 3.4039,
            "p(75)": 5.0957,
            "p(90)": 7.035820000000002,
            "p(95)": 8.1432,
            "p(99)": 22.592561999999994,
            "avg": 4.5136548666666725,
            "min": 1.1289
        },
        "http_req_duration{expected_response:true}": {
            "p(90)": 7.096490000000002,
            "p(95)": 8.1432,
            "p(99)": 23.093984,
            "avg": 4.612225400000007,
            "min": 1.1289,
            "max": 59.1344,
            "p(50)": 3.4452,
            "p(75)": 5.23305
        },
        "vus": {
            "value": 10,
            "min": 10,
            "max": 10
        },
        "checks": {
            "passes": 1500,
            "fails": 0,
            "value": 1
        },
        "data_received": {
            "count": 600600,
            "rate": 19506.913490810854
        },
        "http_req_failed": {
            "passes": 0,
            "fails": 1500,
            "thresholds": {
                "rate<0.02": false
            },
            "value": 0
        },
        "vus_max": {
            "value": 10,
            "min": 10,
            "max": 10
        }
    }
}