{
    "root_group": {
        "name": "",
        "path": "",
        "id": "d41d8cd98f00b204e9800998ecf8427e",
        "groups": {},
        "checks": {
                "login ok": {
                    "passes": 300,
                    "fails": 0,
                    "name": "login ok",
                    "path": "::login ok",
                    "id": "0ddcda49e3a8b9d6d2e015dafbaafe65"
                },
                "cart add ok": {
                    "id": "3476b21dcb095c2f01deccc20115d127",
                    "passes": 300,
                    "fails": 0,
                    "name": "cart add ok",
                    "path": "::cart add ok"
                },
                "cart get ok": {
                    "fails": 0,
                    "name": "cart get ok",
                    "path": "::cart get ok",
                    "id": "9d960ca6baf25ee48d3f3c991473fca0",
                    "passes": 300
                },
                "cart update ok": {
                    "passes": 300,
                    "fails": 0,
                    "name": "cart update ok",
                    "path": "::cart update ok",
                    "id": "07ee78e8bcccf32bc9963f8d3c17eecf"
                },
                "cart remove ok": {
                    "id": "31001ad0f6cf28a008d3b28f557b05a9",
                    "passes": 300,
                    "fails": 0,
                    "name": "cart remove ok",
                    "path": "::cart remove ok"
                }
            }
    },
    "metrics": {
        "data_sent": {
            "count": 892200,
            "rate": 28925.743971139982
        },
        "http_req_sending": {
            "max": 3.0849,
            "p(50)": 0,
            "p(75)": 0,
            "p(90)": 0,
            "p(95)": 0,
            "p(99)": 0.538284,
            "avg": 0.023942599999999994,
            "min": 0
        },
        "http_req_connecting": {
            "max": 0.7174,
            "p(50)": 0,
            "p(75)": 0,
            "p(90)": 0,
            "p(95)": 0,
            "p(99)": 0,
            "avg": 0.004782666666666666,
            "min": 0
        },
        "http_req_receiving": {
            "max": 1.5207,
            "p(50)": 0,
            "p(75)": 0,
            "p(90)": 0.5052,
            "p(95)": 0.5222399999999999,
            "p(99)": 0.7805179999999998,
            "avg": 0.07251453333333334,
            "min": 0
        },
        "data_received": {
            "count": 600600,
            "rate": 19471.869344392147
        },
        "http_req_waiting": {
            "p(95)": 9.2589,
            "p(99)": 25.4113,
            "avg": 4.982649466666672,
            "min": 0.5348,
            "max": 66.1155,
            "p(50)": 3.8479,
            "p(75)": 5.579225,
            "p(90)": 7.7415
        },
        "vus": {
            "value": 10,
            "min": 10,
            "max": 10
        },
        "http_reqs": {
            "count": 1500,
            "rate": 48.631042318661706
        },
        "http_req_failed": {
            "passes": 0,
            "fails": 1500,
            "thresholds": {
                "rate<0.02": false
            },
            "value": 0
        },
        "http_req_duration": {
            "p(95)": 9.4951,
            "p(99)": 25.4113,
            "avg": 5.079106600000006,
            "min": 1.0909,
            "max": 66.1155,
            "p(50)": 3.9843,
            "p(75)": 5.6903,
            "p(90)": 7.8666
        },
        "http_req_blocked": {
            "p(95)": 0,
            "p(99)": 0.5230379999999994,
            "avg": 0.07093720000000002,
            "min": 0,
            "max": 11.0301,
            "p(50)": 0,
            "p(75)": 0,
            "p(90)": 0
        },
        "iterations": {
            "count": 300,
            "rate": 9.726208463732341
        },
        "http_req_tls_handshaking": {
            "p(50)": 0,
            "p(75)": 0,
            "p(90)": 0,
            "p(95)": 0,
            "p(99)": 0,
            "avg": 0,
            "min": 0,
            "max": 0
        },
        "checks": {
            "passes": 1500,
            "fails": 0,
            "value": 1
        },
        "iteration_duration": {
            "p(50)": 1024.2046500000001,
            "p(75)": 1026.85445,
            "p(90)": 1030.03336,
            "p(95)": 1033.9472,
            "p(99)": 1155.1851,
            "avg": 1028.078672333335,
            "min": 1014.8208,
            "max": 1155.1851
        },
        "http_req_duration{expected_response:true}": {
            "p(90)": 7.8666,
            "p(95)": 9.4951,
            "p(99)": 25.4113,
            "avg": 5.079106600000006,
            "min": 1.0909,
            "max": 66.1155,
            "p(50)": 3.9843,
            "p(75)": 5.6903
        },
        "vus_max": {
            "value": 10,
            "min": 10,
            "max": 10
        }
    }
}