{
    "metrics": {
        "http_reqs": {
            "count": 16034,
            "rate": 106.23371403837388
        },
        "http_req_duration": {
            "max": 74.1617,
            "p(50)": 6.1742,
            "p(75)": 8.6024,
            "p(90)": 10.32412,
            "p(95)": 11.511499999999993,
            "p(99)": 14.331710000000001,
            "avg": 6.722500037420534,
            "min": 1.8049
        },
        "http_req_duration{expected_response:true}": {
            "p(75)": 8.6024,
            "p(90)": 10.32412,
            "p(95)": 11.511499999999993,
            "p(99)": 14.331710000000001,
            "avg": 6.722500037420534,
            "min": 1.8049,
            "max": 74.1617,
            "p(50)": 6.1742
        },
        "http_req_connecting": {
            "p(75)": 0,
            "p(90)": 0,
            "p(95)": 0,
            "p(99)": 0,
            "avg": 0.006424398153922913,
            "min": 0,
            "max": 3.513,
            "p(50)": 0
        },
        "data_received": {
            "rate": 33463.61992208777,
            "count": 5050710
        },
        "iteration_duration": {
            "p(95)": 1021.85328,
            "p(99)": 1026.946188,
            "avg": 1014.4341150555113,
            "min": 1005.012,
            "max": 1079.7511,
            "p(50)": 1013.9507,
            "p(75)": 1016.5175,
            "p(90)": 1019.6018
        },
        "http_req_sending": {
            "p(50)": 0,
            "p(75)": 0,
            "p(90)": 0,
            "p(95)": 0,
            "p(99)": 0.5567370000000001,
            "avg": 0.021926718223774476,
            "min": 0,
            "max": 5.9417
        },
        "http_req_tls_handshaking": {
            "p(50)": 0,
            "p(75)": 0,
            "p(90)": 0,
            "p(95)": 0,
            "p(99)": 0,
            "avg": 0,
            "min": 0,
            "max": 0
        },
        "vus": {
            "value": 21,
            "min": 1,
            "max": 100
        },
        "http_req_blocked": {
            "p(75)": 0,
            "p(90)": 0,
            "p(95)": 0,
            "p(99)": 0.522001,
            "avg": 0.01418529998752652,
            "min": 0,
            "max": 5.0741,
            "p(50)": 0
        },
        "http_req_waiting": {
            "min": 1.7656,
            "max": 73.6487,
            "p(50)": 6.075749999999999,
            "p(75)": 8.472975,
            "p(90)": 10.22388,
            "p(95)": 11.331114999999999,
            "p(99)": 14.1956,
            "avg": 6.625434882125521
        },
        "http_req_failed": {
            "passes": 0,
            "fails": 16034,
            "thresholds": {
                "rate<0.05": false
            },
            "value": 0
        },
        "http_req_receiving": {
            "min": 0,
            "max": 3.4797,
            "p(50)": 0,
            "p(75)": 0,
            "p(90)": 0.5049,
            "p(95)": 0.5286,
            "p(99)": 0.680235,
            "avg": 0.07513843707122368
        },
        "iterations": {
            "count": 8017,
            "rate": 53.11685701918694
        },
        "vus_max": {
            "value": 100,
            "min": 100,
            "max": 100
        },
        "data_sent": {
            "count": 1467111,
            "rate": 9720.38483451121
        },
        "checks": {
            "passes": 16034,
            "fails": 0,
            "value": 1
        }
    },
    "root_group": {
        "name": "",
        "path": "",
        "id": "d41d8cd98f00b204e9800998ecf8427e",
        "groups": {},
        "checks": {
                "products list ok": {
                    "path": "::products list ok",
                    "id": "9510a9eed98727c4f6d467383c223a18",
                    "passes": 8017,
                    "fails": 0,
                    "name": "products list ok"
                },
                "product ok": {
                    "name": "product ok",
                    "path": "::product ok",
                    "id": "716e252b0c1f95f7b69e330791590bce",
                    "passes": 8017,
                    "fails": 0
                }
            }
    }
}