{
    "metrics": {
        "http_req_connecting": {
            "min": 0,
            "max": 1.1853,
            "p(50)": 0,
            "p(75)": 0,
            "p(90)": 0,
            "p(95)": 0,
            "p(99)": 0,
            "avg": 0.005357733333333333
        },
        "vus": {
            "value": 10,
            "min": 10,
            "max": 10
        },
        "http_req_duration{expected_response:true}": {
            "p(99)": 33.34881099999999,
            "avg": 5.319831066666659,
            "min": 0.9169,
            "max": 56.0953,
            "p(50)": 3.8403,
            "p(75)": 5.913425,
            "p(90)": 8.3419,
            "p(95)": 10.2367
        },
        "http_req_waiting": {
            "min": 0.9169,
            "max": 56.0953,
            "p(50)": 3.7545,
            "p(75)": 5.73385,
            "p(90)": 8.034990000000011,
            "p(95)": 9.570855,
            "p(99)": 32.801773999999995,
            "avg": 5.193510666666663
        },
        "http_req_failed": {
            "passes": 0,
            "fails": 1500,
            "thresholds": {
                "rate<0.02": false
            },
            "value": 0
        },
        "http_req_tls_handshaking": {
            "avg": 0,
            "min": 0,
            "max": 0,
            "p(50)": 0,
            "p(75)": 0,
            "p(90)": 0,
            "p(95)": 0,
            "p(99)": 0
        },
        "checks": {
            "passes": 1500,
            "fails": 0,
            "value": 1
        },
        "data_sent": {
            "count": 892200,
            "rate": 28875.705474069953
        },
        "http_req_blocked": {
            "max": 10.7959,
            "p(50)": 0,
            "p(75)": 0,
            "p(90)": 0,
            "p(95)": 0,
            "p(99)": 0.663752999999999,
            "avg": 0.07934366666666666,
            "min": 0
        },
        "iteration_duration": {
            "max": 1155.4951,
            "p(50)": 1024.50725,
            "p(75)": 1027.8153,
            "p(90)": 1031.5215,
            "p(95)": 1049.6503050000001,
            "p(99)": 1155.4951,
            "avg": 1029.764570333333,
            "min": 1016.9824
        },
        "http_reqs": {
            "rate": 48.546915726412166,
            "count": 1500
        },
        "vus_max": {
            "value": 10,
            "min": 10,
            "max": 10
        },
        "iterations": {
            "count": 300,
            "rate": 9.709383145282432
        },
        "http_req_duration": {
            "p(90)": 8.3419,
            "p(95)": 10.2367,
            "p(99)": 33.34881099999999,
            "avg": 5.319831066666659,
            "min": 0.9169,
            "max": 56.0953,
            "p(50)": 3.8403,
            "p(75)": 5.913425
        },
        "http_req_sending": {
            "avg": 0.048312466666666644,
            "min": 0,
            "max": 5.0783,
            "p(50)": 0,
            "p(75)": 0,
            "p(90)": 0,
            "p(95)": 0.4217249999999961,
            "p(99)": 1.4255009999999992
        },
        "http_req_receiving": {
            "min": 0,
            "max": 4.8998,
            "p(50)": 0,
            "p(75)": 0,
            "p(90)": 0.50421,
            "p(95)": 0.5125,
            "p(99)": 0.9295249999999999,
            "avg": 0.07800793333333333
        },
        "data_received": {
            "count": 600600,
            "rate": 19438.18505685543
        }
    },
    "root_group": {
        "checks": {
            "login ok": {
                "name": "login ok",
                "path": "::login ok",
                "id": "0ddcda49e3a8b9d6d2e015dafbaafe65",
                "passes": 300,
                "fails": 0
            },
            "cart add ok": {
                "name": "cart add ok",
                "path": "::cart add ok",
                "id": "3476b21dcb095c2f01deccc20115d127",
                "passes": 300,
                "fails": 0
            },
            "cart get ok": {
                "fails": 0,
                "name": "cart get ok",
                "path": "::cart get ok",
                "id": "9d960ca6baf25ee48d3f3c991473fca0",
                "passes": 300
            },
            "cart update ok": {
                "passes": 300,
                "fails": 0,
                "name": "cart update ok",
                "path": "::cart update ok",
                "id": "07ee78e8bcccf32bc9963f8d3c17eecf"
            },
            "cart remove ok": {
                "passes": 300,
                "fails": 0,
                "name": "cart remove ok",
                "path": "::cart remove ok",
                "id": "31001ad0f6cf28a008d3b28f557b05a9"
            }
        },
        "name": "",
        "path": "",
        "id": "d41d8cd98f00b204e9800998ecf8427e",
        "groups": {}
    }
}