{
    "root_group": {
        "name": "",
        "path": "",
        "id": "d41d8cd98f00b204e9800998ecf8427e",
        "groups": {},
        "checks": {
                "products list ok": {
                    "passes": 600,
                    "fails": 0,
                    "name": "products list ok",
                    "path": "::products list ok",
                    "id": "9510a9eed98727c4f6d467383c223a18"
                },
                "product ok": {
                    "name": "product ok",
                    "path": "::product ok",
                    "id": "716e252b0c1f95f7b69e330791590bce",
                    "passes": 600,
                    "fails": 0
                }
            }
    },
    "metrics": {
        "http_req_tls_handshaking": {
            "p(50)": 0,
            "p(75)": 0,
            "p(90)": 0,
            "p(95)": 0,
            "p(99)": 0,
            "avg": 0,
            "min": 0,
            "max": 0
        },
        "http_req_blocked": {
            "p(90)": 0,
            "p(95)": 0,
            "p(99)": 9.4654,
            "avg": 0.21977400000000002,
            "min": 0,
            "max": 48.5519,
            "p(50)": 0,
            "p(75)": 0
        },
        "vus_max": {
            "value": 20,
            "min": 20,
            "max": 20
        },
        "checks": {
            "passes": 1200,
            "fails": 0,
            "value": 1
        },
        "http_req_duration{expected_response:true}": {
            "avg": 7.812440916666661,
            "min": 2.7396,
            "max": 46.1942,
            "p(50)": 6.7269,
            "p(75)": 9.198825,
            "p(90)": 11.418180000000012,
            "p(95)": 12.880334999999997,
            "p(99)": 38.4311
        },
        "http_req_sending": {
            "p(90)": 0,
            "p(95)": 0.49311999999999945,
            "p(99)": 1.0122229999999999,
            "avg": 0.040837416666666675,
            "min": 0,
            "max": 3.3198,
            "p(50)": 0,
            "p(75)": 0
        },
        "vus": {
            "value": 20,
            "min": 20,
            "max": 20
        },
        "data_received": {
            "count": 378000,
            "rate": 12382.038237974639
        },
        "http_req_connecting": {
            "min": 0,
            "max": 39.2842,
            "p(50)": 0,
            "p(75)": 0,
            "p(90)": 0,
            "p(95)": 0,
            "p(99)": 0.524509,
            "avg": 0.07220433333333333
        },
        "iteration_duration": {
            "p(90)": 1020.0727099999999,
            "p(95)": 1022.3700200000001,
            "p(99)": 1067.415213,
            "avg": 1017.4548666666653,
            "min": 1008.8497,
            "max": 1077.7038,
            "p(50)": 1015.6262,
            "p(75)": 1017.4081
        },
        "data_sent": {
            "count": 109800,
            "rate": 3596.687297697395
        },
        "http_reqs": {
            "count": 1200,
            "rate": 39.30805789833219
        },
        "http_req_failed": {
            "passes": 0,
            "fails": 1200,
            "thresholds": {
                "rate<0.01": false
            },
            "value": 0
        },
        "iterations": {
            "count": 600,
            "rate": 19.654028949166094
        },
        "http_req_duration": {
            "max": 46.1942,
            "p(50)": 6.7269,
            "p(75)": 9.198825,
            "p(90)": 11.418180000000012,
            "p(95)": 12.880334999999997,
            "p(99)": 38.4311,
            "avg": 7.812440916666661,
            "min": 2.7396
        },
        "http_req_waiting": {
            "p(75)": 9.0548,
            "p(90)": 11.028940000000018,
            "p(95)": 12.703324999999996,
            "p(99)": 33.205718999999995,
            "avg": 7.660320499999981,
            "min": 2.7396,
            "max": 46.0584,
            "p(50)": 6.57305
        },
        "http_req_receiving": {
            "p(50)": 0,
            "p(75)": 0,
            "p(90)": 0.5084,
            "p(95)": 0.5441,
            "p(99)": 1.0873979999999992,
            "avg": 0.11128299999999997,
            "min": 0,
            "max": 6.7314
        }
    }
}