{
    "metrics": {
        "http_req_waiting": {
            "p(95)": 9.404509999999997,
            "p(99)": 11.576424,
            "avg": 5.617842369927823,
            "min": 1.8422,
            "max": 54.8337,
            "p(50)": 5.1842500000000005,
            "p(75)": 6.811999999999999,
            "p(90)": 8.403020000000001
        },
        "http_req_failed": {
            "passes": 0,
            "fails": 16068,
            "thresholds": {
                "rate<0.05": false
            },
            "value": 0
        },
        "http_req_connecting": {
            "min": 0,
            "max": 4.4233,
            "p(50)": 0,
            "p(75)": 0,
            "p(90)": 0,
            "p(95)": 0,
            "p(99)": 0,
            "avg": 0.007031067961165048
        },
        "data_received": {
            "count": 5061420,
            "rate": 33526.11657369649
        },
        "checks": {
            "fails": 0,
            "passes": 16068,
            "value": 1
        },
        "data_sent": {
            "count": 1470222,
            "rate": 9738.538623788027
        },
        "http_req_receiving": {
            "p(75)": 0,
            "p(90)": 0.5062,
            "p(95)": 0.5297649999999999,
            "p(99)": 0.605432,
            "avg": 0.07286259024147376,
            "min": 0,
            "max": 6.8511,
            "p(50)": 0
        },
        "iteration_duration": {
            "p(90)": 1016.7177,
            "p(95)": 1018.657345,
            "p(99)": 1024.7426,
            "avg": 1012.4343840054761,
            "min": 1005.3001,
            "max": 1086.5311,
            "p(50)": 1011.68405,
            "p(75)": 1013.9645
        },
        "vus": {
            "value": 23,
            "min": 1,
            "max": 100
        },
        "http_reqs": {
            "count": 16068,
            "rate": 106.43211610697298
        },
        "http_req_blocked": {
            "p(95)": 0,
            "p(99)": 0.5249609999999999,
            "avg": 0.013526350510331093,
            "min": 0,
            "max": 5.0753,
            "p(50)": 0,
            "p(75)": 0,
            "p(90)": 0
        },
        "http_req_tls_handshaking": {
            "p(75)": 0,
            "p(90)": 0,
            "p(95)": 0,
            "p(99)": 0,
            "avg": 0,
            "min": 0,
            "max": 0,
            "p(50)": 0
        },
        "http_req_duration{expected_response:true}": {
            "p(99)": 11.735133,
            "avg": 5.708565646004502,
            "min": 1.8726,
            "max": 54.8337,
            "p(50)": 5.2771,
            "p(75)": 6.8961250000000005,
            "p(90)": 8.515020000000002,
            "p(95)": 9.553815
        },
        "vus_max": {
            "min": 100,
            "max": 100,
            "value": 100
        },
        "http_req_duration": {
            "max": 54.8337,
            "p(50)": 5.2771,
            "p(75)": 6.8961250000000005,
            "p(90)": 8.515020000000002,
            "p(95)": 9.553815,
            "p(99)": 11.735133,
            "avg": 5.708565646004502,
            "min": 1.8726
        },
        "http_req_sending": {
            "p(99)": 0.536166,
            "avg": 0.017860685835200382,
            "min": 0,
            "max": 7.3207,
            "p(50)": 0,
            "p(75)": 0,
            "p(90)": 0,
            "p(95)": 0
        },
        "iterations": {
            "count": 8034,
            "rate": 53.21605805348649
        }
    },
    "root_group": {
        "path": "",
        "id": "d41d8cd98f00b204e9800998ecf8427e",
        "groups": {},
        "checks": {
                "products list ok": {
                    "name": "products list ok",
                    "path": "::products list ok",
                    "id": "9510a9eed98727c4f6d467383c223a18",
                    "passes": 8034,
                    "fails": 0
                },
                "product ok": {
                    "name": "product ok",
                    "path": "::product ok",
                    "id": "716e252b0c1f95f7b69e330791590bce",
                    "passes": 8034,
                    "fails": 0
                }
            },
        "name": ""
    }
}