{
    "metrics": {
        "http_req_blocked": {
            "p(95)": 0,
            "p(99)": 0.5099959999999999,
            "avg": 0.011766677049588833,
            "min": 0,
            "max": 7.5347,
            "p(50)": 0,
            "p(75)": 0,
            "p(90)": 0
        },
        "iterations": {
            "count": 8026,
            "rate": 53.18604022543056
        },
        "http_req_receiving": {
            "p(95)": 0.5239449999999999,
            "p(99)": 0.6301429999999998,
            "avg": 0.07401122601544977,
            "min": 0,
            "max": 4.1265,
            "p(50)": 0,
            "p(75)": 0,
            "p(90)": 0.505
        },
        "iteration_duration": {
            "p(90)": 1019.2698499999999,
            "p(95)": 1021.8172999999999,
            "p(99)": 1028.1634999999999,
            "avg": 1013.5853679167781,
            "min": 1004.0094,
            "max": 1061.0966,
            "p(50)": 1012.9828,
            "p(75)": 1015.77825
        },
        "vus": {
            "min": 1,
            "max": 100,
            "value": 23
        },
        "http_req_waiting": {
            "p(75)": 7.8541,
            "p(90)": 9.8261,
            "p(95)": 11.092584999999998,
            "p(99)": 14.3691,
            "avg": 6.2072746511338295,
            "min": 1.2358,
            "max": 52.131,
            "p(50)": 5.4559
        },
        "http_req_duration": {
            "p(90)": 9.949929999999998,
            "p(95)": 11.247259999999999,
            "p(99)": 14.459415999999994,
            "avg": 6.298531404186425,
            "min": 1.2358,
            "max": 53.5056,
            "p(50)": 5.5415,
            "p(75)": 7.9621
        },
        "checks": {
            "passes": 16052,
            "fails": 0,
            "value": 1
        },
        "http_req_tls_handshaking": {
            "p(90)": 0,
            "p(95)": 0,
            "p(99)": 0,
            "avg": 0,
            "min": 0,
            "max": 0,
            "p(50)": 0,
            "p(75)": 0
        },
        "data_sent": {
            "count": 1468758,
            "rate": 9733.045361253791
        },
        "http_req_failed": {
            "passes": 0,
            "fails": 16052,
            "thresholds": {
                "rate<0.05": false
            },
            "value": 0
        },
        "http_reqs": {
            "count": 16052,
            "rate": 106.37208045086112
        },
        "data_received": {
            "count": 5056380,
            "rate": 33507.205342021254
        },
        "http_req_connecting": {
            "p(95)": 0,
            "p(99)": 0,
            "avg": 0.004966259656117617,
            "min": 0,
            "max": 3.0132,
            "p(50)": 0,
            "p(75)": 0,
            "p(90)": 0
        },
        "vus_max": {
            "min": 100,
            "max": 100,
            "value": 100
        },
        "http_req_duration{expected_response:true}": {
            "min": 1.2358,
            "max": 53.5056,
            "p(50)": 5.5415,
            "p(75)": 7.9621,
            "p(90)": 9.949929999999998,
            "p(95)": 11.247259999999999,
            "p(99)": 14.459415999999994,
            "avg": 6.298531404186425
        },
        "http_req_sending": {
            "max": 6.2174,
            "p(50)": 0,
            "p(75)": 0,
            "p(90)": 0,
            "p(95)": 0,
            "p(99)": 0.5339,
            "avg": 0.017245527037129317,
            "min": 0
        }
    },
    "root_group": {
        "name": "",
        "path": "",
        "id": "d41d8cd98f00b204e9800998ecf8427e",
        "groups": {},
        "checks": {
                "products list ok": {
                    "name": "products list ok",
                    "path": "::products list ok",
                    "id": "9510a9eed98727c4f6d467383c223a18",
                    "passes": 8026,
                    "fails": 0
                },
                "product ok": {
                    "name": "product ok",
                    "path": "::product ok",
                    "id": "716e252b0c1f95f7b69e330791590bce",
                    "passes": 8026,
                    "fails": 0
                }
            }
    }
}