{
    "root_group": {
        "id": "d41d8cd98f00b204e9800998ecf8427e",
        "groups": {},
        "checks": {
                "products list ok": {
                    "passes": 8027,
                    "fails": 0,
                    "name": "products list ok",
                    "path": "::products list ok",
                    "id": "9510a9eed98727c4f6d467383c223a18"
                },
                "product ok": {
                    "passes": 8027,
                    "fails": 0,
                    "name": "product ok",
                    "path": "::product ok",
                    "id": "716e252b0c1f95f7b69e330791590bce"
                }
            },
        "name": "",
        "path": ""
    },
    "metrics": {
        "vus": {
            "value": 4,
            "min": 1,
            "max": 100
        },
        "checks": {
            "passes": 16054,
            "fails": 0,
            "value": 1
        },
        "vus_max": {
            "min": 100,
            "max": 100,
            "value": 100
        },
        "data_sent": {
            "count": 1468941,
            "rate": 9727.476398974286
        },
        "iterations": {
            "count": 8027,
            "rate": 53.15560873756441
        },
        "http_req_connecting": {
            "p(99)": 0,
            "avg": 0.005361374112370748,
            "min": 0,
            "max": 2.5009,
            "p(50)": 0,
            "p(75)": 0,
            "p(90)": 0,
            "p(95)": 0
        },
        "data_received": {
            "count": 5057010,
            "rate": 33488.033504665575
        },
        "http_req_waiting": {
            "p(90)": 10.168220000000005,
            "p(95)": 11.367909999999998,
            "p(99)": 14.8165,
            "avg": 6.477353793447083,
            "min": 1.5694,
            "max": 52.9132,
            "p(50)": 5.8373,
            "p(75)": 8.3459
        },
        "http_req_blocked": {
            "avg": 0.014158228478883782,
            "min": 0,
            "max": 6.0851,
            "p(50)": 0,
            "p(75)": 0,
            "p(90)": 0,
            "p(95)": 0,
            "p(99)": 0.5224879999999997
        },
        "http_req_sending": {
            "max": 5.7576,
            "p(50)": 0,
            "p(75)": 0,
            "p(90)": 0,
            "p(95)": 0,
            "p(99)": 0.5598109999999992,
            "avg": 0.021549071882396905,
            "min": 0
        },
        "http_req_duration{expected_response:true}": {
            "p(95)": 11.51606499999999,
            "p(99)": 14.9608,
            "avg": 6.5713395540052115,
            "min": 1.5694,
            "max": 53.0326,
            "p(50)": 5.94055,
            "p(75)": 8.444575,
            "p(90)": 10.281950000000002
        },
        "http_req_tls_handshaking": {
            "avg": 0,
            "min": 0,
            "max": 0,
            "p(50)": 0,
            "p(75)": 0,
            "p(90)": 0,
            "p(95)": 0,
            "p(99)": 0
        },
        "http_reqs": {
            "count": 16054,
            "rate": 106.31121747512881
        },
        "iteration_duration": {
            "avg": 1014.1381491092599,
            "min": 1004.7849,
            "max": 1060.6196,
            "p(50)": 1013.5412,
            "p(75)": 1016.6124,
            "p(90)": 1019.9378800000001,
            "p(95)": 1022.16952,
            "p(99)": 1028.22062
        },
        "http_req_duration": {
            "avg": 6.5713395540052115,
            "min": 1.5694,
            "max": 53.0326,
            "p(50)": 5.94055,
            "p(75)": 8.444575,
            "p(90)": 10.281950000000002,
            "p(95)": 11.51606499999999,
            "p(99)": 14.9608
        },
        "http_req_failed": {
            "passes": 0,
            "fails": 16054,
            "thresholds": {
                "rate<0.05": false
            },
            "value": 0
        },
        "http_req_receiving": {
            "p(90)": 0.5046,
            "p(95)": 0.5251349999999999,
            "p(99)": 0.6304579999999991,
            "avg": 0.07243668867571942,
            "min": 0,
            "max": 2.6952,
            "p(50)": 0,
            "p(75)": 0
        }
    }
}