{
    "metrics": {
        "checks": {
            "passes": 1200,
            "fails": 0,
            "value": 1
        },
        "http_req_duration": {
            "p(99)": 37.65171599999999,
            "avg": 8.665694999999982,
            "min": 2.9427,
            "max": 50.661,
            "p(50)": 6.55685,
            "p(75)": 9.03305,
            "p(90)": 13.0163,
            "p(95)": 23.996419999999997
        },
        "http_req_connecting": {
            "p(95)": 0,
            "p(99)": 1.326,
            "avg": 0.02252033333333334,
            "min": 0,
            "max": 1.8304,
            "p(50)": 0,
            "p(75)": 0,
            "p(90)": 0
        },
        "data_received": {
            "count": 378000,
            "rate": 12362.184454505954
        },
        "http_req_duration{expected_response:true}": {
            "p(75)": 9.03305,
            "p(90)": 13.0163,
            "p(95)": 23.996419999999997,
            "p(99)": 37.65171599999999,
            "avg": 8.665694999999982,
            "min": 2.9427,
            "max": 50.661,
            "p(50)": 6.55685
        },
        "http_req_receiving": {
            "p(90)": 0.5067,
            "p(95)": 0.53,
            "p(99)": 0.879799,
            "avg": 0.08130733333333338,
            "min": 0,
            "max": 2.7816,
            "p(50)": 0,
            "p(75)": 0
        },
        "http_req_sending": {
            "p(75)": 0,
            "p(90)": 0,
            "p(95)": 0.27909499999999937,
            "p(99)": 0.6396529999999996,
            "avg": 0.03752458333333334,
            "min": 0,
            "max": 5.1693,
            "p(50)": 0
        },
        "http_req_waiting": {
            "min": 2.4366,
            "max": 50.661,
            "p(50)": 6.4322,
            "p(75)": 8.8535,
            "p(90)": 12.51877000000001,
            "p(95)": 23.475869999999983,
            "p(99)": 37.07682299999999,
            "avg": 8.546863083333319
        },
        "iteration_duration": {
            "p(50)": 1015.74325,
            "p(75)": 1018.908925,
            "p(90)": 1031.6305,
            "p(95)": 1037.7063,
            "p(99)": 1063.591075,
            "avg": 1019.151894,
            "min": 1009.073,
            "max": 1071.5635
        },
        "vus": {
            "value": 20,
            "min": 20,
            "max": 20
        },
        "data_sent": {
            "count": 109800,
            "rate": 3590.9202463088727
        },
        "http_reqs": {
            "count": 1200,
            "rate": 39.24503001430462
        },
        "vus_max": {
            "max": 20,
            "value": 20,
            "min": 20
        },
        "http_req_tls_handshaking": {
            "p(50)": 0,
            "p(75)": 0,
            "p(90)": 0,
            "p(95)": 0,
            "p(99)": 0,
            "avg": 0,
            "min": 0,
            "max": 0
        },
        "http_req_failed": {
            "passes": 0,
            "fails": 1200,
            "thresholds": {
                "rate<0.01": false
            },
            "value": 0
        },
        "http_req_blocked": {
            "p(95)": 0,
            "p(99)": 10.7512,
            "avg": 0.2012062500000001,
            "min": 0,
            "max": 11.2556,
            "p(50)": 0,
            "p(75)": 0,
            "p(90)": 0
        },
        "iterations": {
            "count": 600,
            "rate": 19.62251500715231
        }
    },
    "root_group": {
        "name": "",
        "path": "",
        "id": "d41d8cd98f00b204e9800998ecf8427e",
        "groups": {},
        "checks": {
                "products list ok": {
                    "name": "products list ok",
                    "path": "::products list ok",
                    "id": "9510a9eed98727c4f6d467383c223a18",
                    "passes": 600,
                    "fails": 0
                },
                "product ok": {
                    "fails": 0,
                    "name": "product ok",
                    "path": "::product ok",
                    "id": "716e252b0c1f95f7b69e330791590bce",
                    "passes": 600
                }
            }
    }
}