{
    "metrics": {
        "http_reqs": {
            "rate": 39.33316144523264,
            "count": 1200
        },
        "checks": {
            "passes": 1200,
            "fails": 0,
            "value": 1
        },
        "http_req_tls_handshaking": {
            "p(90)": 0,
            "p(95)": 0,
            "p(99)": 0,
            "avg": 0,
            "min": 0,
            "max": 0,
            "p(50)": 0,
            "p(75)": 0
        },
        "http_req_failed": {
            "passes": 0,
            "fails": 1200,
            "thresholds": {
                "rate<0.01": false
            },
            "value": 0
        },
        "http_req_sending": {
            "p(75)": 0,
            "p(90)": 0,
            "p(95)": 0.4307499999999993,
            "p(99)": 0.9800489999999998,
            "avg": 0.04147125,
            "min": 0,
            "max": 6.0383,
            "p(50)": 0
        },
        "http_req_connecting": {
            "p(90)": 0,
            "p(95)": 0,
            "p(99)": 1.0397,
            "avg": 0.018785750000000004,
            "min": 0,
            "max": 2.303,
            "p(50)": 0,
            "p(75)": 0
        },
        "http_req_blocked": {
            "avg": 0.17361058333333332,
            "min": 0,
            "max": 11.7527,
            "p(50)": 0,
            "p(75)": 0,
            "p(90)": 0,
            "p(95)": 0,
            "p(99)": 9.4529
        },
        "iteration_duration": {
            "p(75)": 1016.55675,
            "p(90)": 1018.6228699999999,
            "p(95)": 1021.347655,
            "p(99)": 1067.718754,
            "avg": 1016.7022863333328,
            "min": 1009.8482,
            "max": 1072.2025,
            "p(50)": 1014.84795
        },
        "data_received": {
            "count": 378000,
            "rate": 12389.945855248281
        },
        "data_sent": {
            "count": 109800,
            "rate": 3598.9842722387866
        },
        "iterations": {
            "count": 600,
            "rate": 19.66658072261632
        },
        "http_req_duration{expected_response:true}": {
            "p(50)": 6.3637999999999995,
            "p(75)": 8.7126,
            "p(90)": 10.191,
            "p(95)": 11.523209999999997,
            "p(99)": 33.358039999999995,
            "avg": 7.432854666666675,
            "min": 3.0021,
            "max": 55.1681
        },
        "http_req_duration": {
            "max": 55.1681,
            "p(50)": 6.3637999999999995,
            "p(75)": 8.7126,
            "p(90)": 10.191,
            "p(95)": 11.523209999999997,
            "p(99)": 33.358039999999995,
            "avg": 7.432854666666675,
            "min": 3.0021
        },
        "http_req_waiting": {
            "min": 2.2589,
            "max": 55.1681,
            "p(50)": 6.2543,
            "p(75)": 8.5258,
            "p(90)": 10.11091,
            "p(95)": 11.3783,
            "p(99)": 33.212411,
            "avg": 7.298347500000005
        },
        "vus": {
            "value": 20,
            "min": 20,
            "max": 20
        },
        "vus_max": {
            "value": 20,
            "min": 20,
            "max": 20
        },
        "http_req_receiving": {
            "avg": 0.09303591666666662,
            "min": 0,
            "max": 1.7895,
            "p(50)": 0,
            "p(75)": 0,
            "p(90)": 0.5075,
            "p(95)": 0.553465,
            "p(99)": 1.060064
        }
    },
    "root_group": {
        "name": "",
        "path": "",
        "id": "d41d8cd98f00b204e9800998ecf8427e",
        "groups": {},
        "checks": {
                "products list ok": {
                    "path": "::products list ok",
                    "id": "9510a9eed98727c4f6d467383c223a18",
                    "passes": 600,
                    "fails": 0,
                    "name": "products list ok"
                },
                "product ok": {
                    "passes": 600,
                    "fails": 0,
                    "name": "product ok",
                    "path": "::product ok",
                    "id": "716e252b0c1f95f7b69e330791590bce"
                }
            }
    }
}