{
    "metrics": {
        "data_sent": {
            "count": 1468575,
            "rate": 9736.729379365464
        },
        "http_req_failed": {
            "fails": 16050,
            "passes": 0,
            "thresholds": {
                "rate<0.05": false
            },
            "value": 0
        },
        "iteration_duration": {
            "p(99)": 1026.179464,
            "avg": 1013.7258165233611,
            "min": 1005.0717,
            "max": 1077.4848,
            "p(50)": 1013.2794,
            "p(75)": 1015.9581,
            "p(90)": 1019.2265,
            "p(95)": 1021.11042
        },
        "http_req_duration": {
            "avg": 6.390944623053014,
            "min": 1.2419,
            "max": 51.3468,
            "p(50)": 5.6688,
            "p(75)": 8.21425,
            "p(90)": 10.066900000000002,
            "p(95)": 11.1275,
            "p(99)": 13.7946
        },
        "http_req_duration{expected_response:true}": {
            "p(90)": 10.066900000000002,
            "p(95)": 11.1275,
            "p(99)": 13.7946,
            "avg": 6.390944623053014,
            "min": 1.2419,
            "max": 51.3468,
            "p(50)": 5.6688,
            "p(75)": 8.21425
        },
        "checks": {
            "passes": 16050,
            "fails": 0,
            "value": 1
        },
        "http_req_sending": {
            "p(95)": 0,
            "p(99)": 0.5421040000000001,
            "avg": 0.019943246105918987,
            "min": 0,
            "max": 3.9612,
            "p(50)": 0,
            "p(75)": 0,
            "p(90)": 0
        },
        "http_req_tls_handshaking": {
            "min": 0,
            "max": 0,
            "p(50)": 0,
            "p(75)": 0,
            "p(90)": 0,
            "p(95)": 0,
            "p(99)": 0,
            "avg": 0
        },
        "data_received": {
            "count": 5055750,
            "rate": 33519.88802732373
        },
        "iterations": {
            "count": 8025,
            "rate": 53.20617147194243
        },
        "http_req_waiting": {
            "p(99)": 13.560342000000025,
            "avg": 6.301177302180747,
            "min": 1.2419,
            "max": 50.8397,
            "p(50)": 5.5853,
            "p(75)": 8.086274999999999,
            "p(90)": 9.9203,
            "p(95)": 11.0507
        },
        "vus": {
            "value": 23,
            "min": 1,
            "max": 100
        },
        "http_req_connecting": {
            "avg": 0.005238672897196263,
            "min": 0,
            "max": 2.5653,
            "p(50)": 0,
            "p(75)": 0,
            "p(90)": 0,
            "p(95)": 0,
            "p(99)": 0
        },
        "http_req_receiving": {
            "avg": 0.06982407476635519,
            "min": 0,
            "max": 2.3241,
            "p(50)": 0,
            "p(75)": 0,
            "p(90)": 0.5044,
            "p(95)": 0.5215,
            "p(99)": 0.646451
        },
        "http_req_blocked": {
            "p(95)": 0,
            "p(99)": 0.5149530000000001,
            "avg": 0.011518996884735212,
            "min": 0,
            "max": 2.5653,
            "p(50)": 0,
            "p(75)": 0,
            "p(90)": 0
        },
        "vus_max": {
            "value": 100,
            "min": 100,
            "max": 100
        },
        "http_reqs": {
            "count": 16050,
            "rate": 106.41234294388487
        }
    },
    "root_group": {
        "name": "",
        "path": "",
        "id": "d41d8cd98f00b204e9800998ecf8427e",
        "groups": {},
        "checks": {
                "products list ok": {
                    "name": "products list ok",
                    "path": "::products list ok",
                    "id": "9510a9eed98727c4f6d467383c223a18",
                    "passes": 8025,
                    "fails": 0
                },
                "product ok": {
                    "name": "product ok",
                    "path": "::product ok",
                    "id": "716e252b0c1f95f7b69e330791590bce",
                    "passes": 8025,
                    "fails": 0
                }
            }
    }
}