{
    "metrics": {
        "data_received": {
            "count": 600600,
            "rate": 19431.396759761206
        },
        "http_req_duration{expected_response:true}": {
            "max": 58.6181,
            "p(50)": 4.24015,
            "p(75)": 6.4003,
            "p(90)": 8.82568,
            "p(95)": 10.244594999999999,
            "p(99)": 25.2728,
            "avg": 5.451738666666657,
            "min": 1.2952
        },
        "http_req_blocked": {
            "p(95)": 0,
            "p(99)": 0.504916,
            "avg": 0.0766842666666667,
            "min": 0,
            "max": 11.4971,
            "p(50)": 0,
            "p(75)": 0,
            "p(90)": 0
        },
        "checks": {
            "passes": 1500,
            "fails": 0,
            "value": 1
        },
        "vus": {
            "value": 10,
            "min": 10,
            "max": 10
        },
        "http_req_failed": {
            "passes": 0,
            "fails": 1500,
            "thresholds": {
                "rate<0.02": false
            },
            "value": 0
        },
        "iterations": {
            "count": 300,
            "rate": 9.70599238749311
        },
        "http_req_connecting": {
            "p(50)": 0,
            "p(75)": 0,
            "p(90)": 0,
            "p(95)": 0,
            "p(99)": 0,
            "avg": 0.004789999999999999,
            "min": 0,
            "max": 1.0311
        },
        "vus_max": {
            "value": 10,
            "min": 10,
            "max": 10
        },
        "data_sent": {
            "count": 892200,
            "rate": 28865.62136040451
        },
        "http_req_tls_handshaking": {
            "p(75)": 0,
            "p(90)": 0,
            "p(95)": 0,
            "p(99)": 0,
            "avg": 0,
            "min": 0,
            "max": 0,
            "p(50)": 0
        },
        "http_req_receiving": {
            "p(90)": 0.50752,
            "p(95)": 0.5413,
            "p(99)": 1.011432,
            "avg": 0.08633539999999999,
            "min": 0,
            "max": 1.7393,
            "p(50)": 0,
            "p(75)": 0
        },
        "iteration_duration": {
            "p(99)": 1150.037,
            "avg": 1030.1276706666665,
            "min": 1015.798,
            "max": 1150.8561,
            "p(50)": 1025.0108,
            "p(75)": 1030.5953,
            "p(90)": 1035.43871,
            "p(95)": 1037.88837
        },
        "http_reqs": {
            "count": 1500,
            "rate": 48.52996193746555
        },
        "http_req_duration": {
            "min": 1.2952,
            "max": 58.6181,
            "p(50)": 4.24015,
            "p(75)": 6.4003,
            "p(90)": 8.82568,
            "p(95)": 10.244594999999999,
            "p(99)": 25.2728,
            "avg": 5.451738666666657
        },
        "http_req_sending": {
            "min": 0,
            "max": 4.037,
            "p(50)": 0,
            "p(75)": 0,
            "p(90)": 0,
            "p(95)": 0.41021999999999553,
            "p(99)": 0.6754469999999999,
            "avg": 0.03536380000000001
        },
        "http_req_waiting": {
            "min": 1.233,
            "max": 58.6181,
            "p(50)": 4.0347,
            "p(75)": 6.258,
            "p(90)": 8.66552,
            "p(95)": 10.17673,
            "p(99)": 25.2728,
            "avg": 5.330039466666659
        }
    },
    "root_group": {
        "groups": {},
        "checks": {
                "login ok": {
                    "name": "login ok",
                    "path": "::login ok",
                    "id": "0ddcda49e3a8b9d6d2e015dafbaafe65",
                    "passes": 300,
                    "fails": 0
                },
                "cart add ok": {
                    "name": "cart add ok",
                    "path": "::cart add ok",
                    "id": "3476b21dcb095c2f01deccc20115d127",
                    "passes": 300,
                    "fails": 0
                },
                "cart get ok": {
                    "fails": 0,
                    "name": "cart get ok",
                    "path": "::cart get ok",
                    "id": "9d960ca6baf25ee48d3f3c991473fca0",
                    "passes": 300
                },
                "cart update ok": {
                    "name": "cart update ok",
                    "path": "::cart update ok",
                    "id": "07ee78e8bcccf32bc9963f8d3c17eecf",
                    "passes": 300,
                    "fails": 0
                },
                "cart remove ok": {
                    "name": "cart remove ok",
                    "path": "::cart remove ok",
                    "id": "31001ad0f6cf28a008d3b28f557b05a9",
                    "passes": 300,
                    "fails": 0
                }
            },
        "name": "",
        "path": "",
        "id": "d41d8cd98f00b204e9800998ecf8427e"
    }
}