{
    "metrics": {
        "http_req_duration": {
            "p(75)": 8.1603,
            "p(90)": 10.09899,
            "p(95)": 11.270845,
            "p(99)": 14.6002,
            "avg": 6.414643990534285,
            "min": 1.3976,
            "max": 57.8896,
            "p(50)": 5.76355
        },
        "http_req_waiting": {
            "p(90)": 9.9716,
            "p(95)": 11.153554999999999,
            "p(99)": 14.383772000000013,
            "avg": 6.324637190185564,
            "min": 1.3976,
            "max": 57.8896,
            "p(50)": 5.69215,
            "p(75)": 8.0476
        },
        "http_req_connecting": {
            "min": 0,
            "max": 3.8432,
            "p(50)": 0,
            "p(75)": 0,
            "p(90)": 0,
            "p(95)": 0,
            "p(99)": 0,
            "avg": 0.0051365425333167285
        },
        "http_reqs": {
            "count": 16058,
            "rate": 106.3504124799556
        },
        "vus": {
            "min": 1,
            "max": 100,
            "value": 4
        },
        "http_req_blocked": {
            "avg": 0.010798710922904471,
            "min": 0,
            "max": 3.8432,
            "p(50)": 0,
            "p(75)": 0,
            "p(90)": 0,
            "p(95)": 0,
            "p(99)": 0.5121720000000001
        },
        "http_req_sending": {
            "p(50)": 0,
            "p(75)": 0,
            "p(90)": 0,
            "p(95)": 0,
            "p(99)": 0.545,
            "avg": 0.018885184954539832,
            "min": 0,
            "max": 3.6963
        },
        "iteration_duration": {
            "max": 1073.4815,
            "p(50)": 1012.9648,
            "p(75)": 1016.2449,
            "p(90)": 1019.7867,
            "p(95)": 1021.8806199999999,
            "p(99)": 1027.0463,
            "avg": 1013.730713787522,
            "min": 1004.8294
        },
        "iterations": {
            "rate": 53.1752062399778,
            "count": 8029
        },
        "data_received": {
            "count": 5058270,
            "rate": 33500.37993118601
        },
        "http_req_receiving": {
            "p(50)": 0,
            "p(75)": 0,
            "p(90)": 0.5045,
            "p(95)": 0.52693,
            "p(99)": 0.641143,
            "avg": 0.07112161539419609,
            "min": 0,
            "max": 4.2203
        },
        "checks": {
            "passes": 16058,
            "fails": 0,
            "value": 1
        },
        "http_req_failed": {
            "passes": 0,
            "fails": 16058,
            "thresholds": {
                "rate<0.05": false
            },
            "value": 0
        },
        "data_sent": {
            "count": 1469307,
            "rate": 9731.062741915935
        },
        "http_req_duration{expected_response:true}": {
            "avg": 6.414643990534285,
            "min": 1.3976,
            "max": 57.8896,
            "p(50)": 5.76355,
            "p(75)": 8.1603,
            "p(90)": 10.09899,
            "p(95)": 11.270845,
            "p(99)": 14.6002
        },
        "http_req_tls_handshaking": {
            "p(95)": 0,
            "p(99)": 0,
            "avg": 0,
            "min": 0,
            "max": 0,
            "p(50)": 0,
            "p(75)": 0,
            "p(90)": 0
        },
        "vus_max": {
            "value": 100,
            "min": 100,
            "max": 100
        }
    },
    "root_group": {
        "id": "d41d8cd98f00b204e9800998ecf8427e",
        "groups": {},
        "checks": {
                "products list ok": {
                    "name": "products list ok",
                    "path": "::products list ok",
                    "id": "9510a9eed98727c4f6d467383c223a18",
                    "passes": 8029,
                    "fails": 0
                },
                "product ok": {
                    "name": "product ok",
                    "path": "::product ok",
                    "id": "716e252b0c1f95f7b69e330791590bce",
                    "passes": 8029,
                    "fails": 0
                }
            },
        "name": "",
        "path": ""
    }
}