{
    "metrics": {
        "http_req_blocked": {
            "avg": 0.01608656316248909,
            "min": 0,
            "max": 7.4965,
            "p(50)": 0,
            "p(75)": 0,
            "p(90)": 0,
            "p(95)": 0,
            "p(99)": 0.5368409999999995
        },
        "data_sent": {
            "count": 1467477,
            "rate": 9729.668135516635
        },
        "http_req_failed": {
            "passes": 0,
            "fails": 16038,
            "thresholds": {
                "rate<0.05": false
            },
            "value": 0
        },
        "http_req_waiting": {
            "p(90)": 10.0667,
            "p(95)": 11.1398,
            "p(99)": 13.505760999999989,
            "avg": 6.2829172403042985,
            "min": 1.5185,
            "max": 47.8366,
            "p(50)": 5.6375,
            "p(75)": 8.1054
        },
        "http_req_duration{expected_response:true}": {
            "p(95)": 11.279104999999996,
            "p(99)": 13.725983999999995,
            "avg": 6.381928781643621,
            "min": 1.5185,
            "max": 48.3583,
            "p(50)": 5.7221,
            "p(75)": 8.2272,
            "p(90)": 10.2252
        },
        "vus": {
            "value": 22,
            "min": 1,
            "max": 100
        },
        "vus_max": {
            "value": 100,
            "min": 100,
            "max": 100
        },
        "checks": {
            "passes": 16038,
            "fails": 0,
            "value": 1
        },
        "iteration_duration": {
            "max": 1087.4715,
            "p(50)": 1013.4803,
            "p(75)": 1016.5459,
            "p(90)": 1020.6117,
            "p(95)": 1022.52273,
            "p(99)": 1027.49603,
            "avg": 1014.1458007980997,
            "min": 1004.5641
        },
        "data_received": {
            "count": 5051970,
            "rate": 33495.578827188416
        },
        "http_req_duration": {
            "p(95)": 11.279104999999996,
            "p(99)": 13.725983999999995,
            "avg": 6.381928781643621,
            "min": 1.5185,
            "max": 48.3583,
            "p(50)": 5.7221,
            "p(75)": 8.2272,
            "p(90)": 10.2252
        },
        "http_req_connecting": {
            "avg": 0.007706484599077189,
            "min": 0,
            "max": 4.9583,
            "p(50)": 0,
            "p(75)": 0,
            "p(90)": 0,
            "p(95)": 0,
            "p(99)": 0
        },
        "http_req_receiving": {
            "p(90)": 0.5051,
            "p(95)": 0.5232,
            "p(99)": 0.6483529999999975,
            "avg": 0.07449647711684726,
            "min": 0,
            "max": 8.3054,
            "p(50)": 0,
            "p(75)": 0
        },
        "http_reqs": {
            "count": 16038,
            "rate": 106.33517087996321
        },
        "http_req_sending": {
            "p(95)": 0,
            "p(99)": 0.6189409999999994,
            "avg": 0.024515064222471624,
            "min": 0,
            "max": 4.4028,
            "p(50)": 0,
            "p(75)": 0,
            "p(90)": 0
        },
        "http_req_tls_handshaking": {
            "p(90)": 0,
            "p(95)": 0,
            "p(99)": 0,
            "avg": 0,
            "min": 0,
            "max": 0,
            "p(50)": 0,
            "p(75)": 0
        },
        "iterations": {
            "count": 8019,
            "rate": 53.16758543998161
        }
    },
    "root_group": {
        "groups": {},
        "checks": {
                "products list ok": {
                    "passes": 8019,
                    "fails": 0,
                    "name": "products list ok",
                    "path": "::products list ok",
                    "id": "9510a9eed98727c4f6d467383c223a18"
                },
                "product ok": {
                    "name": "product ok",
                    "path": "::product ok",
                    "id": "716e252b0c1f95f7b69e330791590bce",
                    "passes": 8019,
                    "fails": 0
                }
            },
        "name": "",
        "path": "",
        "id": "d41d8cd98f00b204e9800998ecf8427e"
    }
}