{
    "metrics": {
        "http_req_receiving": {
            "p(90)": 0.50842,
            "p(95)": 0.5542,
            "p(99)": 1.043732,
            "avg": 0.10446083333333334,
            "min": 0,
            "max": 2.7928,
            "p(50)": 0,
            "p(75)": 0
        },
        "checks": {
            "passes": 1200,
            "fails": 0,
            "value": 1
        },
        "data_received": {
            "count": 378000,
            "rate": 12377.227278365042
        },
        "http_req_blocked": {
            "max": 10.1011,
            "p(50)": 0,
            "p(75)": 0,
            "p(90)": 0,
            "p(95)": 0,
            "p(99)": 10.1011,
            "avg": 0.18923291666666667,
            "min": 0
        },
        "vus": {
            "value": 20,
            "min": 20,
            "max": 20
        },
        "http_req_duration": {
            "min": 2.7074,
            "max": 54.6218,
            "p(50)": 6.465,
            "p(75)": 9.2793,
            "p(90)": 11.1405,
            "p(95)": 14.684109999999997,
            "p(99)": 33.361,
            "avg": 7.955766166666693
        },
        "http_reqs": {
            "count": 1200,
            "rate": 39.29278501068268
        },
        "http_req_duration{expected_response:true}": {
            "p(95)": 14.684109999999997,
            "p(99)": 33.361,
            "avg": 7.955766166666693,
            "min": 2.7074,
            "max": 54.6218,
            "p(50)": 6.465,
            "p(75)": 9.2793,
            "p(90)": 11.1405
        },
        "http_req_connecting": {
            "min": 0,
            "max": 1.5271,
            "p(50)": 0,
            "p(75)": 0,
            "p(90)": 0,
            "p(95)": 0,
            "p(99)": 1.0115,
            "avg": 0.019436333333333337
        },
        "http_req_sending": {
            "p(99)": 1.0255649999999992,
            "avg": 0.05488508333333334,
            "min": 0,
            "max": 4.0074,
            "p(50)": 0,
            "p(75)": 0,
            "p(90)": 0,
            "p(95)": 0.5049399999999999
        },
        "iteration_duration": {
            "min": 1010.1858,
            "max": 1073.612,
            "p(50)": 1015.8731,
            "p(75)": 1018.015275,
            "p(90)": 1020.41651,
            "p(95)": 1028.702395,
            "p(99)": 1066.0539,
            "avg": 1017.8651158333328
        },
        "vus_max": {
            "min": 20,
            "max": 20,
            "value": 20
        },
        "http_req_failed": {
            "passes": 0,
            "fails": 1200,
            "thresholds": {
                "rate<0.01": false
            },
            "value": 0
        },
        "iterations": {
            "count": 600,
            "rate": 19.64639250534134
        },
        "data_sent": {
            "count": 109800,
            "rate": 3595.2898284774647
        },
        "http_req_waiting": {
            "max": 54.6218,
            "p(50)": 6.3848,
            "p(75)": 9.100225,
            "p(90)": 10.843,
            "p(95)": 14.684109999999997,
            "p(99)": 32.82491499999999,
            "avg": 7.796420250000022,
            "min": 2.7074
        },
        "http_req_tls_handshaking": {
            "p(90)": 0,
            "p(95)": 0,
            "p(99)": 0,
            "avg": 0,
            "min": 0,
            "max": 0,
            "p(50)": 0,
            "p(75)": 0
        }
    },
    "root_group": {
        "name": "",
        "path": "",
        "id": "d41d8cd98f00b204e9800998ecf8427e",
        "groups": {},
        "checks": {
                "products list ok": {
                    "id": "9510a9eed98727c4f6d467383c223a18",
                    "passes": 600,
                    "fails": 0,
                    "name": "products list ok",
                    "path": "::products list ok"
                },
                "product ok": {
                    "id": "716e252b0c1f95f7b69e330791590bce",
                    "passes": 600,
                    "fails": 0,
                    "name": "product ok",
                    "path": "::product ok"
                }
            }
    }
}