{
    "root_group": {
        "name": "",
        "path": "",
        "id": "d41d8cd98f00b204e9800998ecf8427e",
        "groups": {},
        "checks": {
                "products list ok": {
                    "fails": 0,
                    "name": "products list ok",
                    "path": "::products list ok",
                    "id": "9510a9eed98727c4f6d467383c223a18",
                    "passes": 600
                },
                "product ok": {
                    "name": "product ok",
                    "path": "::product ok",
                    "id": "716e252b0c1f95f7b69e330791590bce",
                    "passes": 600,
                    "fails": 0
                }
            }
    },
    "metrics": {
        "http_req_connecting": {
            "p(75)": 0,
            "p(90)": 0,
            "p(95)": 0,
            "p(99)": 1.3825,
            "avg": 0.020404500000000006,
            "min": 0,
            "max": 2.503,
            "p(50)": 0
        },
        "vus_max": {
            "max": 20,
            "value": 20,
            "min": 20
        },
        "http_req_duration": {
            "p(95)": 13.183519999999996,
            "p(99)": 38.5212,
            "avg": 7.980903666666685,
            "min": 2.9078,
            "max": 45.7608,
            "p(50)": 6.8116,
            "p(75)": 9.378250000000001,
            "p(90)": 11.4368
        },
        "http_req_duration{expected_response:true}": {
            "p(99)": 38.5212,
            "avg": 7.980903666666685,
            "min": 2.9078,
            "max": 45.7608,
            "p(50)": 6.8116,
            "p(75)": 9.378250000000001,
            "p(90)": 11.4368,
            "p(95)": 13.183519999999996
        },
        "iterations": {
            "count": 600,
            "rate": 19.636626581504448
        },
        "http_req_receiving": {
            "p(50)": 0,
            "p(75)": 0,
            "p(90)": 0.5057100000000001,
            "p(95)": 0.527535,
            "p(99)": 1.0221,
            "avg": 0.09260033333333327,
            "min": 0,
            "max": 1.9167
        },
        "http_req_blocked": {
            "p(95)": 0,
            "p(99)": 10.4789,
            "avg": 0.18864216666666672,
            "min": 0,
            "max": 12.1207,
            "p(50)": 0,
            "p(75)": 0,
            "p(90)": 0
        },
        "iteration_duration": {
            "p(99)": 1073.0812,
            "avg": 1017.9437841666659,
            "min": 1008.4035,
            "max": 1079.5745,
            "p(50)": 1015.96405,
            "p(75)": 1017.811225,
            "p(90)": 1020.40234,
            "p(95)": 1022.99396
        },
        "checks": {
            "passes": 1200,
            "fails": 0,
            "value": 1
        },
        "http_req_sending": {
            "max": 5.7562,
            "p(50)": 0,
            "p(75)": 0,
            "p(90)": 0,
            "p(95)": 0.3068299999999983,
            "p(99)": 1.1153599999999995,
            "avg": 0.05081608333333333,
            "min": 0
        },
        "http_req_waiting": {
            "min": 2.9062,
            "max": 45.7608,
            "p(50)": 6.63495,
            "p(75)": 9.17755,
            "p(90)": 11.1559,
            "p(95)": 12.793089999999989,
            "p(99)": 38.5212,
            "avg": 7.83748725000002
        },
        "data_sent": {
            "count": 109800,
            "rate": 3593.502664415314
        },
        "http_reqs": {
            "count": 1200,
            "rate": 39.273253163008896
        },
        "vus": {
            "max": 20,
            "value": 20,
            "min": 20
        },
        "data_received": {
            "count": 378000,
            "rate": 12371.074746347802
        },
        "http_req_failed": {
            "passes": 0,
            "fails": 1200,
            "thresholds": {
                "rate<0.01": false
            },
            "value": 0
        },
        "http_req_tls_handshaking": {
            "p(99)": 0,
            "avg": 0,
            "min": 0,
            "max": 0,
            "p(50)": 0,
            "p(75)": 0,
            "p(90)": 0,
            "p(95)": 0
        }
    }
}