{
    "root_group": {
        "path": "",
        "id": "d41d8cd98f00b204e9800998ecf8427e",
        "groups": {},
        "checks": {
                "products list ok": {
                    "name": "products list ok",
                    "path": "::products list ok",
                    "id": "9510a9eed98727c4f6d467383c223a18",
                    "passes": 600,
                    "fails": 0
                },
                "product ok": {
                    "name": "product ok",
                    "path": "::product ok",
                    "id": "716e252b0c1f95f7b69e330791590bce",
                    "passes": 600,
                    "fails": 0
                }
            },
        "name": ""
    },
    "metrics": {
        "http_reqs": {
            "count": 1200,
            "rate": 39.25866578940125
        },
        "http_req_blocked": {
            "p(50)": 0,
            "p(75)": 0,
            "p(90)": 0,
            "p(95)": 0,
            "p(99)": 10.462953999999996,
            "avg": 0.22735824999999996,
            "min": 0,
            "max": 17.7157
        },
        "http_req_tls_handshaking": {
            "min": 0,
            "max": 0,
            "p(50)": 0,
            "p(75)": 0,
            "p(90)": 0,
            "p(95)": 0,
            "p(99)": 0,
            "avg": 0
        },
        "http_req_failed": {
            "passes": 0,
            "fails": 1200,
            "thresholds": {
                "rate<0.01": false
            },
            "value": 0
        },
        "iteration_duration": {
            "avg": 1018.819204666666,
            "min": 1010.0275,
            "max": 1070.45,
            "p(50)": 1016.2822,
            "p(75)": 1018.7762,
            "p(90)": 1025.9159,
            "p(95)": 1032.698725,
            "p(99)": 1065.4201
        },
        "http_req_receiving": {
            "p(75)": 0,
            "p(90)": 0.5078100000000001,
            "p(95)": 0.5303,
            "p(99)": 1.0512789999999996,
            "avg": 0.1020733333333333,
            "min": 0,
            "max": 9.0664,
            "p(50)": 0
        },
        "http_req_connecting": {
            "p(75)": 0,
            "p(90)": 0,
            "p(95)": 0,
            "p(99)": 1.2425,
            "avg": 0.05212783333333334,
            "min": 0,
            "max": 8.5003,
            "p(50)": 0
        },
        "vus": {
            "max": 20,
            "value": 20,
            "min": 20
        },
        "data_received": {
            "count": 378000,
            "rate": 12366.479723661392
        },
        "http_req_duration": {
            "p(50)": 6.6975,
            "p(75)": 9.453775,
            "p(90)": 11.26291000000001,
            "p(95)": 16.362634999999997,
            "p(99)": 29.984883999999994,
            "avg": 8.029690999999985,
            "min": 3.0665,
            "max": 53.7798
        },
        "http_req_sending": {
            "max": 9.6279,
            "p(50)": 0,
            "p(75)": 0,
            "p(90)": 0,
            "p(95)": 0.22600999999999935,
            "p(99)": 1.0067229999999998,
            "avg": 0.04371791666666666,
            "min": 0
        },
        "http_req_duration{expected_response:true}": {
            "p(50)": 6.6975,
            "p(75)": 9.453775,
            "p(90)": 11.26291000000001,
            "p(95)": 16.362634999999997,
            "p(99)": 29.984883999999994,
            "avg": 8.029690999999985,
            "min": 3.0665,
            "max": 53.7798
        },
        "checks": {
            "passes": 1200,
            "fails": 0,
            "value": 1
        },
        "http_req_waiting": {
            "min": 3.0665,
            "max": 53.7798,
            "p(50)": 6.6423,
            "p(75)": 9.26575,
            "p(90)": 11.092130000000001,
            "p(95)": 16.114955,
            "p(99)": 29.984883999999994,
            "avg": 7.883899749999996
        },
        "vus_max": {
            "value": 20,
            "min": 20,
            "max": 20
        },
        "iterations": {
            "rate": 19.629332894700624,
            "count": 600
        },
        "data_sent": {
            "count": 109800,
            "rate": 3592.167919730214
        }
    }
}