{
    "metrics": {
        "http_req_failed": {
            "passes": 0,
            "fails": 1200,
            "thresholds": {
                "rate<0.01": false
            },
            "value": 0
        },
        "vus": {
            "value": 20,
            "min": 20,
            "max": 20
        },
        "http_req_blocked": {
            "p(50)": 0,
            "p(75)": 0,
            "p(90)": 0,
            "p(95)": 0,
            "p(99)": 14.1997,
            "avg": 0.24027108333333344,
            "min": 0,
            "max": 14.7338
        },
        "http_req_connecting": {
            "p(75)": 0,
            "p(90)": 0,
            "p(95)": 0,
            "p(99)": 0.8395,
            "avg": 0.01838308333333333,
            "min": 0,
            "max": 1.3463,
            "p(50)": 0
        },
        "data_sent": {
            "count": 109800,
            "rate": 3592.970418168124
        },
        "http_req_duration": {
            "p(75)": 9.3655,
            "p(90)": 11.281610000000004,
            "p(95)": 15.306424999999994,
            "p(99)": 41.23295799999996,
            "avg": 8.253650250000021,
            "min": 2.9396,
            "max": 63.3197,
            "p(50)": 6.9385
        },
        "iterations": {
            "count": 600,
            "rate": 19.63371813206625
        },
        "http_req_sending": {
            "p(90)": 0,
            "p(95)": 0.2624249999999937,
            "p(99)": 0.98695,
            "avg": 0.04178291666666666,
            "min": 0,
            "max": 7.0804,
            "p(50)": 0,
            "p(75)": 0
        },
        "http_req_tls_handshaking": {
            "p(50)": 0,
            "p(75)": 0,
            "p(90)": 0,
            "p(95)": 0,
            "p(99)": 0,
            "avg": 0,
            "min": 0,
            "max": 0
        },
        "http_req_waiting": {
            "p(50)": 6.8087,
            "p(75)": 9.1725,
            "p(90)": 11.082980000000003,
            "p(95)": 15.045264999999988,
            "p(99)": 41.23295799999996,
            "avg": 8.122985916666686,
            "min": 2.9396,
            "max": 62.7715
        },
        "http_reqs": {
            "count": 1200,
            "rate": 39.2674362641325
        },
        "data_received": {
            "count": 378000,
            "rate": 12369.242423201738
        },
        "http_req_duration{expected_response:true}": {
            "p(75)": 9.3655,
            "p(90)": 11.281610000000004,
            "p(95)": 15.306424999999994,
            "p(99)": 41.23295799999996,
            "avg": 8.253650250000021,
            "min": 2.9396,
            "max": 63.3197,
            "p(50)": 6.9385
        },
        "http_req_receiving": {
            "p(90)": 0.5047100000000001,
            "p(95)": 0.5316099999999999,
            "p(99)": 1.0095,
            "avg": 0.08888141666666671,
            "min": 0,
            "max": 5.8908,
            "p(50)": 0,
            "p(75)": 0
        },
        "vus_max": {
            "value": 20,
            "min": 20,
            "max": 20
        },
        "checks": {
            "passes": 1200,
            "fails": 0,
            "value": 1
        },
        "iteration_duration": {
            "min": 1008.8478,
            "max": 1083.1521,
            "p(50)": 1016.0361,
            "p(75)": 1018.1793,
            "p(90)": 1022.39209,
            "p(95)": 1025.9334,
            "p(99)": 1080.3122,
            "avg": 1018.5788198333313
        }
    },
    "root_group": {
        "groups": {},
        "checks": {
                "products list ok": {
                    "name": "products list ok",
                    "path": "::products list ok",
                    "id": "9510a9eed98727c4f6d467383c223a18",
                    "passes": 600,
                    "fails": 0
                },
                "product ok": {
                    "name": "product ok",
                    "path": "::product ok",
                    "id": "716e252b0c1f95f7b69e330791590bce",
                    "passes": 600,
                    "fails": 0
                }
            },
        "name": "",
        "path": "",
        "id": "d41d8cd98f00b204e9800998ecf8427e"
    }
}