{
    "metrics": {
        "iterations": {
            "count": 8023,
            "rate": 53.132824688822424
        },
        "vus_max": {
            "value": 100,
            "min": 100,
            "max": 100
        },
        "http_req_failed": {
            "passes": 0,
            "fails": 16046,
            "thresholds": {
                "rate<0.05": false
            },
            "value": 0
        },
        "http_req_duration{expected_response:true}": {
            "p(95)": 11.7136,
            "p(99)": 16.3814,
            "avg": 6.76969917736508,
            "min": 1.5257,
            "max": 86.8455,
            "p(50)": 6.3093,
            "p(75)": 8.652975000000001,
            "p(90)": 10.51875
        },
        "http_req_connecting": {
            "p(99)": 0,
            "avg": 0.006094696497569485,
            "min": 0,
            "max": 2.8565,
            "p(50)": 0,
            "p(75)": 0,
            "p(90)": 0,
            "p(95)": 0
        },
        "http_req_tls_handshaking": {
            "avg": 0,
            "min": 0,
            "max": 0,
            "p(50)": 0,
            "p(75)": 0,
            "p(90)": 0,
            "p(95)": 0,
            "p(99)": 0
        },
        "http_req_sending": {
            "p(50)": 0,
            "p(75)": 0,
            "p(90)": 0,
            "p(95)": 0,
            "p(99)": 0.5435549999999999,
            "avg": 0.01889108812165027,
            "min": 0,
            "max": 3.5115
        },
        "http_req_duration": {
            "p(99)": 16.3814,
            "avg": 6.76969917736508,
            "min": 1.5257,
            "max": 86.8455,
            "p(50)": 6.3093,
            "p(75)": 8.652975000000001,
            "p(90)": 10.51875,
            "p(95)": 11.7136
        },
        "http_reqs": {
            "count": 16046,
            "rate": 106.26564937764485
        },
        "vus": {
            "value": 1,
            "min": 1,
            "max": 100
        },
        "data_received": {
            "count": 5054490,
            "rate": 33473.67955395813
        },
        "http_req_waiting": {
            "p(50)": 6.2145,
            "p(75)": 8.556574999999999,
            "p(90)": 10.39475,
            "p(95)": 11.58885,
            "p(99)": 16.146864999999995,
            "avg": 6.6772791599152415,
            "min": 1.5257,
            "max": 86.8455
        },
        "http_req_receiving": {
            "p(99)": 0.6148749999999996,
            "avg": 0.07352892932818152,
            "min": 0,
            "max": 8.2281,
            "p(50)": 0,
            "p(75)": 0,
            "p(90)": 0.5049,
            "p(95)": 0.5292749999999999
        },
        "checks": {
            "fails": 0,
            "passes": 16046,
            "value": 1
        },
        "data_sent": {
            "count": 1468209,
            "rate": 9723.306918054504
        },
        "http_req_blocked": {
            "p(50)": 0,
            "p(75)": 0,
            "p(90)": 0,
            "p(95)": 0,
            "p(99)": 0.5219649999999998,
            "avg": 0.013126642153807806,
            "min": 0,
            "max": 4.0007
        },
        "iteration_duration": {
            "max": 1115.2833,
            "p(50)": 1013.5487,
            "p(75)": 1017.562,
            "p(90)": 1020.7596,
            "p(95)": 1022.45951,
            "p(99)": 1029.68599,
            "avg": 1014.4494522871827,
            "min": 1004.4224
        }
    },
    "root_group": {
        "checks": {
            "products list ok": {
                "name": "products list ok",
                "path": "::products list ok",
                "id": "9510a9eed98727c4f6d467383c223a18",
                "passes": 8023,
                "fails": 0
            },
            "product ok": {
                "passes": 8023,
                "fails": 0,
                "name": "product ok",
                "path": "::product ok",
                "id": "716e252b0c1f95f7b69e330791590bce"
            }
        },
        "name": "",
        "path": "",
        "id": "d41d8cd98f00b204e9800998ecf8427e",
        "groups": {}
    }
}