{
    "root_group": {
        "groups": {},
        "checks": {
                "products list ok": {
                    "path": "::products list ok",
                    "id": "9510a9eed98727c4f6d467383c223a18",
                    "passes": 8016,
                    "fails": 0,
                    "name": "products list ok"
                },
                "product ok": {
                    "name": "product ok",
                    "path": "::product ok",
                    "id": "716e252b0c1f95f7b69e330791590bce",
                    "passes": 8016,
                    "fails": 0
                }
            },
        "name": "",
        "path": "",
        "id": "d41d8cd98f00b204e9800998ecf8427e"
    },
    "metrics": {
        "http_req_blocked": {
            "p(99)": 0.5156380000000002,
            "avg": 0.012721669161676651,
            "min": 0,
            "max": 3.4417,
            "p(50)": 0,
            "p(75)": 0,
            "p(90)": 0,
            "p(95)": 0
        },
        "http_req_tls_handshaking": {
            "p(99)": 0,
            "avg": 0,
            "min": 0,
            "max": 0,
            "p(50)": 0,
            "p(75)": 0,
            "p(90)": 0,
            "p(95)": 0
        },
        "iterations": {
            "count": 8016,
            "rate": 53.14776633360961
        },
        "http_reqs": {
            "count": 16032,
            "rate": 106.29553266721922
        },
        "checks": {
            "passes": 16032,
            "fails": 0,
            "value": 1
        },
        "data_sent": {
            "rate": 9726.041239050559,
            "count": 1466928
        },
        "vus_max": {
            "value": 100,
            "min": 100,
            "max": 100
        },
        "http_req_sending": {
            "p(75)": 0,
            "p(90)": 0,
            "p(95)": 0,
            "p(99)": 0.5718840000000018,
            "avg": 0.022368063872255487,
            "min": 0,
            "max": 4.5876,
            "p(50)": 0
        },
        "http_req_receiving": {
            "min": 0,
            "max": 7.7712,
            "p(50)": 0,
            "p(75)": 0,
            "p(90)": 0.5045,
            "p(95)": 0.5246,
            "p(99)": 0.6369970000000006,
            "avg": 0.07362105788423141
        },
        "data_received": {
            "count": 5050080,
            "rate": 33483.09279017406
        },
        "http_req_waiting": {
            "avg": 6.644227769461045,
            "min": 1.5321,
            "max": 90.3331,
            "p(50)": 6.0406,
            "p(75)": 8.443825,
            "p(90)": 10.370599999999998,
            "p(95)": 11.681754999999997,
            "p(99)": 15.077
        },
        "vus": {
            "value": 22,
            "min": 1,
            "max": 100
        },
        "http_req_failed": {
            "passes": 0,
            "fails": 16032,
            "thresholds": {
                "rate<0.05": false
            },
            "value": 0
        },
        "http_req_connecting": {
            "p(50)": 0,
            "p(75)": 0,
            "p(90)": 0,
            "p(95)": 0,
            "p(99)": 0,
            "avg": 0.005561458333333333,
            "min": 0,
            "max": 2.9309
        },
        "http_req_duration": {
            "avg": 6.740216891217534,
            "min": 1.5321,
            "max": 90.3941,
            "p(50)": 6.1273,
            "p(75)": 8.576550000000001,
            "p(90)": 10.4868,
            "p(95)": 11.849659999999997,
            "p(99)": 15.234717000000005
        },
        "http_req_duration{expected_response:true}": {
            "p(50)": 6.1273,
            "p(75)": 8.576550000000001,
            "p(90)": 10.4868,
            "p(95)": 11.849659999999997,
            "p(99)": 15.234717000000005,
            "avg": 6.740216891217534,
            "min": 1.5321,
            "max": 90.3941
        },
        "iteration_duration": {
            "p(95)": 1023.0656,
            "p(99)": 1028.2919000000002,
            "avg": 1014.5178786551919,
            "min": 1005.1758,
            "max": 1112.1144,
            "p(50)": 1013.9518,
            "p(75)": 1016.82185,
            "p(90)": 1020.45745
        }
    }
}