{
    "root_group": {
        "name": "",
        "path": "",
        "id": "d41d8cd98f00b204e9800998ecf8427e",
        "groups": {},
        "checks": {
                "products list ok": {
                    "path": "::products list ok",
                    "id": "9510a9eed98727c4f6d467383c223a18",
                    "passes": 8045,
                    "fails": 0,
                    "name": "products list ok"
                },
                "product ok": {
                    "name": "product ok",
                    "path": "::product ok",
                    "id": "716e252b0c1f95f7b69e330791590bce",
                    "passes": 8045,
                    "fails": 0
                }
            }
    },
    "metrics": {
        "iterations": {
            "rate": 53.31368675268529,
            "count": 8045
        },
        "http_req_duration": {
            "avg": 5.080000596643867,
            "min": 1.6577,
            "max": 54.0443,
            "p(50)": 4.5342,
            "p(75)": 5.9257,
            "p(90)": 7.8722900000000005,
            "p(95)": 9.123855,
            "p(99)": 11.731043000000005
        },
        "http_req_sending": {
            "avg": 0.01770082660037289,
            "min": 0,
            "max": 7.9547,
            "p(50)": 0,
            "p(75)": 0,
            "p(90)": 0,
            "p(95)": 0,
            "p(99)": 0.53
        },
        "http_req_receiving": {
            "min": 0,
            "max": 16.0555,
            "p(50)": 0,
            "p(75)": 0,
            "p(90)": 0.5071,
            "p(95)": 0.5285549999999999,
            "p(99)": 0.6845830000000088,
            "avg": 0.08143910503418292
        },
        "vus": {
            "min": 1,
            "max": 100,
            "value": 23
        },
        "data_received": {
            "count": 5068350,
            "rate": 33587.622654191735
        },
        "http_req_tls_handshaking": {
            "min": 0,
            "max": 0,
            "p(50)": 0,
            "p(75)": 0,
            "p(90)": 0,
            "p(95)": 0,
            "p(99)": 0,
            "avg": 0
        },
        "http_req_duration{expected_response:true}": {
            "p(95)": 9.123855,
            "p(99)": 11.731043000000005,
            "avg": 5.080000596643867,
            "min": 1.6577,
            "max": 54.0443,
            "p(50)": 4.5342,
            "p(75)": 5.9257,
            "p(90)": 7.8722900000000005
        },
        "data_sent": {
            "count": 1472235,
            "rate": 9756.404675741409
        },
        "http_req_failed": {
            "passes": 0,
            "fails": 16090,
            "thresholds": {
                "rate<0.05": false
            },
            "value": 0
        },
        "http_reqs": {
            "count": 16090,
            "rate": 106.62737350537058
        },
        "checks": {
            "passes": 16090,
            "fails": 0,
            "value": 1
        },
        "http_req_blocked": {
            "p(95)": 0,
            "p(99)": 0.5120660000000004,
            "avg": 0.012482032318210068,
            "min": 0,
            "max": 3.2024,
            "p(50)": 0,
            "p(75)": 0,
            "p(90)": 0
        },
        "http_req_connecting": {
            "avg": 0.006200124300807954,
            "min": 0,
            "max": 2.698,
            "p(50)": 0,
            "p(75)": 0,
            "p(90)": 0,
            "p(95)": 0,
            "p(99)": 0
        },
        "http_req_waiting": {
            "p(99)": 11.429768000000033,
            "avg": 4.980860665009319,
            "min": 1.5333,
            "max": 52.6839,
            "p(50)": 4.4322,
            "p(75)": 5.8290750000000005,
            "p(90)": 7.7714,
            "p(95)": 8.967099999999999
        },
        "vus_max": {
            "value": 100,
            "min": 100,
            "max": 100
        },
        "iteration_duration": {
            "min": 1005.0692,
            "max": 1084.7904,
            "p(50)": 1010.2211,
            "p(75)": 1013.0052,
            "p(90)": 1015.95524,
            "p(95)": 1018.0031,
            "p(99)": 1023.5825679999999,
            "avg": 1011.2217905034215
        }
    }
}