{
    "root_group": {
        "name": "",
        "path": "",
        "id": "d41d8cd98f00b204e9800998ecf8427e",
        "groups": {},
        "checks": {
                "products list ok": {
                    "name": "products list ok",
                    "path": "::products list ok",
                    "id": "9510a9eed98727c4f6d467383c223a18",
                    "passes": 600,
                    "fails": 0
                },
                "product ok": {
                    "name": "product ok",
                    "path": "::product ok",
                    "id": "716e252b0c1f95f7b69e330791590bce",
                    "passes": 600,
                    "fails": 0
                }
            }
    },
    "metrics": {
        "http_req_duration{expected_response:true}": {
            "p(50)": 6.0273,
            "p(75)": 7.5333250000000005,
            "p(90)": 9.308570000000007,
            "p(95)": 11.244559999999998,
            "p(99)": 56.26759199999999,
            "avg": 7.59271241666668,
            "min": 2.8843,
            "max": 85.7653
        },
        "http_req_blocked": {
            "p(95)": 0,
            "p(99)": 13.0678,
            "avg": 0.22052300000000008,
            "min": 0,
            "max": 13.8584,
            "p(50)": 0,
            "p(75)": 0,
            "p(90)": 0
        },
        "http_req_waiting": {
            "p(50)": 5.9369,
            "p(75)": 7.334175,
            "p(90)": 9.2297,
            "p(95)": 11.244559999999998,
            "p(99)": 55.755,
            "avg": 7.482787416666675,
            "min": 2.6382,
            "max": 84.7551
        },
        "data_received": {
            "count": 378000,
            "rate": 12394.140270820228
        },
        "http_reqs": {
            "count": 1200,
            "rate": 39.346477050222944
        },
        "http_req_tls_handshaking": {
            "p(99)": 0,
            "avg": 0,
            "min": 0,
            "max": 0,
            "p(50)": 0,
            "p(75)": 0,
            "p(90)": 0,
            "p(95)": 0
        },
        "http_req_receiving": {
            "avg": 0.08387083333333341,
            "min": 0,
            "max": 3.0595,
            "p(50)": 0,
            "p(75)": 0,
            "p(90)": 0.5083,
            "p(95)": 0.5285,
            "p(99)": 0.6850329999999998
        },
        "checks": {
            "passes": 1200,
            "fails": 0,
            "value": 1
        },
        "iterations": {
            "count": 600,
            "rate": 19.673238525111472
        },
        "http_req_sending": {
            "p(75)": 0,
            "p(90)": 0,
            "p(95)": 0,
            "p(99)": 0.8216409999999998,
            "avg": 0.02605416666666667,
            "min": 0,
            "max": 1.3712,
            "p(50)": 0
        },
        "data_sent": {
            "rate": 3600.2026500953993,
            "count": 109800
        },
        "iteration_duration": {
            "p(75)": 1015.2645749999999,
            "p(90)": 1017.2738,
            "p(95)": 1018.55284,
            "p(99)": 1099.5641,
            "avg": 1016.4865243333334,
            "min": 1008.9778,
            "max": 1106.9115,
            "p(50)": 1013.5611
        },
        "http_req_duration": {
            "avg": 7.59271241666668,
            "min": 2.8843,
            "max": 85.7653,
            "p(50)": 6.0273,
            "p(75)": 7.5333250000000005,
            "p(90)": 9.308570000000007,
            "p(95)": 11.244559999999998,
            "p(99)": 56.26759199999999
        },
        "http_req_connecting": {
            "avg": 0.014747833333333335,
            "min": 0,
            "max": 1.5174,
            "p(50)": 0,
            "p(75)": 0,
            "p(90)": 0,
            "p(95)": 0,
            "p(99)": 1.0102
        },
        "vus": {
            "min": 20,
            "max": 20,
            "value": 20
        },
        "vus_max": {
            "value": 20,
            "min": 20,
            "max": 20
        },
        "http_req_failed": {
            "passes": 0,
            "fails": 1200,
            "thresholds": {
                "rate<0.01": false
            },
            "value": 0
        }
    }
}