{
    "metrics": {
        "http_req_receiving": {
            "p(99)": 0.6320080000000001,
            "avg": 0.07374485724971937,
            "min": 0,
            "max": 1.8087,
            "p(50)": 0,
            "p(75)": 0,
            "p(90)": 0.5051,
            "p(95)": 0.5273949999999998
        },
        "vus_max": {
            "min": 100,
            "max": 100,
            "value": 100
        },
        "http_req_duration{expected_response:true}": {
            "p(75)": 8.68975,
            "p(90)": 10.411649999999998,
            "p(95)": 11.653179999999999,
            "p(99)": 14.4532,
            "avg": 6.734583661638196,
            "min": 1.3329,
            "max": 47.052,
            "p(50)": 6.2356
        },
        "data_received": {
            "count": 5053230,
            "rate": 33472.844976243294
        },
        "http_req_tls_handshaking": {
            "p(95)": 0,
            "p(99)": 0,
            "avg": 0,
            "min": 0,
            "max": 0,
            "p(50)": 0,
            "p(75)": 0,
            "p(90)": 0
        },
        "vus": {
            "value": 23,
            "min": 1,
            "max": 100
        },
        "http_req_connecting": {
            "max": 2.5212,
            "p(50)": 0,
            "p(75)": 0,
            "p(90)": 0,
            "p(95)": 0,
            "p(99)": 0,
            "avg": 0.005418476499189627,
            "min": 0
        },
        "http_req_failed": {
            "passes": 0,
            "fails": 16042,
            "thresholds": {
                "rate<0.05": false
            },
            "value": 0
        },
        "http_req_duration": {
            "p(90)": 10.411649999999998,
            "p(95)": 11.653179999999999,
            "p(99)": 14.4532,
            "avg": 6.734583661638196,
            "min": 1.3329,
            "max": 47.052,
            "p(50)": 6.2356,
            "p(75)": 8.68975
        },
        "iterations": {
            "count": 8021,
            "rate": 53.131499962290945
        },
        "http_req_sending": {
            "p(75)": 0,
            "p(90)": 0,
            "p(95)": 0,
            "p(99)": 0.5536,
            "avg": 0.020985781074678952,
            "min": 0,
            "max": 6.247,
            "p(50)": 0
        },
        "data_sent": {
            "rate": 9723.064493099242,
            "count": 1467843
        },
        "http_reqs": {
            "count": 16042,
            "rate": 106.26299992458189
        },
        "checks": {
            "passes": 16042,
            "fails": 0,
            "value": 1
        },
        "iteration_duration": {
            "min": 1004.7705,
            "max": 1078.7519,
            "p(50)": 1013.6741,
            "p(75)": 1017.0599,
            "p(90)": 1020.7593,
            "p(95)": 1022.9784,
            "p(99)": 1027.9647200000002,
            "avg": 1014.3810943523202
        },
        "http_req_blocked": {
            "p(90)": 0,
            "p(95)": 0,
            "p(99)": 0.5138590000000001,
            "avg": 0.012011351452437348,
            "min": 0,
            "max": 3.3482,
            "p(50)": 0,
            "p(75)": 0
        },
        "http_req_waiting": {
            "p(50)": 6.1269,
            "p(75)": 8.599425,
            "p(90)": 10.285759999999998,
            "p(95)": 11.520124999999998,
            "p(99)": 14.2616,
            "avg": 6.639853023313813,
            "min": 1.206,
            "max": 47.052
        }
    },
    "root_group": {
        "name": "",
        "path": "",
        "id": "d41d8cd98f00b204e9800998ecf8427e",
        "groups": {},
        "checks": {
                "products list ok": {
                    "name": "products list ok",
                    "path": "::products list ok",
                    "id": "9510a9eed98727c4f6d467383c223a18",
                    "passes": 8021,
                    "fails": 0
                },
                "product ok": {
                    "name": "product ok",
                    "path": "::product ok",
                    "id": "716e252b0c1f95f7b69e330791590bce",
                    "passes": 8021,
                    "fails": 0
                }
            }
    }
}