{
    "root_group": {
        "checks": {
            "login ok": {
                "id": "0ddcda49e3a8b9d6d2e015dafbaafe65",
                "passes": 300,
                "fails": 0,
                "name": "login ok",
                "path": "::login ok"
            },
            "cart add ok": {
                "id": "3476b21dcb095c2f01deccc20115d127",
                "passes": 300,
                "fails": 0,
                "name": "cart add ok",
                "path": "::cart add ok"
            },
            "cart get ok": {
                "name": "cart get ok",
                "path": "::cart get ok",
                "id": "9d960ca6baf25ee48d3f3c991473fca0",
                "passes": 300,
                "fails": 0
            },
            "cart update ok": {
                "name": "cart update ok",
                "path": "::cart update ok",
                "id": "07ee78e8bcccf32bc9963f8d3c17eecf",
                "passes": 300,
                "fails": 0
            },
            "cart remove ok": {
                "passes": 300,
                "fails": 0,
                "name": "cart remove ok",
                "path": "::cart remove ok",
                "id": "31001ad0f6cf28a008d3b28f557b05a9"
            }
        },
        "name": "",
        "path": "",
        "id": "d41d8cd98f00b204e9800998ecf8427e",
        "groups": {}
    },
    "metrics": {
        "http_req_waiting": {
            "p(99)": 24.8795,
            "avg": 5.112993600000006,
            "min": 1.1922,
            "max": 63.2316,
            "p(50)": 3.9116999999999997,
            "p(75)": 5.929525,
            "p(90)": 7.847600000000001,
            "p(95)": 9.143669999999997
        },
        "http_req_receiving": {
            "p(95)": 0.53348,
            "p(99)": 0.9862579999999997,
            "avg": 0.08226799999999998,
            "min": 0,
            "max": 2.9228,
            "p(50)": 0,
            "p(75)": 0,
            "p(90)": 0.5056400000000001
        },
        "http_req_sending": {
            "avg": 0.027496666666666673,
            "min": 0,
            "max": 1.5569,
            "p(50)": 0,
            "p(75)": 0,
            "p(90)": 0,
            "p(95)": 0.05455999999999985,
            "p(99)": 0.619557
        },
        "http_req_blocked": {
            "min": 0,
            "max": 8.8474,
            "p(50)": 0,
            "p(75)": 0,
            "p(90)": 0,
            "p(95)": 0,
            "p(99)": 0.546103,
            "avg": 0.06713886666666669
        },
        "vus": {
            "value": 10,
            "min": 10,
            "max": 10
        },
        "http_req_connecting": {
            "p(90)": 0,
            "p(95)": 0,
            "p(99)": 0,
            "avg": 0.005186133333333333,
            "min": 0,
            "max": 1.0907,
            "p(50)": 0,
            "p(75)": 0
        },
        "http_reqs": {
            "count": 1500,
            "rate": 48.59913968053368
        },
        "checks": {
            "fails": 0,
            "passes": 1500,
            "value": 1
        },
        "http_req_duration": {
            "p(90)": 8.099540000000001,
            "p(95)": 9.2579,
            "p(99)": 24.884554999999995,
            "avg": 5.222758266666677,
            "min": 1.5564,
            "max": 63.755,
            "p(50)": 4.0495,
            "p(75)": 6.1333
        },
        "iterations": {
            "count": 300,
            "rate": 9.719827936106737
        },
        "http_req_failed": {
            "passes": 0,
            "fails": 1500,
            "thresholds": {
                "rate<0.02": false
            },
            "value": 0
        },
        "http_req_tls_handshaking": {
            "p(99)": 0,
            "avg": 0,
            "min": 0,
            "max": 0,
            "p(50)": 0,
            "p(75)": 0,
            "p(90)": 0,
            "p(95)": 0
        },
        "vus_max": {
            "min": 10,
            "max": 10,
            "value": 10
        },
        "data_sent": {
            "rate": 28906.768281981436,
            "count": 892200
        },
        "data_received": {
            "count": 600600,
            "rate": 19459.095528085687
        },
        "iteration_duration": {
            "p(75)": 1027.266,
            "p(90)": 1031.259,
            "p(95)": 1034.260225,
            "p(99)": 1156.161206,
            "avg": 1028.7088029999993,
            "min": 1016.4905,
            "max": 1157.9774,
            "p(50)": 1024.4239
        },
        "http_req_duration{expected_response:true}": {
            "p(50)": 4.0495,
            "p(75)": 6.1333,
            "p(90)": 8.099540000000001,
            "p(95)": 9.2579,
            "p(99)": 24.884554999999995,
            "avg": 5.222758266666677,
            "min": 1.5564,
            "max": 63.755
        }
    }
}