{
    "metrics": {
        "http_req_tls_handshaking": {
            "max": 0,
            "p(50)": 0,
            "p(75)": 0,
            "p(90)": 0,
            "p(95)": 0,
            "p(99)": 0,
            "avg": 0,
            "min": 0
        },
        "iterations": {
            "rate": 53.280526135188516,
            "count": 8045
        },
        "checks": {
            "passes": 16090,
            "fails": 0,
            "value": 1
        },
        "vus": {
            "value": 3,
            "min": 1,
            "max": 100
        },
        "vus_max": {
            "value": 100,
            "min": 100,
            "max": 100
        },
        "http_req_duration{expected_response:true}": {
            "p(50)": 4.8863,
            "p(75)": 6.1513,
            "p(90)": 7.6897,
            "p(95)": 8.5623,
            "p(99)": 10.218814000000004,
            "avg": 5.2604726413921785,
            "min": 1.2127,
            "max": 86.8555
        },
        "http_req_receiving": {
            "p(50)": 0,
            "p(75)": 0,
            "p(90)": 0.5044,
            "p(95)": 0.5281549999999999,
            "p(99)": 0.5984550000000003,
            "avg": 0.06407830329397138,
            "min": 0,
            "max": 2.355
        },
        "http_req_connecting": {
            "p(95)": 0,
            "p(99)": 0,
            "avg": 0.004402908638906152,
            "min": 0,
            "max": 1.6407,
            "p(50)": 0,
            "p(75)": 0,
            "p(90)": 0
        },
        "http_req_waiting": {
            "p(50)": 4.8015,
            "p(75)": 6.07155,
            "p(90)": 7.59,
            "p(95)": 8.4769,
            "p(99)": 10.1541,
            "avg": 5.185600932256064,
            "min": 1.2127,
            "max": 86.8555
        },
        "http_reqs": {
            "count": 16090,
            "rate": 106.56105227037703
        },
        "http_req_blocked": {
            "p(50)": 0,
            "p(75)": 0,
            "p(90)": 0,
            "p(95)": 0,
            "p(99)": 0.5046110000000001,
            "avg": 0.008296090739589807,
            "min": 0,
            "max": 1.8709
        },
        "data_sent": {
            "count": 1472235,
            "rate": 9750.336282739498
        },
        "http_req_sending": {
            "p(50)": 0,
            "p(75)": 0,
            "p(90)": 0,
            "p(95)": 0,
            "p(99)": 0.5133,
            "avg": 0.010793405842137976,
            "min": 0,
            "max": 1.5753
        },
        "iteration_duration": {
            "min": 1005.6708,
            "max": 1097.6845,
            "p(50)": 1010.6117,
            "p(75)": 1012.5344,
            "p(90)": 1014.93252,
            "p(95)": 1016.8046,
            "p(99)": 1019.6649199999999,
            "avg": 1011.2211969794896
        },
        "http_req_duration": {
            "p(99)": 10.218814000000004,
            "avg": 5.2604726413921785,
            "min": 1.2127,
            "max": 86.8555,
            "p(50)": 4.8863,
            "p(75)": 6.1513,
            "p(90)": 7.6897,
            "p(95)": 8.5623
        },
        "data_received": {
            "count": 5068350,
            "rate": 33566.73146516876
        },
        "http_req_failed": {
            "passes": 0,
            "fails": 16090,
            "thresholds": {
                "rate<0.05": false
            },
            "value": 0
        }
    },
    "root_group": {
        "name": "",
        "path": "",
        "id": "d41d8cd98f00b204e9800998ecf8427e",
        "groups": {},
        "checks": {
                "products list ok": {
                    "name": "products list ok",
                    "path": "::products list ok",
                    "id": "9510a9eed98727c4f6d467383c223a18",
                    "passes": 8045,
                    "fails": 0
                },
                "product ok": {
                    "name": "product ok",
                    "path": "::product ok",
                    "id": "716e252b0c1f95f7b69e330791590bce",
                    "passes": 8045,
                    "fails": 0
                }
            }
    }
}