{
    "metrics": {
        "http_req_sending": {
            "p(95)": 0.0846,
            "p(99)": 0.551204,
            "avg": 0.02679546666666666,
            "min": 0,
            "max": 1.7759,
            "p(50)": 0,
            "p(75)": 0,
            "p(90)": 0
        },
        "vus": {
            "max": 10,
            "value": 10,
            "min": 10
        },
        "http_req_duration{expected_response:true}": {
            "p(50)": 3.9917,
            "p(75)": 6.05955,
            "p(90)": 8.04,
            "p(95)": 8.981849999999998,
            "p(99)": 27.678,
            "avg": 5.183023666666672,
            "min": 1.2061,
            "max": 67.8107
        },
        "http_req_waiting": {
            "avg": 5.07018686666667,
            "min": 1.1673,
            "max": 67.2138,
            "p(50)": 3.8534,
            "p(75)": 5.743125,
            "p(90)": 7.881990000000009,
            "p(95)": 8.876145,
            "p(99)": 27.678
        },
        "http_reqs": {
            "count": 1500,
            "rate": 48.615152178114876
        },
        "vus_max": {
            "value": 10,
            "min": 10,
            "max": 10
        },
        "http_req_tls_handshaking": {
            "avg": 0,
            "min": 0,
            "max": 0,
            "p(50)": 0,
            "p(75)": 0,
            "p(90)": 0,
            "p(95)": 0,
            "p(99)": 0
        },
        "iteration_duration": {
            "max": 1162.0329,
            "p(50)": 1023.545,
            "p(75)": 1026.9862,
            "p(90)": 1029.8320700000002,
            "p(95)": 1037.11699,
            "p(99)": 1161.0271,
            "avg": 1028.4504103333331,
            "min": 1014.9998
        },
        "iterations": {
            "count": 300,
            "rate": 9.723030435622976
        },
        "http_req_duration": {
            "avg": 5.183023666666672,
            "min": 1.2061,
            "max": 67.8107,
            "p(50)": 3.9917,
            "p(75)": 6.05955,
            "p(90)": 8.04,
            "p(95)": 8.981849999999998,
            "p(99)": 27.678
        },
        "data_sent": {
            "count": 892200,
            "rate": 28916.292515542726
        },
        "http_req_failed": {
            "passes": 0,
            "fails": 1500,
            "thresholds": {
                "rate<0.02": false
            },
            "value": 0
        },
        "http_req_connecting": {
            "min": 0,
            "max": 0.9994,
            "p(50)": 0,
            "p(75)": 0,
            "p(90)": 0,
            "p(95)": 0,
            "p(99)": 0,
            "avg": 0.0033313333333333333
        },
        "http_req_blocked": {
            "p(90)": 0,
            "p(95)": 0,
            "p(99)": 0.5297929999999998,
            "avg": 0.0715074,
            "min": 0,
            "max": 10.1019,
            "p(50)": 0,
            "p(75)": 0
        },
        "http_req_receiving": {
            "min": 0,
            "max": 2.1444,
            "p(50)": 0,
            "p(75)": 0,
            "p(90)": 0.5063,
            "p(95)": 0.5244,
            "p(99)": 1.0437539999999998,
            "avg": 0.08604133333333341
        },
        "checks": {
            "passes": 1500,
            "fails": 0,
            "value": 1
        },
        "data_received": {
            "count": 600600,
            "rate": 19465.506932117194
        }
    },
    "root_group": {
        "path": "",
        "id": "d41d8cd98f00b204e9800998ecf8427e",
        "groups": {},
        "checks": {
                "login ok": {
                    "name": "login ok",
                    "path": "::login ok",
                    "id": "0ddcda49e3a8b9d6d2e015dafbaafe65",
                    "passes": 300,
                    "fails": 0
                },
                "cart add ok": {
                    "name": "cart add ok",
                    "path": "::cart add ok",
                    "id": "3476b21dcb095c2f01deccc20115d127",
                    "passes": 300,
                    "fails": 0
                },
                "cart get ok": {
                    "id": "9d960ca6baf25ee48d3f3c991473fca0",
                    "passes": 300,
                    "fails": 0,
                    "name": "cart get ok",
                    "path": "::cart get ok"
                },
                "cart update ok": {
                    "path": "::cart update ok",
                    "id": "07ee78e8bcccf32bc9963f8d3c17eecf",
                    "passes": 300,
                    "fails": 0,
                    "name": "cart update ok"
                },
                "cart remove ok": {
                    "fails": 0,
                    "name": "cart remove ok",
                    "path": "::cart remove ok",
                    "id": "31001ad0f6cf28a008d3b28f557b05a9",
                    "passes": 300
                }
            },
        "name": ""
    }
}