{
    "root_group": {
        "name": "",
        "path": "",
        "id": "d41d8cd98f00b204e9800998ecf8427e",
        "groups": {},
        "checks": {
                "products list ok": {
                    "name": "products list ok",
                    "path": "::products list ok",
                    "id": "9510a9eed98727c4f6d467383c223a18",
                    "passes": 600,
                    "fails": 0
                },
                "product ok": {
                    "passes": 600,
                    "fails": 0,
                    "name": "product ok",
                    "path": "::product ok",
                    "id": "716e252b0c1f95f7b69e330791590bce"
                }
            }
    },
    "metrics": {
        "http_req_receiving": {
            "p(75)": 0,
            "p(90)": 0.508,
            "p(95)": 0.540805,
            "p(99)": 1.0080449999999999,
            "avg": 0.08925049999999997,
            "min": 0,
            "max": 3.2177,
            "p(50)": 0
        },
        "http_req_failed": {
            "passes": 0,
            "fails": 1200,
            "thresholds": {
                "rate<0.01": false
            },
            "value": 0
        },
        "http_req_connecting": {
            "p(95)": 0,
            "p(99)": 1.768587,
            "avg": 0.02965316666666667,
            "min": 0,
            "max": 2.4313,
            "p(50)": 0,
            "p(75)": 0,
            "p(90)": 0
        },
        "http_req_sending": {
            "p(50)": 0,
            "p(75)": 0,
            "p(90)": 0,
            "p(95)": 0.48989499999999925,
            "p(99)": 1.016827,
            "avg": 0.045921999999999984,
            "min": 0,
            "max": 2.6211
        },
        "vus_max": {
            "value": 20,
            "min": 20,
            "max": 20
        },
        "http_req_tls_handshaking": {
            "min": 0,
            "max": 0,
            "p(50)": 0,
            "p(75)": 0,
            "p(90)": 0,
            "p(95)": 0,
            "p(99)": 0,
            "avg": 0
        },
        "http_req_blocked": {
            "p(90)": 0,
            "p(95)": 0,
            "p(99)": 8.746483999999999,
            "avg": 0.1589949166666667,
            "min": 0,
            "max": 9.3896,
            "p(50)": 0,
            "p(75)": 0
        },
        "data_received": {
            "count": 378000,
            "rate": 12378.918133904683
        },
        "iteration_duration": {
            "p(75)": 1017.76985,
            "p(90)": 1020.53,
            "p(95)": 1022.685555,
            "p(99)": 1070.8011549999999,
            "avg": 1017.6465778333337,
            "min": 1009.8946,
            "max": 1077.4622,
            "p(50)": 1015.63995
        },
        "http_req_waiting": {
            "p(90)": 10.5054,
            "p(95)": 12.1178,
            "p(99)": 32.300197999999995,
            "avg": 7.680817583333338,
            "min": 2.9067,
            "max": 42.2353,
            "p(50)": 6.54415,
            "p(75)": 8.957125
        },
        "http_reqs": {
            "rate": 39.298152806046616,
            "count": 1200
        },
        "vus": {
            "value": 20,
            "min": 20,
            "max": 20
        },
        "http_req_duration{expected_response:true}": {
            "p(95)": 12.44699499999999,
            "p(99)": 32.80014799999999,
            "avg": 7.8159900833333475,
            "min": 3.1636,
            "max": 42.6274,
            "p(50)": 6.7369,
            "p(75)": 9.131025000000001,
            "p(90)": 10.6407
        },
        "http_req_duration": {
            "p(50)": 6.7369,
            "p(75)": 9.131025000000001,
            "p(90)": 10.6407,
            "p(95)": 12.44699499999999,
            "p(99)": 32.80014799999999,
            "avg": 7.8159900833333475,
            "min": 3.1636,
            "max": 42.6274
        },
        "checks": {
            "fails": 0,
            "passes": 1200,
            "value": 1
        },
        "iterations": {
            "count": 600,
            "rate": 19.649076403023308
        },
        "data_sent": {
            "count": 109800,
            "rate": 3595.780981753265
        }
    }
}