{
    "root_group": {
        "path": "",
        "id": "d41d8cd98f00b204e9800998ecf8427e",
        "groups": {},
        "checks": {
                "products list ok": {
                    "name": "products list ok",
                    "path": "::products list ok",
                    "id": "9510a9eed98727c4f6d467383c223a18",
                    "passes": 8046,
                    "fails": 0
                },
                "product ok": {
                    "id": "716e252b0c1f95f7b69e330791590bce",
                    "passes": 8046,
                    "fails": 0,
                    "name": "product ok",
                    "path": "::product ok"
                }
            },
        "name": ""
    },
    "metrics": {
        "http_req_connecting": {
            "min": 0,
            "max": 2.1123,
            "p(50)": 0,
            "p(75)": 0,
            "p(90)": 0,
            "p(95)": 0,
            "p(99)": 0,
            "avg": 0.005712030822769078
        },
        "http_req_waiting": {
            "p(75)": 5.8634,
            "p(90)": 7.836739999999999,
            "p(95)": 8.9938,
            "p(99)": 11.3528,
            "avg": 4.976793046234134,
            "min": 1.1531,
            "max": 81.0922,
            "p(50)": 4.4212
        },
        "http_req_failed": {
            "passes": 0,
            "fails": 16092,
            "thresholds": {
                "rate<0.05": false
            },
            "value": 0
        },
        "vus": {
            "value": 4,
            "min": 1,
            "max": 100
        },
        "http_reqs": {
            "count": 16092,
            "rate": 106.5765081508249
        },
        "http_req_receiving": {
            "avg": 0.07558317176236612,
            "min": 0,
            "max": 6.4241,
            "p(50)": 0,
            "p(75)": 0,
            "p(90)": 0.5071,
            "p(95)": 0.5247,
            "p(99)": 0.613436
        },
        "data_received": {
            "count": 5068980,
            "rate": 33571.60006750985
        },
        "vus_max": {
            "min": 100,
            "max": 100,
            "value": 100
        },
        "http_req_blocked": {
            "p(99)": 0.5133630000000001,
            "avg": 0.012436515038528453,
            "min": 0,
            "max": 5.338,
            "p(50)": 0,
            "p(75)": 0,
            "p(90)": 0,
            "p(95)": 0
        },
        "http_req_tls_handshaking": {
            "p(95)": 0,
            "p(99)": 0,
            "avg": 0,
            "min": 0,
            "max": 0,
            "p(50)": 0,
            "p(75)": 0,
            "p(90)": 0
        },
        "http_req_duration{expected_response:true}": {
            "p(95)": 9.1392,
            "p(99)": 11.5217,
            "avg": 5.071467375093202,
            "min": 1.2638,
            "max": 81.0922,
            "p(50)": 4.5182,
            "p(75)": 5.9522,
            "p(90)": 7.9626899999999985
        },
        "iteration_duration": {
            "min": 1005.1611,
            "max": 1104.6377,
            "p(50)": 1010.4069,
            "p(75)": 1013.08825,
            "p(90)": 1015.7546,
            "p(95)": 1017.689175,
            "p(99)": 1024.0918,
            "avg": 1011.2401151503931
        },
        "http_req_sending": {
            "p(90)": 0,
            "p(95)": 0,
            "p(99)": 0.5360630000000002,
            "avg": 0.019091157096693994,
            "min": 0,
            "max": 12.8091,
            "p(50)": 0,
            "p(75)": 0
        },
        "iterations": {
            "count": 8046,
            "rate": 53.28825407541245
        },
        "checks": {
            "passes": 16092,
            "fails": 0,
            "value": 1
        },
        "http_req_duration": {
            "p(95)": 9.1392,
            "p(99)": 11.5217,
            "avg": 5.071467375093202,
            "min": 1.2638,
            "max": 81.0922,
            "p(50)": 4.5182,
            "p(75)": 5.9522,
            "p(90)": 7.9626899999999985
        },
        "data_sent": {
            "count": 1472418,
            "rate": 9751.75049580048
        }
    }
}