{
    "root_group": {
        "name": "",
        "path": "",
        "id": "d41d8cd98f00b204e9800998ecf8427e",
        "groups": {},
        "checks": {
                "products list ok": {
                    "name": "products list ok",
                    "path": "::products list ok",
                    "id": "9510a9eed98727c4f6d467383c223a18",
                    "passes": 600,
                    "fails": 0
                },
                "product ok": {
                    "name": "product ok",
                    "path": "::product ok",
                    "id": "716e252b0c1f95f7b69e330791590bce",
                    "passes": 600,
                    "fails": 0
                }
            }
    },
    "metrics": {
        "http_req_sending": {
            "p(99)": 0.9964099999999999,
            "avg": 0.03076341666666666,
            "min": 0,
            "max": 1.5247,
            "p(50)": 0,
            "p(75)": 0,
            "p(90)": 0,
            "p(95)": 0.08268999999999838
        },
        "http_req_waiting": {
            "max": 41.9057,
            "p(50)": 6.5949,
            "p(75)": 9.2776,
            "p(90)": 10.91276,
            "p(95)": 12.221959999999992,
            "p(99)": 34.6235,
            "avg": 7.847942583333344,
            "min": 3.2583
        },
        "iteration_duration": {
            "p(95)": 1033.94643,
            "p(99)": 1069.168846,
            "avg": 1019.5458683333349,
            "min": 1009.3632,
            "max": 1075.5567,
            "p(50)": 1016.78215,
            "p(75)": 1019.597775,
            "p(90)": 1025.1682
        },
        "http_req_tls_handshaking": {
            "p(95)": 0,
            "p(99)": 0,
            "avg": 0,
            "min": 0,
            "max": 0,
            "p(50)": 0,
            "p(75)": 0,
            "p(90)": 0
        },
        "checks": {
            "fails": 0,
            "passes": 1200,
            "value": 1
        },
        "http_req_receiving": {
            "p(50)": 0,
            "p(75)": 0,
            "p(90)": 0.50651,
            "p(95)": 0.517125,
            "p(99)": 0.8314929999999998,
            "avg": 0.08222091666666666,
            "min": 0,
            "max": 3.4652
        },
        "data_received": {
            "count": 378000,
            "rate": 12357.701274155173
        },
        "http_req_duration{expected_response:true}": {
            "min": 3.2583,
            "max": 41.9057,
            "p(50)": 6.66815,
            "p(75)": 9.377525,
            "p(90)": 10.9582,
            "p(95)": 12.531274999999999,
            "p(99)": 35.1314,
            "avg": 7.96092691666667
        },
        "http_req_blocked": {
            "p(50)": 0,
            "p(75)": 0,
            "p(90)": 0,
            "p(95)": 0,
            "p(99)": 11.6587,
            "avg": 0.20453566666666675,
            "min": 0,
            "max": 12.1955
        },
        "http_reqs": {
            "count": 1200,
            "rate": 39.230797695730715
        },
        "vus": {
            "value": 20,
            "min": 20,
            "max": 20
        },
        "http_req_failed": {
            "passes": 0,
            "fails": 1200,
            "thresholds": {
                "rate<0.01": false
            },
            "value": 0
        },
        "data_sent": {
            "rate": 3589.61798915936,
            "count": 109800
        },
        "http_req_duration": {
            "p(50)": 6.66815,
            "p(75)": 9.377525,
            "p(90)": 10.9582,
            "p(95)": 12.531274999999999,
            "p(99)": 35.1314,
            "avg": 7.96092691666667,
            "min": 3.2583,
            "max": 41.9057
        },
        "iterations": {
            "count": 600,
            "rate": 19.615398847865357
        },
        "http_req_connecting": {
            "p(99)": 0.5368,
            "avg": 0.013804666666666663,
            "min": 0,
            "max": 1.0756,
            "p(50)": 0,
            "p(75)": 0,
            "p(90)": 0,
            "p(95)": 0
        },
        "vus_max": {
            "min": 20,
            "max": 20,
            "value": 20
        }
    }
}