{
    "metrics": {
        "http_req_duration{expected_response:true}": {
            "p(95)": 11.3885,
            "p(99)": 13.9661,
            "avg": 6.545775791375866,
            "min": 1.5142,
            "max": 59.7529,
            "p(50)": 5.9858,
            "p(75)": 8.4289,
            "p(90)": 10.214170000000001
        },
        "vus": {
            "max": 100,
            "value": 22,
            "min": 1
        },
        "http_req_duration": {
            "p(99)": 13.9661,
            "avg": 6.545775791375866,
            "min": 1.5142,
            "max": 59.7529,
            "p(50)": 5.9858,
            "p(75)": 8.4289,
            "p(90)": 10.214170000000001,
            "p(95)": 11.3885
        },
        "vus_max": {
            "value": 100,
            "min": 100,
            "max": 100
        },
        "http_req_sending": {
            "p(50)": 0,
            "p(75)": 0,
            "p(90)": 0,
            "p(95)": 0,
            "p(99)": 0.5596010000000011,
            "avg": 0.02215613160518445,
            "min": 0,
            "max": 10.0084
        },
        "http_req_receiving": {
            "p(99)": 0.6556,
            "avg": 0.07453731929212357,
            "min": 0,
            "max": 2.8355,
            "p(50)": 0,
            "p(75)": 0,
            "p(90)": 0.5051,
            "p(95)": 0.5262
        },
        "http_req_failed": {
            "passes": 0,
            "fails": 16048,
            "thresholds": {
                "rate<0.05": false
            },
            "value": 0
        },
        "http_req_connecting": {
            "p(90)": 0,
            "p(95)": 0,
            "p(99)": 0,
            "avg": 0.005854991276171486,
            "min": 0,
            "max": 2.8947,
            "p(50)": 0,
            "p(75)": 0
        },
        "data_sent": {
            "count": 1468392,
            "rate": 9731.377847675365
        },
        "http_reqs": {
            "count": 16048,
            "rate": 106.35385625874717
        },
        "checks": {
            "passes": 16048,
            "fails": 0,
            "value": 1
        },
        "data_received": {
            "count": 5055120,
            "rate": 33501.464721505356
        },
        "iteration_duration": {
            "max": 1074.6435,
            "p(50)": 1013.4699,
            "p(75)": 1016.4284,
            "p(90)": 1019.95065,
            "p(95)": 1022.3494999999999,
            "p(99)": 1026.5473,
            "avg": 1014.0435510717792,
            "min": 1004.6962
        },
        "http_req_blocked": {
            "p(50)": 0,
            "p(75)": 0,
            "p(90)": 0,
            "p(95)": 0,
            "p(99)": 0.5141,
            "avg": 0.012543413509471593,
            "min": 0,
            "max": 5.92
        },
        "http_req_waiting": {
            "max": 59.1679,
            "p(50)": 5.8779,
            "p(75)": 8.3152,
            "p(90)": 10.0886,
            "p(95)": 11.257909999999997,
            "p(99)": 13.638031000000009,
            "avg": 6.4490823404785536,
            "min": 1.5142
        },
        "iterations": {
            "count": 8024,
            "rate": 53.176928129373586
        },
        "http_req_tls_handshaking": {
            "avg": 0,
            "min": 0,
            "max": 0,
            "p(50)": 0,
            "p(75)": 0,
            "p(90)": 0,
            "p(95)": 0,
            "p(99)": 0
        }
    },
    "root_group": {
        "name": "",
        "path": "",
        "id": "d41d8cd98f00b204e9800998ecf8427e",
        "groups": {},
        "checks": {
                "products list ok": {
                    "fails": 0,
                    "name": "products list ok",
                    "path": "::products list ok",
                    "id": "9510a9eed98727c4f6d467383c223a18",
                    "passes": 8024
                },
                "product ok": {
                    "fails": 0,
                    "name": "product ok",
                    "path": "::product ok",
                    "id": "716e252b0c1f95f7b69e330791590bce",
                    "passes": 8024
                }
            }
    }
}