{
    "root_group": {
        "name": "",
        "path": "",
        "id": "d41d8cd98f00b204e9800998ecf8427e",
        "groups": {},
        "checks": {
                "products list ok": {
                    "name": "products list ok",
                    "path": "::products list ok",
                    "id": "9510a9eed98727c4f6d467383c223a18",
                    "passes": 8023,
                    "fails": 0
                },
                "product ok": {
                    "name": "product ok",
                    "path": "::product ok",
                    "id": "716e252b0c1f95f7b69e330791590bce",
                    "passes": 8023,
                    "fails": 0
                }
            }
    },
    "metrics": {
        "data_received": {
            "rate": 33526.00179995686,
            "count": 5054490
        },
        "http_req_sending": {
            "p(95)": 0,
            "p(99)": 0.5507749999999997,
            "avg": 0.021562140097220465,
            "min": 0,
            "max": 4.9655,
            "p(50)": 0,
            "p(75)": 0,
            "p(90)": 0
        },
        "iteration_duration": {
            "avg": 1013.7107235448088,
            "min": 1004.874,
            "max": 1077.0621,
            "p(50)": 1013.2739,
            "p(75)": 1016.1459,
            "p(90)": 1019.21558,
            "p(95)": 1020.76416,
            "p(99)": 1025.673496
        },
        "http_reqs": {
            "count": 16046,
            "rate": 106.43175174589479
        },
        "http_req_failed": {
            "passes": 0,
            "fails": 16046,
            "thresholds": {
                "rate<0.05": false
            },
            "value": 0
        },
        "http_req_duration": {
            "p(99)": 13.703,
            "avg": 6.377786052598764,
            "min": 1.2701,
            "max": 70.2917,
            "p(50)": 5.7259,
            "p(75)": 8.2341,
            "p(90)": 10.022,
            "p(95)": 11.0459
        },
        "data_sent": {
            "rate": 9738.505284749373,
            "count": 1468209
        },
        "http_req_connecting": {
            "max": 3.3764,
            "p(50)": 0,
            "p(75)": 0,
            "p(90)": 0,
            "p(95)": 0,
            "p(99)": 0,
            "avg": 0.006184232830611991,
            "min": 0
        },
        "checks": {
            "passes": 16046,
            "fails": 0,
            "value": 1
        },
        "vus": {
            "value": 23,
            "min": 1,
            "max": 100
        },
        "http_req_waiting": {
            "p(75)": 8.145275,
            "p(90)": 9.87915,
            "p(95)": 10.89615,
            "p(99)": 13.63332,
            "avg": 6.282484351240178,
            "min": 1.2701,
            "max": 70.2917,
            "p(50)": 5.6362
        },
        "http_req_duration{expected_response:true}": {
            "min": 1.2701,
            "max": 70.2917,
            "p(50)": 5.7259,
            "p(75)": 8.2341,
            "p(90)": 10.022,
            "p(95)": 11.0459,
            "p(99)": 13.703,
            "avg": 6.377786052598764
        },
        "http_req_tls_handshaking": {
            "p(90)": 0,
            "p(95)": 0,
            "p(99)": 0,
            "avg": 0,
            "min": 0,
            "max": 0,
            "p(50)": 0,
            "p(75)": 0
        },
        "iterations": {
            "count": 8023,
            "rate": 53.21587587294739
        },
        "http_req_blocked": {
            "p(99)": 0.5205849999999995,
            "avg": 0.013799302006730647,
            "min": 0,
            "max": 3.8046,
            "p(50)": 0,
            "p(75)": 0,
            "p(90)": 0,
            "p(95)": 0
        },
        "http_req_receiving": {
            "p(99)": 0.6377749999999996,
            "avg": 0.07373956126137356,
            "min": 0,
            "max": 14.9363,
            "p(50)": 0,
            "p(75)": 0,
            "p(90)": 0.5045,
            "p(95)": 0.5231
        },
        "vus_max": {
            "value": 100,
            "min": 100,
            "max": 100
        }
    }
}