{
    "metrics": {
        "http_req_blocked": {
            "p(95)": 0,
            "p(99)": 0.515443,
            "avg": 0.07047226666666667,
            "min": 0,
            "max": 9.7716,
            "p(50)": 0,
            "p(75)": 0,
            "p(90)": 0
        },
        "http_req_receiving": {
            "avg": 0.07357306666666673,
            "min": 0,
            "max": 2.8414,
            "p(50)": 0,
            "p(75)": 0,
            "p(90)": 0.5052,
            "p(95)": 0.5365399999999999,
            "p(99)": 0.821251
        },
        "iterations": {
            "count": 300,
            "rate": 9.723513387757826
        },
        "iteration_duration": {
            "p(50)": 1023.9458999999999,
            "p(75)": 1028.3046,
            "p(90)": 1031.7144,
            "p(95)": 1036.54283,
            "p(99)": 1149.6024,
            "avg": 1028.3837123333326,
            "min": 1016.3841,
            "max": 1150.1192
        },
        "http_req_connecting": {
            "p(75)": 0,
            "p(90)": 0,
            "p(95)": 0,
            "p(99)": 0,
            "avg": 0.004543999999999999,
            "min": 0,
            "max": 0.6816,
            "p(50)": 0
        },
        "data_received": {
            "count": 600600,
            "rate": 19466.473802291166
        },
        "http_req_sending": {
            "min": 0,
            "max": 3.5337,
            "p(50)": 0,
            "p(75)": 0,
            "p(90)": 0,
            "p(95)": 0.1400349999999998,
            "p(99)": 0.6901879999999996,
            "avg": 0.03772640000000001
        },
        "vus": {
            "value": 10,
            "min": 10,
            "max": 10
        },
        "http_req_failed": {
            "passes": 0,
            "fails": 1500,
            "thresholds": {
                "rate<0.02": false
            },
            "value": 0
        },
        "http_req_duration{expected_response:true}": {
            "max": 59.5519,
            "p(50)": 4.039,
            "p(75)": 5.7408,
            "p(90)": 8.247710000000005,
            "p(95)": 9.7167,
            "p(99)": 25.0406,
            "avg": 5.123126866666668,
            "min": 1.0654
        },
        "http_req_tls_handshaking": {
            "p(50)": 0,
            "p(75)": 0,
            "p(90)": 0,
            "p(95)": 0,
            "p(99)": 0,
            "avg": 0,
            "min": 0,
            "max": 0
        },
        "data_sent": {
            "count": 892200,
            "rate": 28917.728815191775
        },
        "http_req_duration": {
            "p(99)": 25.0406,
            "avg": 5.123126866666668,
            "min": 1.0654,
            "max": 59.5519,
            "p(50)": 4.039,
            "p(75)": 5.7408,
            "p(90)": 8.247710000000005,
            "p(95)": 9.7167
        },
        "checks": {
            "passes": 1500,
            "fails": 0,
            "value": 1
        },
        "http_req_waiting": {
            "p(75)": 5.5711,
            "p(90)": 7.938210000000003,
            "p(95)": 9.348514999999997,
            "p(99)": 24.5365,
            "avg": 5.011827400000003,
            "min": 1.0654,
            "max": 58.4227,
            "p(50)": 3.9487
        },
        "vus_max": {
            "value": 10,
            "min": 10,
            "max": 10
        },
        "http_reqs": {
            "count": 1500,
            "rate": 48.61756693878913
        }
    },
    "root_group": {
        "groups": {},
        "checks": {
                "login ok": {
                    "name": "login ok",
                    "path": "::login ok",
                    "id": "0ddcda49e3a8b9d6d2e015dafbaafe65",
                    "passes": 300,
                    "fails": 0
                },
                "cart add ok": {
                    "name": "cart add ok",
                    "path": "::cart add ok",
                    "id": "3476b21dcb095c2f01deccc20115d127",
                    "passes": 300,
                    "fails": 0
                },
                "cart get ok": {
                    "name": "cart get ok",
                    "path": "::cart get ok",
                    "id": "9d960ca6baf25ee48d3f3c991473fca0",
                    "passes": 300,
                    "fails": 0
                },
                "cart update ok": {
                    "id": "07ee78e8bcccf32bc9963f8d3c17eecf",
                    "passes": 300,
                    "fails": 0,
                    "name": "cart update ok",
                    "path": "::cart update ok"
                },
                "cart remove ok": {
                    "name": "cart remove ok",
                    "path": "::cart remove ok",
                    "id": "31001ad0f6cf28a008d3b28f557b05a9",
                    "passes": 300,
                    "fails": 0
                }
            },
        "name": "",
        "path": "",
        "id": "d41d8cd98f00b204e9800998ecf8427e"
    }
}