{
    "root_group": {
        "groups": {},
        "checks": {
                "products list ok": {
                    "name": "products list ok",
                    "path": "::products list ok",
                    "id": "9510a9eed98727c4f6d467383c223a18",
                    "passes": 600,
                    "fails": 0
                },
                "product ok": {
                    "passes": 600,
                    "fails": 0,
                    "name": "product ok",
                    "path": "::product ok",
                    "id": "716e252b0c1f95f7b69e330791590bce"
                }
            },
        "name": "",
        "path": "",
        "id": "d41d8cd98f00b204e9800998ecf8427e"
    },
    "metrics": {
        "checks": {
            "fails": 0,
            "passes": 1200,
            "value": 1
        },
        "http_req_tls_handshaking": {
            "avg": 0,
            "min": 0,
            "max": 0,
            "p(50)": 0,
            "p(75)": 0,
            "p(90)": 0,
            "p(95)": 0,
            "p(99)": 0
        },
        "http_req_duration{expected_response:true}": {
            "p(90)": 11.157280000000005,
            "p(95)": 13.21473,
            "p(99)": 37.4347,
            "avg": 7.851064083333322,
            "min": 2.8945,
            "max": 58.4175,
            "p(50)": 6.36595,
            "p(75)": 9.32695
        },
        "vus": {
            "min": 20,
            "max": 20,
            "value": 20
        },
        "http_reqs": {
            "count": 1200,
            "rate": 39.28220671200663
        },
        "http_req_connecting": {
            "p(75)": 0,
            "p(90)": 0,
            "p(95)": 0,
            "p(99)": 1.054,
            "avg": 0.027245833333333334,
            "min": 0,
            "max": 3.0787,
            "p(50)": 0
        },
        "http_req_receiving": {
            "p(90)": 0.50612,
            "p(95)": 0.5264699999999999,
            "p(99)": 0.980422,
            "avg": 0.08456541666666666,
            "min": 0,
            "max": 3.268,
            "p(50)": 0,
            "p(75)": 0
        },
        "vus_max": {
            "value": 20,
            "min": 20,
            "max": 20
        },
        "data_sent": {
            "count": 109800,
            "rate": 3594.321914148606
        },
        "http_req_failed": {
            "passes": 0,
            "fails": 1200,
            "thresholds": {
                "rate<0.01": false
            },
            "value": 0
        },
        "iteration_duration": {
            "p(99)": 1072.3771,
            "avg": 1018.1339086666659,
            "min": 1010.6123,
            "max": 1073.4433,
            "p(50)": 1016.1209,
            "p(75)": 1018.25725,
            "p(90)": 1021.32884,
            "p(95)": 1024.09988
        },
        "iterations": {
            "count": 600,
            "rate": 19.641103356003313
        },
        "data_received": {
            "count": 378000,
            "rate": 12373.895114282088
        },
        "http_req_waiting": {
            "p(95)": 12.993104999999993,
            "p(99)": 36.371418,
            "avg": 7.713455666666658,
            "min": 2.8945,
            "max": 57.8204,
            "p(50)": 6.3227,
            "p(75)": 9.2104,
            "p(90)": 11.010840000000002
        },
        "http_req_blocked": {
            "p(95)": 0,
            "p(99)": 9.8421,
            "avg": 0.18823841666666663,
            "min": 0,
            "max": 12.3949,
            "p(50)": 0,
            "p(75)": 0,
            "p(90)": 0
        },
        "http_req_sending": {
            "p(50)": 0,
            "p(75)": 0,
            "p(90)": 0,
            "p(95)": 0.50732,
            "p(99)": 1.0130579999999998,
            "avg": 0.05304300000000003,
            "min": 0,
            "max": 4.8124
        },
        "http_req_duration": {
            "p(75)": 9.32695,
            "p(90)": 11.157280000000005,
            "p(95)": 13.21473,
            "p(99)": 37.4347,
            "avg": 7.851064083333322,
            "min": 2.8945,
            "max": 58.4175,
            "p(50)": 6.36595
        }
    }
}