{
    "metrics": {
        "http_req_waiting": {
            "p(99)": 62.932578,
            "avg": 8.698623916666678,
            "min": 2.6514,
            "max": 66.6462,
            "p(50)": 6.60765,
            "p(75)": 9.2599,
            "p(90)": 11.659170000000016,
            "p(95)": 21.099919999999994
        },
        "vus_max": {
            "value": 20,
            "min": 20,
            "max": 20
        },
        "http_req_sending": {
            "p(90)": 0,
            "p(95)": 0,
            "p(99)": 0.6647289999999982,
            "avg": 0.02713633333333333,
            "min": 0,
            "max": 3.0111,
            "p(50)": 0,
            "p(75)": 0
        },
        "http_req_receiving": {
            "p(95)": 0.5196249999999998,
            "p(99)": 0.9633559999999997,
            "avg": 0.07778499999999997,
            "min": 0,
            "max": 1.8414,
            "p(50)": 0,
            "p(75)": 0,
            "p(90)": 0.5059100000000001
        },
        "vus": {
            "value": 20,
            "min": 20,
            "max": 20
        },
        "checks": {
            "fails": 0,
            "passes": 1200,
            "value": 1
        },
        "iterations": {
            "count": 600,
            "rate": 19.59702052256494
        },
        "http_req_blocked": {
            "max": 10.9205,
            "p(50)": 0,
            "p(75)": 0,
            "p(90)": 0,
            "p(95)": 0,
            "p(99)": 5.978853999999997,
            "avg": 0.1331093333333333,
            "min": 0
        },
        "data_received": {
            "count": 378000,
            "rate": 12346.122929215911
        },
        "http_req_failed": {
            "passes": 0,
            "fails": 1200,
            "thresholds": {
                "rate<0.01": false
            },
            "value": 0
        },
        "http_reqs": {
            "count": 1200,
            "rate": 39.19404104512988
        },
        "http_req_tls_handshaking": {
            "p(90)": 0,
            "p(95)": 0,
            "p(99)": 0,
            "avg": 0,
            "min": 0,
            "max": 0,
            "p(50)": 0,
            "p(75)": 0
        },
        "iteration_duration": {
            "p(99)": 1099.386358,
            "avg": 1020.4398764999996,
            "min": 1008.8402,
            "max": 1101.4019,
            "p(50)": 1015.8312,
            "p(75)": 1018.35285,
            "p(90)": 1026.28475,
            "p(95)": 1058.3435
        },
        "http_req_duration{expected_response:true}": {
            "p(99)": 62.932578,
            "avg": 8.803545250000013,
            "min": 2.6514,
            "max": 66.6462,
            "p(50)": 6.7057,
            "p(75)": 9.348175,
            "p(90)": 11.790770000000002,
            "p(95)": 21.1991
        },
        "http_req_connecting": {
            "p(50)": 0,
            "p(75)": 0,
            "p(90)": 0,
            "p(95)": 0,
            "p(99)": 1.1071,
            "avg": 0.04112941666666667,
            "min": 0,
            "max": 5.3843
        },
        "http_req_duration": {
            "max": 66.6462,
            "p(50)": 6.7057,
            "p(75)": 9.348175,
            "p(90)": 11.790770000000002,
            "p(95)": 21.1991,
            "p(99)": 62.932578,
            "avg": 8.803545250000013,
            "min": 2.6514
        },
        "data_sent": {
            "count": 109800,
            "rate": 3586.2547556293835
        }
    },
    "root_group": {
        "name": "",
        "path": "",
        "id": "d41d8cd98f00b204e9800998ecf8427e",
        "groups": {},
        "checks": {
                "products list ok": {
                    "passes": 600,
                    "fails": 0,
                    "name": "products list ok",
                    "path": "::products list ok",
                    "id": "9510a9eed98727c4f6d467383c223a18"
                },
                "product ok": {
                    "name": "product ok",
                    "path": "::product ok",
                    "id": "716e252b0c1f95f7b69e330791590bce",
                    "passes": 600,
                    "fails": 0
                }
            }
    }
}