{
    "root_group": {
        "name": "",
        "path": "",
        "id": "d41d8cd98f00b204e9800998ecf8427e",
        "groups": {},
        "checks": {
                "products list ok": {
                    "path": "::products list ok",
                    "id": "9510a9eed98727c4f6d467383c223a18",
                    "passes": 8020,
                    "fails": 0,
                    "name": "products list ok"
                },
                "product ok": {
                    "name": "product ok",
                    "path": "::product ok",
                    "id": "716e252b0c1f95f7b69e330791590bce",
                    "passes": 8020,
                    "fails": 0
                }
            }
    },
    "metrics": {
        "http_req_sending": {
            "p(95)": 0,
            "p(99)": 0.5585610000000001,
            "avg": 0.022441053615960122,
            "min": 0,
            "max": 6.5119,
            "p(50)": 0,
            "p(75)": 0,
            "p(90)": 0
        },
        "data_received": {
            "count": 5052600,
            "rate": 33481.932519413436
        },
        "http_req_failed": {
            "passes": 0,
            "fails": 16040,
            "thresholds": {
                "rate<0.05": false
            },
            "value": 0
        },
        "http_reqs": {
            "count": 16040,
            "rate": 106.29184926797916
        },
        "http_req_connecting": {
            "p(90)": 0,
            "p(95)": 0,
            "p(99)": 0,
            "avg": 0.008502387780548628,
            "min": 0,
            "max": 4.5159,
            "p(50)": 0,
            "p(75)": 0
        },
        "http_req_tls_handshaking": {
            "p(90)": 0,
            "p(95)": 0,
            "p(99)": 0,
            "avg": 0,
            "min": 0,
            "max": 0,
            "p(50)": 0,
            "p(75)": 0
        },
        "checks": {
            "passes": 16040,
            "fails": 0,
            "value": 1
        },
        "http_req_blocked": {
            "p(99)": 0.5331610000000001,
            "avg": 0.01595769950124688,
            "min": 0,
            "max": 4.5159,
            "p(50)": 0,
            "p(75)": 0,
            "p(90)": 0,
            "p(95)": 0
        },
        "http_req_waiting": {
            "p(95)": 11.1253,
            "p(99)": 13.85329700000001,
            "avg": 6.494785461346645,
            "min": 1.1392,
            "max": 50.1445,
            "p(50)": 5.9028,
            "p(75)": 8.3183,
            "p(90)": 10.001000000000001
        },
        "http_req_duration": {
            "p(99)": 13.98598200000001,
            "avg": 6.5904169451371475,
            "min": 1.1392,
            "max": 50.1445,
            "p(50)": 6.017,
            "p(75)": 8.42365,
            "p(90)": 10.145380000000001,
            "p(95)": 11.22996
        },
        "vus": {
            "min": 1,
            "max": 100,
            "value": 22
        },
        "http_req_duration{expected_response:true}": {
            "p(75)": 8.42365,
            "p(90)": 10.145380000000001,
            "p(95)": 11.22996,
            "p(99)": 13.98598200000001,
            "avg": 6.5904169451371475,
            "min": 1.1392,
            "max": 50.1445,
            "p(50)": 6.017
        },
        "http_req_receiving": {
            "p(99)": 0.6487220000000001,
            "avg": 0.0731904301745637,
            "min": 0,
            "max": 8.4164,
            "p(50)": 0,
            "p(75)": 0,
            "p(90)": 0.5054,
            "p(95)": 0.5259
        },
        "iterations": {
            "count": 8020,
            "rate": 53.14592463398958
        },
        "vus_max": {
            "value": 100,
            "min": 100,
            "max": 100
        },
        "iteration_duration": {
            "p(90)": 1020.12272,
            "p(95)": 1022.736055,
            "p(99)": 1033.1277870000001,
            "avg": 1014.6683870448915,
            "min": 1004.8517,
            "max": 1107.1465,
            "p(50)": 1013.9636499999999,
            "p(75)": 1016.754625
        },
        "data_sent": {
            "count": 1467660,
            "rate": 9725.704208020094
        }
    }
}