{
    "root_group": {
        "name": "",
        "path": "",
        "id": "d41d8cd98f00b204e9800998ecf8427e",
        "groups": {},
        "checks": {
                "products list ok": {
                    "path": "::products list ok",
                    "id": "9510a9eed98727c4f6d467383c223a18",
                    "passes": 600,
                    "fails": 0,
                    "name": "products list ok"
                },
                "product ok": {
                    "id": "716e252b0c1f95f7b69e330791590bce",
                    "passes": 600,
                    "fails": 0,
                    "name": "product ok",
                    "path": "::product ok"
                }
            }
    },
    "metrics": {
        "http_req_duration": {
            "min": 3.0607,
            "max": 47.2607,
            "p(50)": 6.49145,
            "p(75)": 9.0717,
            "p(90)": 11.377710000000002,
            "p(95)": 12.961654999999997,
            "p(99)": 25.574266999999992,
            "avg": 7.61566708333333
        },
        "http_reqs": {
            "rate": 39.312030812140755,
            "count": 1200
        },
        "http_req_tls_handshaking": {
            "p(99)": 0,
            "avg": 0,
            "min": 0,
            "max": 0,
            "p(50)": 0,
            "p(75)": 0,
            "p(90)": 0,
            "p(95)": 0
        },
        "data_received": {
            "rate": 12383.289705824338,
            "count": 378000
        },
        "http_req_sending": {
            "avg": 0.05570991666666666,
            "min": 0,
            "max": 3.0136,
            "p(50)": 0,
            "p(75)": 0,
            "p(90)": 0,
            "p(95)": 0.51,
            "p(99)": 1.1900179999999985
        },
        "checks": {
            "passes": 1200,
            "fails": 0,
            "value": 1
        },
        "http_req_receiving": {
            "p(50)": 0,
            "p(75)": 0,
            "p(90)": 0.50551,
            "p(95)": 0.52485,
            "p(99)": 1.010233,
            "avg": 0.08644950000000001,
            "min": 0,
            "max": 4.597
        },
        "iteration_duration": {
            "avg": 1017.392358333334,
            "min": 1009.7115,
            "max": 1064.574,
            "p(50)": 1015.8184,
            "p(75)": 1018.249475,
            "p(90)": 1020.9021600000001,
            "p(95)": 1023.9206999999999,
            "p(99)": 1057.405913
        },
        "http_req_waiting": {
            "max": 45.9554,
            "p(50)": 6.3883,
            "p(75)": 8.9033,
            "p(90)": 11.18291,
            "p(95)": 12.906,
            "p(99)": 24.552190999999997,
            "avg": 7.473507666666663,
            "min": 2.7779
        },
        "http_req_duration{expected_response:true}": {
            "p(99)": 25.574266999999992,
            "avg": 7.61566708333333,
            "min": 3.0607,
            "max": 47.2607,
            "p(50)": 6.49145,
            "p(75)": 9.0717,
            "p(90)": 11.377710000000002,
            "p(95)": 12.961654999999997
        },
        "http_req_connecting": {
            "max": 2.9151,
            "p(50)": 0,
            "p(75)": 0,
            "p(90)": 0,
            "p(95)": 0,
            "p(99)": 1.0452349999999972,
            "avg": 0.03131816666666667,
            "min": 0
        },
        "iterations": {
            "count": 600,
            "rate": 19.656015406070377
        },
        "http_req_blocked": {
            "p(50)": 0,
            "p(75)": 0,
            "p(90)": 0,
            "p(95)": 0,
            "p(99)": 9.4081,
            "avg": 0.17367316666666668,
            "min": 0,
            "max": 10.4346
        },
        "data_sent": {
            "count": 109800,
            "rate": 3597.0508193108794
        },
        "vus_max": {
            "min": 20,
            "max": 20,
            "value": 20
        },
        "vus": {
            "value": 20,
            "min": 20,
            "max": 20
        },
        "http_req_failed": {
            "passes": 0,
            "fails": 1200,
            "thresholds": {
                "rate<0.01": false
            },
            "value": 0
        }
    }
}