{
    "metrics": {
        "http_reqs": {
            "count": 16038,
            "rate": 106.31831333636651
        },
        "http_req_sending": {
            "p(95)": 0,
            "p(99)": 0.5498519999999997,
            "avg": 0.01985884150143412,
            "min": 0,
            "max": 3.4562,
            "p(50)": 0,
            "p(75)": 0,
            "p(90)": 0
        },
        "http_req_duration": {
            "p(95)": 11.49948,
            "p(99)": 14.1382,
            "avg": 6.624880215737647,
            "min": 1.0946,
            "max": 49.9282,
            "p(50)": 6.0413,
            "p(75)": 8.4836,
            "p(90)": 10.375020000000001
        },
        "http_req_connecting": {
            "p(99)": 0,
            "avg": 0.006023487966080561,
            "min": 0,
            "max": 3.2193,
            "p(50)": 0,
            "p(75)": 0,
            "p(90)": 0,
            "p(95)": 0
        },
        "checks": {
            "passes": 16038,
            "fails": 0,
            "value": 1
        },
        "http_req_receiving": {
            "p(99)": 0.6405,
            "avg": 0.07488248534730037,
            "min": 0,
            "max": 5.2845,
            "p(50)": 0,
            "p(75)": 0,
            "p(90)": 0.5052,
            "p(95)": 0.526515
        },
        "vus": {
            "value": 22,
            "min": 1,
            "max": 100
        },
        "data_received": {
            "count": 5051970,
            "rate": 33490.26870095545
        },
        "iterations": {
            "count": 8019,
            "rate": 53.15915666818326
        },
        "http_req_tls_handshaking": {
            "p(90)": 0,
            "p(95)": 0,
            "p(99)": 0,
            "avg": 0,
            "min": 0,
            "max": 0,
            "p(50)": 0,
            "p(75)": 0
        },
        "http_req_failed": {
            "passes": 0,
            "fails": 16038,
            "thresholds": {
                "rate<0.05": false
            },
            "value": 0
        },
        "http_req_duration{expected_response:true}": {
            "p(99)": 14.1382,
            "avg": 6.624880215737647,
            "min": 1.0946,
            "max": 49.9282,
            "p(50)": 6.0413,
            "p(75)": 8.4836,
            "p(90)": 10.375020000000001,
            "p(95)": 11.49948
        },
        "vus_max": {
            "max": 100,
            "value": 100,
            "min": 100
        },
        "http_req_blocked": {
            "max": 3.2324,
            "p(50)": 0,
            "p(75)": 0,
            "p(90)": 0,
            "p(95)": 0,
            "p(99)": 0.5199,
            "avg": 0.013092018954981917,
            "min": 0
        },
        "data_sent": {
            "rate": 9728.125670277535,
            "count": 1467477
        },
        "http_req_waiting": {
            "min": 1.0946,
            "max": 48.9787,
            "p(50)": 5.940799999999999,
            "p(75)": 8.3513,
            "p(90)": 10.2357,
            "p(95)": 11.3941,
            "p(99)": 14.0081,
            "avg": 6.5301388888889145
        },
        "iteration_duration": {
            "p(75)": 1016.4375,
            "p(90)": 1020.3454800000001,
            "p(95)": 1022.57907,
            "p(99)": 1028.0313179999998,
            "avg": 1014.178758972436,
            "min": 1005.0593,
            "max": 1081.1515,
            "p(50)": 1013.481
        }
    },
    "root_group": {
        "path": "",
        "id": "d41d8cd98f00b204e9800998ecf8427e",
        "groups": {},
        "checks": {
                "products list ok": {
                    "passes": 8019,
                    "fails": 0,
                    "name": "products list ok",
                    "path": "::products list ok",
                    "id": "9510a9eed98727c4f6d467383c223a18"
                },
                "product ok": {
                    "passes": 8019,
                    "fails": 0,
                    "name": "product ok",
                    "path": "::product ok",
                    "id": "716e252b0c1f95f7b69e330791590bce"
                }
            },
        "name": ""
    }
}