{
    "root_group": {
        "path": "",
        "id": "d41d8cd98f00b204e9800998ecf8427e",
        "groups": {},
        "checks": {
                "products list ok": {
                    "passes": 600,
                    "fails": 0,
                    "name": "products list ok",
                    "path": "::products list ok",
                    "id": "9510a9eed98727c4f6d467383c223a18"
                },
                "product ok": {
                    "name": "product ok",
                    "path": "::product ok",
                    "id": "716e252b0c1f95f7b69e330791590bce",
                    "passes": 600,
                    "fails": 0
                }
            },
        "name": ""
    },
    "metrics": {
        "http_req_failed": {
            "passes": 0,
            "fails": 1200,
            "thresholds": {
                "rate<0.01": false
            },
            "value": 0
        },
        "vus_max": {
            "min": 20,
            "max": 20,
            "value": 20
        },
        "checks": {
            "passes": 1200,
            "fails": 0,
            "value": 1
        },
        "http_req_receiving": {
            "p(50)": 0,
            "p(75)": 0,
            "p(90)": 0.508,
            "p(95)": 0.5406299999999999,
            "p(99)": 1.012168,
            "avg": 0.09179799999999994,
            "min": 0,
            "max": 2.7896
        },
        "http_req_sending": {
            "p(90)": 0,
            "p(95)": 0.18730999999999953,
            "p(99)": 1.0228009999999992,
            "avg": 0.053736333333333344,
            "min": 0,
            "max": 5.82,
            "p(50)": 0,
            "p(75)": 0
        },
        "http_req_duration{expected_response:true}": {
            "p(90)": 11.476540000000004,
            "p(95)": 13.856354999999992,
            "p(99)": 33.5049,
            "avg": 7.940433333333337,
            "min": 2.5546,
            "max": 54.5092,
            "p(50)": 6.90775,
            "p(75)": 9.0897
        },
        "iteration_duration": {
            "p(95)": 1024.194235,
            "p(99)": 1065.0125,
            "avg": 1017.9009974999993,
            "min": 1008.9723,
            "max": 1068.8413,
            "p(50)": 1015.9331999999999,
            "p(75)": 1018.200525,
            "p(90)": 1021.29772
        },
        "iterations": {
            "count": 600,
            "rate": 19.644981268150204
        },
        "http_req_blocked": {
            "p(95)": 0,
            "p(99)": 7.8306,
            "avg": 0.15834425000000002,
            "min": 0,
            "max": 32.7114,
            "p(50)": 0,
            "p(75)": 0,
            "p(90)": 0
        },
        "http_req_connecting": {
            "avg": 0.028229833333333332,
            "min": 0,
            "max": 24.8808,
            "p(50)": 0,
            "p(75)": 0,
            "p(90)": 0,
            "p(95)": 0,
            "p(99)": 0.6271
        },
        "http_req_tls_handshaking": {
            "p(90)": 0,
            "p(95)": 0,
            "p(99)": 0,
            "avg": 0,
            "min": 0,
            "max": 0,
            "p(50)": 0,
            "p(75)": 0
        },
        "vus": {
            "value": 20,
            "min": 20,
            "max": 20
        },
        "http_req_duration": {
            "p(99)": 33.5049,
            "avg": 7.940433333333337,
            "min": 2.5546,
            "max": 54.5092,
            "p(50)": 6.90775,
            "p(75)": 9.0897,
            "p(90)": 11.476540000000004,
            "p(95)": 13.856354999999992
        },
        "http_reqs": {
            "count": 1200,
            "rate": 39.28996253630041
        },
        "data_sent": {
            "count": 109800,
            "rate": 3595.031572071487
        },
        "data_received": {
            "rate": 12376.338198934629,
            "count": 378000
        },
        "http_req_waiting": {
            "min": 2.5546,
            "max": 54.5092,
            "p(50)": 6.6929,
            "p(75)": 8.8855,
            "p(90)": 11.249800000000004,
            "p(95)": 13.853449999999995,
            "p(99)": 32.98515,
            "avg": 7.794899000000004
        }
    }
}