{
    "root_group": {
        "name": "",
        "path": "",
        "id": "d41d8cd98f00b204e9800998ecf8427e",
        "groups": {},
        "checks": {
                "products list ok": {
                    "name": "products list ok",
                    "path": "::products list ok",
                    "id": "9510a9eed98727c4f6d467383c223a18",
                    "passes": 8027,
                    "fails": 0
                },
                "product ok": {
                    "name": "product ok",
                    "path": "::product ok",
                    "id": "716e252b0c1f95f7b69e330791590bce",
                    "passes": 8027,
                    "fails": 0
                }
            }
    },
    "metrics": {
        "http_reqs": {
            "count": 16054,
            "rate": 106.31439713241345
        },
        "checks": {
            "fails": 0,
            "passes": 16054,
            "value": 1
        },
        "vus_max": {
            "value": 100,
            "min": 100,
            "max": 100
        },
        "http_req_waiting": {
            "p(90)": 10.03251,
            "p(95)": 11.1189,
            "p(99)": 13.7284,
            "avg": 6.436885013080881,
            "min": 1.1987,
            "max": 52.0859,
            "p(50)": 5.8984000000000005,
            "p(75)": 8.219825
        },
        "http_req_failed": {
            "passes": 0,
            "fails": 16054,
            "thresholds": {
                "rate<0.05": false
            },
            "value": 0
        },
        "http_req_connecting": {
            "avg": 0.005766525476516754,
            "min": 0,
            "max": 2.5674,
            "p(50)": 0,
            "p(75)": 0,
            "p(90)": 0,
            "p(95)": 0,
            "p(99)": 0
        },
        "http_req_sending": {
            "p(99)": 0.5593639999999992,
            "avg": 0.022286022175158855,
            "min": 0,
            "max": 6.3752,
            "p(50)": 0,
            "p(75)": 0,
            "p(90)": 0,
            "p(95)": 0
        },
        "http_req_duration{expected_response:true}": {
            "min": 1.5318,
            "max": 52.0859,
            "p(50)": 6.004,
            "p(75)": 8.348825,
            "p(90)": 10.15848,
            "p(95)": 11.223439999999997,
            "p(99)": 13.87144499999999,
            "avg": 6.531166618911186
        },
        "http_req_tls_handshaking": {
            "avg": 0,
            "min": 0,
            "max": 0,
            "p(50)": 0,
            "p(75)": 0,
            "p(90)": 0,
            "p(95)": 0,
            "p(99)": 0
        },
        "vus": {
            "value": 3,
            "min": 1,
            "max": 100
        },
        "http_req_duration": {
            "max": 52.0859,
            "p(50)": 6.004,
            "p(75)": 8.348825,
            "p(90)": 10.15848,
            "p(95)": 11.223439999999997,
            "p(99)": 13.87144499999999,
            "avg": 6.531166618911186,
            "min": 1.5318
        },
        "http_req_receiving": {
            "p(75)": 0,
            "p(90)": 0.5048,
            "p(95)": 0.5226,
            "p(99)": 0.6497409999999998,
            "avg": 0.07199558365516377,
            "min": 0,
            "max": 5.7984,
            "p(50)": 0
        },
        "iterations": {
            "count": 8027,
            "rate": 53.15719856620672
        },
        "iteration_duration": {
            "max": 1073.229,
            "p(50)": 1013.4975,
            "p(75)": 1016.3524,
            "p(90)": 1019.5845,
            "p(95)": 1021.42492,
            "p(99)": 1026.029516,
            "avg": 1014.0941685312063,
            "min": 1004.6605
        },
        "data_received": {
            "count": 5057010,
            "rate": 33489.035096710235
        },
        "http_req_blocked": {
            "min": 0,
            "max": 3.1446,
            "p(50)": 0,
            "p(75)": 0,
            "p(90)": 0,
            "p(95)": 0,
            "p(99)": 0.5168349999999996,
            "avg": 0.012809461816369754
        },
        "data_sent": {
            "count": 1468941,
            "rate": 9727.76733761583
        }
    }
}