{
    "metrics": {
        "http_req_tls_handshaking": {
            "p(99)": 0,
            "avg": 0,
            "min": 0,
            "max": 0,
            "p(50)": 0,
            "p(75)": 0,
            "p(90)": 0,
            "p(95)": 0
        },
        "http_req_sending": {
            "p(50)": 0,
            "p(75)": 0,
            "p(90)": 0,
            "p(95)": 0,
            "p(99)": 0.539831,
            "avg": 0.019834505289359046,
            "min": 0,
            "max": 12.649
        },
        "vus": {
            "value": 23,
            "min": 1,
            "max": 100
        },
        "http_req_waiting": {
            "p(75)": 6.1829,
            "p(90)": 8.18328,
            "p(95)": 9.244439999999999,
            "p(99)": 12.243550999999984,
            "avg": 5.193951082762914,
            "min": 1.5073,
            "max": 35.9455,
            "p(50)": 4.6517
        },
        "vus_max": {
            "min": 100,
            "max": 100,
            "value": 100
        },
        "iterations": {
            "count": 8035,
            "rate": 53.35213563077798
        },
        "http_reqs": {
            "count": 16070,
            "rate": 106.70427126155596
        },
        "data_received": {
            "count": 5062050,
            "rate": 33611.84544739012
        },
        "iteration_duration": {
            "avg": 1011.8669788176718,
            "min": 1005.2609,
            "max": 1047.0141,
            "p(50)": 1011.1892,
            "p(75)": 1013.7785,
            "p(90)": 1016.4603,
            "p(95)": 1019.05742,
            "p(99)": 1027.768574
        },
        "http_req_duration": {
            "p(90)": 8.2928,
            "p(95)": 9.3694,
            "p(99)": 12.305855999999995,
            "avg": 5.289507461107646,
            "min": 1.513,
            "max": 35.9455,
            "p(50)": 4.7443,
            "p(75)": 6.280875
        },
        "http_req_receiving": {
            "p(50)": 0,
            "p(75)": 0,
            "p(90)": 0.5069,
            "p(95)": 0.5271199999999997,
            "p(99)": 0.6194,
            "avg": 0.07572187305538278,
            "min": 0,
            "max": 2.9923
        },
        "http_req_blocked": {
            "avg": 0.012669583074051038,
            "min": 0,
            "max": 8.4939,
            "p(50)": 0,
            "p(75)": 0,
            "p(90)": 0,
            "p(95)": 0,
            "p(99)": 0.5124309999999999
        },
        "http_req_duration{expected_response:true}": {
            "max": 35.9455,
            "p(50)": 4.7443,
            "p(75)": 6.280875,
            "p(90)": 8.2928,
            "p(95)": 9.3694,
            "p(99)": 12.305855999999995,
            "avg": 5.289507461107646,
            "min": 1.513
        },
        "checks": {
            "passes": 16070,
            "fails": 0,
            "value": 1
        },
        "data_sent": {
            "count": 1470405,
            "rate": 9763.44082043237
        },
        "http_req_failed": {
            "passes": 0,
            "fails": 16070,
            "thresholds": {
                "rate<0.05": false
            },
            "value": 0
        },
        "http_req_connecting": {
            "p(95)": 0,
            "p(99)": 0,
            "avg": 0.006585208462974485,
            "min": 0,
            "max": 2.9279,
            "p(50)": 0,
            "p(75)": 0,
            "p(90)": 0
        }
    },
    "root_group": {
        "groups": {},
        "checks": {
                "products list ok": {
                    "name": "products list ok",
                    "path": "::products list ok",
                    "id": "9510a9eed98727c4f6d467383c223a18",
                    "passes": 8035,
                    "fails": 0
                },
                "product ok": {
                    "id": "716e252b0c1f95f7b69e330791590bce",
                    "passes": 8035,
                    "fails": 0,
                    "name": "product ok",
                    "path": "::product ok"
                }
            },
        "name": "",
        "path": "",
        "id": "d41d8cd98f00b204e9800998ecf8427e"
    }
}