{
    "metrics": {
        "http_req_receiving": {
            "p(99)": 1.2548989999999995,
            "avg": 0.08612808333333337,
            "min": 0,
            "max": 4.564,
            "p(50)": 0,
            "p(75)": 0,
            "p(90)": 0.5067100000000001,
            "p(95)": 0.5247
        },
        "http_reqs": {
            "count": 1200,
            "rate": 39.3406674609766
        },
        "http_req_waiting": {
            "p(95)": 11.596174999999999,
            "p(99)": 36.36300799999999,
            "avg": 7.434218,
            "min": 2.6815,
            "max": 59.56,
            "p(50)": 6.2941,
            "p(75)": 8.0754,
            "p(90)": 10.0703
        },
        "checks": {
            "passes": 1200,
            "fails": 0,
            "value": 1
        },
        "vus": {
            "max": 20,
            "value": 20,
            "min": 20
        },
        "http_req_sending": {
            "p(50)": 0,
            "p(75)": 0,
            "p(90)": 0,
            "p(95)": 0,
            "p(99)": 0.606923,
            "avg": 0.021558333333333336,
            "min": 0,
            "max": 2.0191
        },
        "iterations": {
            "count": 600,
            "rate": 19.6703337304883
        },
        "http_req_connecting": {
            "p(99)": 1.3124,
            "avg": 0.021873333333333335,
            "min": 0,
            "max": 1.3124,
            "p(50)": 0,
            "p(75)": 0,
            "p(90)": 0,
            "p(95)": 0
        },
        "http_req_tls_handshaking": {
            "max": 0,
            "p(50)": 0,
            "p(75)": 0,
            "p(90)": 0,
            "p(95)": 0,
            "p(99)": 0,
            "avg": 0,
            "min": 0
        },
        "vus_max": {
            "value": 20,
            "min": 20,
            "max": 20
        },
        "data_received": {
            "count": 378000,
            "rate": 12392.310250207627
        },
        "http_req_duration": {
            "min": 3.229,
            "max": 59.6103,
            "p(50)": 6.3485499999999995,
            "p(75)": 8.1816,
            "p(90)": 10.2582,
            "p(95)": 11.92128,
            "p(99)": 37.8686,
            "avg": 7.541904416666666
        },
        "http_req_blocked": {
            "p(50)": 0,
            "p(75)": 0,
            "p(90)": 0,
            "p(95)": 0,
            "p(99)": 11.8506,
            "avg": 0.20274124999999998,
            "min": 0,
            "max": 11.8506
        },
        "http_req_failed": {
            "passes": 0,
            "fails": 1200,
            "thresholds": {
                "rate<0.01": false
            },
            "value": 0
        },
        "http_req_duration{expected_response:true}": {
            "avg": 7.541904416666666,
            "min": 3.229,
            "max": 59.6103,
            "p(50)": 6.3485499999999995,
            "p(75)": 8.1816,
            "p(90)": 10.2582,
            "p(95)": 11.92128,
            "p(99)": 37.8686
        },
        "data_sent": {
            "count": 109800,
            "rate": 3599.6710726793585
        },
        "iteration_duration": {
            "p(99)": 1072.3303,
            "avg": 1016.5858675000007,
            "min": 1009.5341,
            "max": 1076.6956,
            "p(50)": 1014.41065,
            "p(75)": 1016.15345,
            "p(90)": 1017.9736,
            "p(95)": 1019.415795
        }
    },
    "root_group": {
        "groups": {},
        "checks": {
                "products list ok": {
                    "name": "products list ok",
                    "path": "::products list ok",
                    "id": "9510a9eed98727c4f6d467383c223a18",
                    "passes": 600,
                    "fails": 0
                },
                "product ok": {
                    "id": "716e252b0c1f95f7b69e330791590bce",
                    "passes": 600,
                    "fails": 0,
                    "name": "product ok",
                    "path": "::product ok"
                }
            },
        "name": "",
        "path": "",
        "id": "d41d8cd98f00b204e9800998ecf8427e"
    }
}