{
    "metrics": {
        "http_req_duration{expected_response:true}": {
            "p(50)": 4.7981,
            "p(75)": 6.39865,
            "p(90)": 7.99842,
            "p(95)": 8.863184999999996,
            "p(99)": 11.00635399999995,
            "avg": 5.305315286069618,
            "min": 1.5991,
            "max": 75.9818
        },
        "http_req_tls_handshaking": {
            "p(50)": 0,
            "p(75)": 0,
            "p(90)": 0,
            "p(95)": 0,
            "p(99)": 0,
            "avg": 0,
            "min": 0,
            "max": 0
        },
        "vus_max": {
            "min": 100,
            "max": 100,
            "value": 100
        },
        "data_received": {
            "rate": 33549.59786605641,
            "count": 5065200
        },
        "http_req_connecting": {
            "p(50)": 0,
            "p(75)": 0,
            "p(90)": 0,
            "p(95)": 0,
            "p(99)": 0,
            "avg": 0.006324751243781095,
            "min": 0,
            "max": 4.3261
        },
        "http_req_blocked": {
            "p(90)": 0,
            "p(95)": 0,
            "p(99)": 0.5136,
            "avg": 0.012393992537313435,
            "min": 0,
            "max": 5.3745,
            "p(50)": 0,
            "p(75)": 0
        },
        "iteration_duration": {
            "p(50)": 1010.9226000000001,
            "p(75)": 1013.3841,
            "p(90)": 1016.02171,
            "p(95)": 1017.9843,
            "p(99)": 1025.3722,
            "avg": 1011.6888148880585,
            "min": 1005.1204,
            "max": 1097.1177
        },
        "http_req_waiting": {
            "avg": 5.211583787313387,
            "min": 1.5139,
            "max": 75.9818,
            "p(50)": 4.7061,
            "p(75)": 6.2915,
            "p(90)": 7.883210000000001,
            "p(95)": 8.73395,
            "p(99)": 10.855371999999997
        },
        "http_req_receiving": {
            "avg": 0.07698848880597019,
            "min": 0,
            "max": 32.535,
            "p(50)": 0,
            "p(75)": 0,
            "p(90)": 0.5061,
            "p(95)": 0.527,
            "p(99)": 0.6197879999999976
        },
        "vus": {
            "min": 1,
            "max": 100,
            "value": 23
        },
        "data_sent": {
            "rate": 9745.359380140195,
            "count": 1471320
        },
        "http_req_duration": {
            "p(90)": 7.99842,
            "p(95)": 8.863184999999996,
            "p(99)": 11.00635399999995,
            "avg": 5.305315286069618,
            "min": 1.5991,
            "max": 75.9818,
            "p(50)": 4.7981,
            "p(75)": 6.39865
        },
        "http_req_failed": {
            "passes": 0,
            "fails": 16080,
            "thresholds": {
                "rate<0.05": false
            },
            "value": 0
        },
        "http_reqs": {
            "count": 16080,
            "rate": 106.50665989224255
        },
        "http_req_sending": {
            "p(90)": 0,
            "p(95)": 0,
            "p(99)": 0.5251259999999995,
            "avg": 0.016743009950248737,
            "min": 0,
            "max": 14.0149,
            "p(50)": 0,
            "p(75)": 0
        },
        "checks": {
            "passes": 16080,
            "fails": 0,
            "value": 1
        },
        "iterations": {
            "count": 8040,
            "rate": 53.253329946121276
        }
    },
    "root_group": {
        "name": "",
        "path": "",
        "id": "d41d8cd98f00b204e9800998ecf8427e",
        "groups": {},
        "checks": {
                "products list ok": {
                    "path": "::products list ok",
                    "id": "9510a9eed98727c4f6d467383c223a18",
                    "passes": 8040,
                    "fails": 0,
                    "name": "products list ok"
                },
                "product ok": {
                    "name": "product ok",
                    "path": "::product ok",
                    "id": "716e252b0c1f95f7b69e330791590bce",
                    "passes": 8040,
                    "fails": 0
                }
            }
    }
}