{
    "metrics": {
        "checks": {
            "passes": 16038,
            "fails": 0,
            "value": 1
        },
        "http_req_blocked": {
            "p(99)": 0.5161629999999999,
            "avg": 0.01318168100760694,
            "min": 0,
            "max": 5.7062,
            "p(50)": 0,
            "p(75)": 0,
            "p(90)": 0,
            "p(95)": 0
        },
        "iterations": {
            "count": 8019,
            "rate": 53.13860848518944
        },
        "vus_max": {
            "min": 100,
            "max": 100,
            "value": 100
        },
        "http_reqs": {
            "rate": 106.27721697037887,
            "count": 16038
        },
        "http_req_connecting": {
            "max": 2.1312,
            "p(50)": 0,
            "p(75)": 0,
            "p(90)": 0,
            "p(95)": 0,
            "p(99)": 0,
            "avg": 0.005651116099264251,
            "min": 0
        },
        "http_req_failed": {
            "passes": 0,
            "fails": 16038,
            "thresholds": {
                "rate<0.05": false
            },
            "value": 0
        },
        "vus": {
            "value": 22,
            "min": 1,
            "max": 100
        },
        "data_received": {
            "count": 5051970,
            "rate": 33477.32334566934
        },
        "data_sent": {
            "rate": 9724.365352789666,
            "count": 1467477
        },
        "http_req_sending": {
            "p(90)": 0,
            "p(95)": 0,
            "p(99)": 0.546163,
            "avg": 0.01964539842873178,
            "min": 0,
            "max": 3.2341,
            "p(50)": 0,
            "p(75)": 0
        },
        "http_req_tls_handshaking": {
            "p(75)": 0,
            "p(90)": 0,
            "p(95)": 0,
            "p(99)": 0,
            "avg": 0,
            "min": 0,
            "max": 0,
            "p(50)": 0
        },
        "http_req_duration": {
            "avg": 6.729967259009859,
            "min": 1.5464,
            "max": 45.3348,
            "p(50)": 6.2688,
            "p(75)": 8.6422,
            "p(90)": 10.426640000000003,
            "p(95)": 11.712645,
            "p(99)": 14.9578
        },
        "http_req_receiving": {
            "p(99)": 0.6318259999999999,
            "avg": 0.07370348547200388,
            "min": 0,
            "max": 5.2283,
            "p(50)": 0,
            "p(75)": 0,
            "p(90)": 0.5052300000000001,
            "p(95)": 0.5279
        },
        "iteration_duration": {
            "avg": 1014.4041071205868,
            "min": 1004.9502,
            "max": 1050.613,
            "p(50)": 1013.8411,
            "p(75)": 1017.0189,
            "p(90)": 1020.2051,
            "p(95)": 1022.42629,
            "p(99)": 1027.4912
        },
        "http_req_duration{expected_response:true}": {
            "p(95)": 11.712645,
            "p(99)": 14.9578,
            "avg": 6.729967259009859,
            "min": 1.5464,
            "max": 45.3348,
            "p(50)": 6.2688,
            "p(75)": 8.6422,
            "p(90)": 10.426640000000003
        },
        "http_req_waiting": {
            "avg": 6.636618375109121,
            "min": 1.5464,
            "max": 45.3348,
            "p(50)": 6.173,
            "p(75)": 8.5372,
            "p(90)": 10.3007,
            "p(95)": 11.5141,
            "p(99)": 14.786742999999987
        }
    },
    "root_group": {
        "path": "",
        "id": "d41d8cd98f00b204e9800998ecf8427e",
        "groups": {},
        "checks": {
                "products list ok": {
                    "fails": 0,
                    "name": "products list ok",
                    "path": "::products list ok",
                    "id": "9510a9eed98727c4f6d467383c223a18",
                    "passes": 8019
                },
                "product ok": {
                    "name": "product ok",
                    "path": "::product ok",
                    "id": "716e252b0c1f95f7b69e330791590bce",
                    "passes": 8019,
                    "fails": 0
                }
            },
        "name": ""
    }
}