{
    "metrics": {
        "vus": {
            "max": 20,
            "value": 20,
            "min": 20
        },
        "iterations": {
            "count": 600,
            "rate": 19.675091184374054
        },
        "http_req_tls_handshaking": {
            "p(99)": 0,
            "avg": 0,
            "min": 0,
            "max": 0,
            "p(50)": 0,
            "p(75)": 0,
            "p(90)": 0,
            "p(95)": 0
        },
        "data_received": {
            "count": 378000,
            "rate": 12395.307446155653
        },
        "vus_max": {
            "value": 20,
            "min": 20,
            "max": 20
        },
        "http_reqs": {
            "count": 1200,
            "rate": 39.35018236874811
        },
        "iteration_duration": {
            "p(75)": 1017.1971500000001,
            "p(90)": 1020.06174,
            "p(95)": 1022.6089,
            "p(99)": 1064.162884,
            "avg": 1016.3873094999988,
            "min": 1007.2027,
            "max": 1067.6615,
            "p(50)": 1014.4886
        },
        "http_req_waiting": {
            "p(99)": 31.167397999999995,
            "avg": 6.885094916666675,
            "min": 1.9515,
            "max": 39.3458,
            "p(50)": 5.7054,
            "p(75)": 7.8733,
            "p(90)": 10.043290000000008,
            "p(95)": 12.5032
        },
        "checks": {
            "passes": 1200,
            "fails": 0,
            "value": 1
        },
        "http_req_duration": {
            "p(95)": 12.5032,
            "p(99)": 31.7117,
            "avg": 7.021551416666674,
            "min": 1.9515,
            "max": 39.3458,
            "p(50)": 5.8428,
            "p(75)": 7.9559,
            "p(90)": 10.396560000000003
        },
        "http_req_sending": {
            "p(90)": 0,
            "p(95)": 0,
            "p(99)": 1,
            "avg": 0.03768316666666666,
            "min": 0,
            "max": 3.1474,
            "p(50)": 0,
            "p(75)": 0
        },
        "http_req_receiving": {
            "p(90)": 0.5073,
            "p(95)": 0.5313,
            "p(99)": 1.2109479999999992,
            "avg": 0.09877333333333327,
            "min": 0,
            "max": 4.2252,
            "p(50)": 0,
            "p(75)": 0
        },
        "http_req_failed": {
            "passes": 0,
            "fails": 1200,
            "thresholds": {
                "rate<0.01": false
            },
            "value": 0
        },
        "http_req_duration{expected_response:true}": {
            "p(95)": 12.5032,
            "p(99)": 31.7117,
            "avg": 7.021551416666674,
            "min": 1.9515,
            "max": 39.3458,
            "p(50)": 5.8428,
            "p(75)": 7.9559,
            "p(90)": 10.396560000000003
        },
        "http_req_connecting": {
            "p(50)": 0,
            "p(75)": 0,
            "p(90)": 0,
            "p(95)": 0,
            "p(99)": 0.5693,
            "avg": 0.011580833333333334,
            "min": 0,
            "max": 1.1661
        },
        "http_req_blocked": {
            "p(90)": 0,
            "p(95)": 0,
            "p(99)": 9.2298,
            "avg": 0.16548883333333334,
            "min": 0,
            "max": 9.8742,
            "p(50)": 0,
            "p(75)": 0
        },
        "data_sent": {
            "count": 109800,
            "rate": 3600.541686740452
        }
    },
    "root_group": {
        "checks": {
            "products list ok": {
                "name": "products list ok",
                "path": "::products list ok",
                "id": "9510a9eed98727c4f6d467383c223a18",
                "passes": 600,
                "fails": 0
            },
            "product ok": {
                "path": "::product ok",
                "id": "716e252b0c1f95f7b69e330791590bce",
                "passes": 600,
                "fails": 0,
                "name": "product ok"
            }
        },
        "name": "",
        "path": "",
        "id": "d41d8cd98f00b204e9800998ecf8427e",
        "groups": {}
    }
}