{
    "metrics": {
        "http_req_connecting": {
            "p(75)": 0,
            "p(90)": 0,
            "p(95)": 0,
            "p(99)": 0.5769,
            "avg": 0.01103,
            "min": 0,
            "max": 1.7218,
            "p(50)": 0
        },
        "http_req_waiting": {
            "p(99)": 35.9357,
            "avg": 7.966046166666671,
            "min": 2.8991,
            "max": 58.3683,
            "p(50)": 6.843,
            "p(75)": 9.2747,
            "p(90)": 10.983,
            "p(95)": 12.8777
        },
        "http_req_duration": {
            "p(90)": 11.23896,
            "p(95)": 13.02545,
            "p(99)": 36.9901,
            "avg": 8.140904500000001,
            "min": 2.8991,
            "max": 58.8786,
            "p(50)": 7.0388,
            "p(75)": 9.479849999999999
        },
        "http_req_receiving": {
            "max": 4.9445,
            "p(50)": 0,
            "p(75)": 0,
            "p(90)": 0.50946,
            "p(95)": 0.5492,
            "p(99)": 1.3910259999999994,
            "avg": 0.11293066666666665,
            "min": 0
        },
        "data_sent": {
            "count": 109800,
            "rate": 3590.8840170069634
        },
        "http_reqs": {
            "count": 1200,
            "rate": 39.24463406564987
        },
        "iteration_duration": {
            "avg": 1018.9687244999997,
            "min": 1009.6193,
            "max": 1077.2103,
            "p(50)": 1017.00455,
            "p(75)": 1019.091025,
            "p(90)": 1022.49742,
            "p(95)": 1024.754885,
            "p(99)": 1070.5243
        },
        "data_received": {
            "count": 378000,
            "rate": 12362.05973067971
        },
        "iterations": {
            "count": 600,
            "rate": 19.622317032824935
        },
        "http_req_blocked": {
            "avg": 0.183658,
            "min": 0,
            "max": 12.0684,
            "p(50)": 0,
            "p(75)": 0,
            "p(90)": 0,
            "p(95)": 0,
            "p(99)": 10.383805999999998
        },
        "http_req_tls_handshaking": {
            "max": 0,
            "p(50)": 0,
            "p(75)": 0,
            "p(90)": 0,
            "p(95)": 0,
            "p(99)": 0,
            "avg": 0,
            "min": 0
        },
        "checks": {
            "passes": 1200,
            "fails": 0,
            "value": 1
        },
        "http_req_sending": {
            "avg": 0.06192766666666664,
            "min": 0,
            "max": 5.0592,
            "p(50)": 0,
            "p(75)": 0,
            "p(90)": 0,
            "p(95)": 0.51,
            "p(99)": 1.0271339999999998
        },
        "http_req_failed": {
            "fails": 1200,
            "passes": 0,
            "thresholds": {
                "rate<0.01": false
            },
            "value": 0
        },
        "vus": {
            "value": 20,
            "min": 20,
            "max": 20
        },
        "vus_max": {
            "value": 20,
            "min": 20,
            "max": 20
        },
        "http_req_duration{expected_response:true}": {
            "p(75)": 9.479849999999999,
            "p(90)": 11.23896,
            "p(95)": 13.02545,
            "p(99)": 36.9901,
            "avg": 8.140904500000001,
            "min": 2.8991,
            "max": 58.8786,
            "p(50)": 7.0388
        }
    },
    "root_group": {
        "path": "",
        "id": "d41d8cd98f00b204e9800998ecf8427e",
        "groups": {},
        "checks": {
                "products list ok": {
                    "name": "products list ok",
                    "path": "::products list ok",
                    "id": "9510a9eed98727c4f6d467383c223a18",
                    "passes": 600,
                    "fails": 0
                },
                "product ok": {
                    "name": "product ok",
                    "path": "::product ok",
                    "id": "716e252b0c1f95f7b69e330791590bce",
                    "passes": 600,
                    "fails": 0
                }
            },
        "name": ""
    }
}