{
    "root_group": {
        "checks": {
            "products list ok": {
                "name": "products list ok",
                "path": "::products list ok",
                "id": "9510a9eed98727c4f6d467383c223a18",
                "passes": 8022,
                "fails": 0
            },
            "product ok": {
                "name": "product ok",
                "path": "::product ok",
                "id": "716e252b0c1f95f7b69e330791590bce",
                "passes": 8022,
                "fails": 0
            }
        },
        "name": "",
        "path": "",
        "id": "d41d8cd98f00b204e9800998ecf8427e",
        "groups": {}
    },
    "metrics": {
        "iterations": {
            "count": 8022,
            "rate": 53.146907461917166
        },
        "vus_max": {
            "min": 100,
            "max": 100,
            "value": 100
        },
        "http_req_receiving": {
            "p(99)": 0.6469,
            "avg": 0.07470410745450032,
            "min": 0,
            "max": 15.2641,
            "p(50)": 0,
            "p(75)": 0,
            "p(90)": 0.50487,
            "p(95)": 0.5275
        },
        "http_req_blocked": {
            "p(95)": 0,
            "p(99)": 0.5185839999999997,
            "avg": 0.01245197581650463,
            "min": 0,
            "max": 5.8053,
            "p(50)": 0,
            "p(75)": 0,
            "p(90)": 0
        },
        "data_sent": {
            "count": 1468026,
            "rate": 9725.884065530841
        },
        "http_req_failed": {
            "fails": 16044,
            "passes": 0,
            "thresholds": {
                "rate<0.05": false
            },
            "value": 0
        },
        "iteration_duration": {
            "p(50)": 1013.51495,
            "p(75)": 1016.8139000000001,
            "p(90)": 1020.4682,
            "p(95)": 1022.758155,
            "p(99)": 1028.176927,
            "avg": 1014.2267988531573,
            "min": 1004.602,
            "max": 1065.2794
        },
        "http_req_duration": {
            "p(90)": 10.4161,
            "p(95)": 11.7179,
            "p(99)": 14.296866999999997,
            "avg": 6.654902449513928,
            "min": 1.1472,
            "max": 60.5361,
            "p(50)": 6.1229499999999994,
            "p(75)": 8.5612
        },
        "data_received": {
            "count": 5053860,
            "rate": 33482.55170100781
        },
        "http_req_waiting": {
            "p(75)": 8.441099999999999,
            "p(90)": 10.329,
            "p(95)": 11.563,
            "p(99)": 14.015336,
            "avg": 6.56197444527554,
            "min": 1.1472,
            "max": 60.5361,
            "p(50)": 6.0387
        },
        "checks": {
            "passes": 16044,
            "fails": 0,
            "value": 1
        },
        "http_req_sending": {
            "p(95)": 0,
            "p(99)": 0.5412849999999999,
            "avg": 0.018223896783844472,
            "min": 0,
            "max": 5.0412,
            "p(50)": 0,
            "p(75)": 0,
            "p(90)": 0
        },
        "http_req_tls_handshaking": {
            "p(50)": 0,
            "p(75)": 0,
            "p(90)": 0,
            "p(95)": 0,
            "p(99)": 0,
            "avg": 0,
            "min": 0,
            "max": 0
        },
        "http_reqs": {
            "rate": 106.29381492383433,
            "count": 16044
        },
        "http_req_duration{expected_response:true}": {
            "p(75)": 8.5612,
            "p(90)": 10.4161,
            "p(95)": 11.7179,
            "p(99)": 14.296866999999997,
            "avg": 6.654902449513928,
            "min": 1.1472,
            "max": 60.5361,
            "p(50)": 6.1229499999999994
        },
        "http_req_connecting": {
            "p(95)": 0,
            "p(99)": 0,
            "avg": 0.006063525305410121,
            "min": 0,
            "max": 2.942,
            "p(50)": 0,
            "p(75)": 0,
            "p(90)": 0
        },
        "vus": {
            "value": 23,
            "min": 1,
            "max": 100
        }
    }
}