{
    "root_group": {
        "name": "",
        "path": "",
        "id": "d41d8cd98f00b204e9800998ecf8427e",
        "groups": {},
        "checks": {
                "products list ok": {
                    "name": "products list ok",
                    "path": "::products list ok",
                    "id": "9510a9eed98727c4f6d467383c223a18",
                    "passes": 600,
                    "fails": 0
                },
                "product ok": {
                    "fails": 0,
                    "name": "product ok",
                    "path": "::product ok",
                    "id": "716e252b0c1f95f7b69e330791590bce",
                    "passes": 600
                }
            }
    },
    "metrics": {
        "checks": {
            "passes": 1200,
            "fails": 0,
            "value": 1
        },
        "http_req_failed": {
            "passes": 0,
            "fails": 1200,
            "thresholds": {
                "rate<0.01": false
            },
            "value": 0
        },
        "data_received": {
            "count": 378000,
            "rate": 12365.460518275313
        },
        "http_req_duration{expected_response:true}": {
            "p(95)": 14.22703999999999,
            "p(99)": 30.95461399999999,
            "avg": 8.288863916666655,
            "min": 2.8722,
            "max": 53.314,
            "p(50)": 7.1242,
            "p(75)": 10.03505,
            "p(90)": 11.966920000000002
        },
        "http_req_receiving": {
            "min": 0,
            "max": 2.9704,
            "p(50)": 0,
            "p(75)": 0,
            "p(90)": 0.5074500000000001,
            "p(95)": 0.53743,
            "p(99)": 1.0076180000000001,
            "avg": 0.08802966666666662
        },
        "vus_max": {
            "value": 20,
            "min": 20,
            "max": 20
        },
        "iterations": {
            "count": 600,
            "rate": 19.627715108373515
        },
        "http_req_duration": {
            "min": 2.8722,
            "max": 53.314,
            "p(50)": 7.1242,
            "p(75)": 10.03505,
            "p(90)": 11.966920000000002,
            "p(95)": 14.22703999999999,
            "p(99)": 30.95461399999999,
            "avg": 8.288863916666655
        },
        "http_req_connecting": {
            "avg": 0.03344441666666666,
            "min": 0,
            "max": 4.4718,
            "p(50)": 0,
            "p(75)": 0,
            "p(90)": 0,
            "p(95)": 0,
            "p(99)": 1.2446
        },
        "http_req_blocked": {
            "p(90)": 0,
            "p(95)": 0,
            "p(99)": 5.0609,
            "avg": 0.10594400000000002,
            "min": 0,
            "max": 8.3266,
            "p(50)": 0,
            "p(75)": 0
        },
        "vus": {
            "max": 20,
            "value": 20,
            "min": 20
        },
        "http_req_tls_handshaking": {
            "min": 0,
            "max": 0,
            "p(50)": 0,
            "p(75)": 0,
            "p(90)": 0,
            "p(95)": 0,
            "p(99)": 0,
            "avg": 0
        },
        "http_req_sending": {
            "p(95)": 0.11618999999999946,
            "p(99)": 1.1694969999999978,
            "avg": 0.052090833333333336,
            "min": 0,
            "max": 5.3464,
            "p(50)": 0,
            "p(75)": 0,
            "p(90)": 0
        },
        "http_req_waiting": {
            "avg": 8.148743416666647,
            "min": 2.7507,
            "max": 53.314,
            "p(50)": 6.8855,
            "p(75)": 9.791725,
            "p(90)": 11.6618,
            "p(95)": 14.0467,
            "p(99)": 30.95351199999999
        },
        "iteration_duration": {
            "max": 1064.7709,
            "p(50)": 1017.1139,
            "p(75)": 1019.1865,
            "p(90)": 1022.30632,
            "p(95)": 1024.133395,
            "p(99)": 1059.9703929999998,
            "avg": 1018.7859966666673,
            "min": 1011.3465
        },
        "data_sent": {
            "count": 109800,
            "rate": 3591.871864832353
        },
        "http_reqs": {
            "count": 1200,
            "rate": 39.25543021674703
        }
    }
}